id_cliente;data_compra;valor;categoria
CLI00002;01/11/2024;154,83;Móveis
CLI00003;13/09/2023;510,54;Informática
CLI00003;10/02/2024;156,42;Eletro
CLI00003;11/03/2024;454,15;Informática
CLI00003;28/04/2025;299,74;Cama/Mesa/Banho
CLI00003;17/10/2025;189,5;Eletro
CLI00004;03/03/2024;1351,13;Informática
CLI00004;07/09/2025;2295,18;Móveis
CLI00005;18/10/2023;552,85;Cama/Mesa/Banho
CLI00013;27/06/2023;964,9;Eletro
CLI00013;07/05/2024;399,39;Móveis
CLI00013;17/07/2025;1509,8;Eletro
CLI00013;26/08/2025;2381,51;Cama/Mesa/Banho
CLI00013;18/11/2025;709,07;Informática
CLI00014;29/01/2025;223,57;Cama/Mesa/Banho
CLI00014;07/05/2025;1049,5;Móveis
CLI00014;30/11/2025;442,21;Informática
CLI00015;18/10/2024;1611,92;Cama/Mesa/Banho
CLI00015;08/04/2025;370,66;Informática
CLI00015;07/11/2025;308,25;Cama/Mesa/Banho
CLI00017;15/10/2024;453,97;Móveis
CLI00018;23/08/2024;411,9;Móveis
CLI00018;10/11/2024;848,34;Informática
CLI00018;01/08/2025;286,33;Cama/Mesa/Banho
CLI00020;13/04/2024;3237,55;Informática
CLI00021;26/01/2024;466,79;Cama/Mesa/Banho
CLI00021;21/07/2024;354,65;Informática
CLI00022;07/12/2024;348,69;Cama/Mesa/Banho
CLI00023;14/10/2024;1284,94;Móveis
CLI00026;13/07/2024;3332,89;Cama/Mesa/Banho
CLI00026;29/09/2025;754,61;Móveis
CLI00027;26/09/2023;355,99;Informática
CLI00027;23/03/2024;1490,24;Informática
CLI00027;19/04/2025;3002,32;Móveis
CLI00027;15/11/2025;321,38;Cama/Mesa/Banho
CLI00027;12/01/2026;720,05;Eletro
CLI00028;08/04/2025;4078,99;Eletro
CLI00029;26/03/2024;523,72;Cama/Mesa/Banho
CLI00029;21/08/2024;520,55;Informática
CLI00029;19/10/2024;640,23;Móveis
CLI00030;03/04/2024;654,93;Cama/Mesa/Banho
CLI00030;07/03/2025;1066,2;Informática
CLI00032;29/09/2023;967,16;Cama/Mesa/Banho
CLI00032;07/05/2024;747,78;Eletro
CLI00032;23/09/2025;761,53;Eletro
CLI00032;27/11/2025;877,59;Informática
CLI00034;09/10/2023;900,61;Eletro
CLI00034;01/12/2023;558,5;Eletro
CLI00034;27/02/2026;1941,42;Móveis
CLI00035;19/07/2024;572,1;Informática
CLI00036;25/08/2024;183,8;Informática
CLI00037;05/12/2023;971,31;Eletro
CLI00037;23/12/2024;717,44;Informática
CLI00037;06/11/2025;613,6;Eletro
CLI00039;07/09/2023;2017,85;Eletro
CLI00040;14/01/2025;862,36;Cama/Mesa/Banho
CLI00040;30/01/2026;435,89;Móveis
CLI00041;17/12/2023;399,04;Informática
CLI00041;15/02/2024;992,59;Informática
CLI00041;20/02/2024;130,69;Informática
CLI00041;12/08/2024;1291,75;Móveis
CLI00041;26/03/2025;1689,36;Informática
CLI00041;05/05/2025;3558,18;Móveis
CLI00041;23/10/2025;5073,37;Eletro
CLI00042;31/10/2023;843,07;Móveis
CLI00042;29/03/2024;471,67;Móveis
CLI00042;18/08/2024;629,77;Informática
CLI00042;15/01/2025;285,49;Informática
CLI00042;06/04/2025;953,8;Cama/Mesa/Banho
CLI00042;19/11/2025;410,72;Informática
CLI00043;17/04/2024;441,98;Informática
CLI00043;06/06/2024;730,72;Cama/Mesa/Banho
CLI00043;29/09/2025;559,61;Móveis
CLI00047;01/09/2023;1106,27;Informática
CLI00047;26/05/2024;1097,85;Móveis
CLI00048;12/12/2025;931,25;Informática
CLI00051;05/12/2023;223,71;Cama/Mesa/Banho
CLI00051;15/09/2024;335,67;Móveis
CLI00051;17/03/2025;288,34;Eletro
CLI00052;04/03/2024;1831,11;Eletro
CLI00052;17/03/2025;504,05;Informática
CLI00052;26/05/2025;1329,02;Informática
CLI00052;18/08/2025;3259,42;Móveis
CLI00055;28/04/2023;278,57;Cama/Mesa/Banho
CLI00055;29/05/2024;1036,59;Móveis
CLI00055;22/07/2025;526,13;Informática
CLI00056;18/10/2023;544,1;Informática
CLI00057;08/01/2023;1710,12;Cama/Mesa/Banho
CLI00057;24/09/2023;499,03;Cama/Mesa/Banho
CLI00057;10/01/2025;547,11;Móveis
CLI00060;20/09/2023;1334,92;Móveis
CLI00061;05/12/2023;2758,89;Móveis
CLI00066;14/09/2024;1224,3;Eletro
CLI00066;18/04/2025;2376,03;Informática
CLI00068;07/07/2023;1181,15;Eletro
CLI00069;01/11/2024;445,48;Móveis
CLI00069;18/03/2025;869,88;Informática
CLI00071;31/03/2024;409,43;Móveis
CLI00071;06/06/2025;502,32;Informática
CLI00072;01/09/2025;2240,53;Móveis
CLI00075;23/07/2023;1097,36;Informática
CLI00076;15/11/2024;719,34;Eletro
CLI00076;08/07/2025;597,34;Móveis
CLI00076;17/07/2025;691,46;Cama/Mesa/Banho
CLI00076;24/10/2025;443,54;Informática
CLI00079;29/12/2023;1367,86;Eletro
CLI00079;15/01/2026;1878,35;Móveis
CLI00084;03/05/2023;1521,62;Cama/Mesa/Banho
CLI00084;23/05/2023;554,56;Cama/Mesa/Banho
CLI00084;22/10/2023;1118,79;Eletro
CLI00084;29/02/2024;440,47;Informática
CLI00084;29/09/2025;300,89;Eletro
CLI00085;15/03/2024;117,41;Cama/Mesa/Banho
CLI00085;30/04/2024;904,21;Eletro
CLI00085;22/02/2025;1076,81;Móveis
CLI00085;24/09/2025;3537,86;Cama/Mesa/Banho
CLI00085;07/11/2025;1136,71;Cama/Mesa/Banho
CLI00085;27/02/2026;694,57;Móveis
CLI00086;25/02/2025;1331,5;Informática
CLI00088;01/04/2023;728,78;Móveis
CLI00088;01/06/2024;1406,12;Móveis
CLI00088;15/11/2024;513,2;Informática
CLI00088;13/07/2025;658,76;Cama/Mesa/Banho
CLI00090;03/09/2023;1347,06;Móveis
CLI00090;05/06/2024;255,0;Informática
CLI00090;18/05/2025;967,8;Eletro
CLI00092;18/08/2023;3663,08;Cama/Mesa/Banho
CLI00092;03/04/2024;459,47;Informática
CLI00092;02/12/2024;1421,94;Eletro
CLI00092;16/07/2025;883,98;Cama/Mesa/Banho
CLI00094;26/11/2023;441,91;Informática
CLI00094;16/12/2024;1104,12;Móveis
CLI00094;11/09/2025;361,32;Cama/Mesa/Banho
CLI00094;06/10/2025;701,55;Móveis
CLI00095;17/06/2023;1466,09;Cama/Mesa/Banho
CLI00095;27/01/2024;1747,98;Móveis
CLI00095;28/03/2024;1462,59;Móveis
CLI00095;07/09/2025;267,35;Cama/Mesa/Banho
CLI00095;20/10/2025;1290,68;Informática
CLI00098;17/12/2023;1463,36;Móveis
CLI00098;04/04/2024;1730,02;Móveis
CLI00098;19/04/2024;846,08;Informática
CLI00098;15/04/2025;233,58;Informática
CLI00098;24/08/2025;718,09;Eletro
CLI00098;03/10/2025;223,94;Cama/Mesa/Banho
CLI00099;21/09/2022;978,08;Móveis
CLI00099;30/06/2025;1037,13;Móveis
CLI00100;17/02/2024;143,29;Informática
CLI00100;20/08/2025;3873,11;Informática
CLI00101;06/02/2025;863,52;Informática
CLI00103;24/10/2023;689,75;Cama/Mesa/Banho
CLI00103;07/01/2024;480,54;Cama/Mesa/Banho
CLI00103;21/02/2024;624,98;Cama/Mesa/Banho
CLI00103;10/10/2024;3010,93;Eletro
CLI00103;09/08/2025;900,29;Informática
CLI00104;20/08/2023;153,61;Móveis
CLI00106;11/01/2025;947,71;Cama/Mesa/Banho
CLI00111;15/07/2023;888,67;Cama/Mesa/Banho
CLI00111;09/11/2024;414,37;Informática
CLI00111;21/11/2024;447,26;Informática
CLI00111;21/11/2025;322,57;Informática
CLI00113;15/06/2023;2371,49;Eletro
CLI00114;15/09/2025;1412,74;Eletro
CLI00115;01/03/2024;1141,32;Informática
CLI00115;03/05/2024;803,87;Cama/Mesa/Banho
CLI00115;25/06/2024;536,85;Eletro
CLI00115;06/12/2024;801,14;Cama/Mesa/Banho
CLI00115;03/04/2025;505,99;Móveis
CLI00115;21/02/2026;384,19;Eletro
CLI00117;05/09/2024;691,17;Móveis
CLI00117;17/01/2026;880,8;Cama/Mesa/Banho
CLI00119;11/03/2023;1472,24;Eletro
CLI00119;28/12/2023;501,63;Cama/Mesa/Banho
CLI00119;17/06/2024;485,85;Eletro
CLI00119;15/09/2025;476,44;Informática
CLI00120;12/12/2022;790,85;Eletro
CLI00120;03/02/2024;693,31;Cama/Mesa/Banho
CLI00121;16/04/2024;555,31;Cama/Mesa/Banho
CLI00121;22/02/2026;567,88;Eletro
CLI00122;15/05/2023;341,64;Informática
CLI00122;17/12/2023;350,5;Informática
CLI00122;21/03/2025;969,18;Eletro
CLI00122;22/06/2025;232,65;Móveis
CLI00122;10/09/2025;1778,02;Eletro
CLI00122;12/02/2026;997,69;Cama/Mesa/Banho
CLI00126;24/04/2025;810,84;Eletro
CLI00127;30/04/2024;1219,88;Eletro
CLI00127;12/08/2024;1443,21;Móveis
CLI00127;13/03/2026;548,41;Eletro
CLI00128;24/11/2023;608,28;Cama/Mesa/Banho
CLI00128;26/08/2025;176,15;Cama/Mesa/Banho
CLI00128;18/09/2025;610,5;Eletro
CLI00130;14/04/2024;605,67;Cama/Mesa/Banho
CLI00130;02/05/2025;792,89;Cama/Mesa/Banho
CLI00130;07/07/2025;710,57;Cama/Mesa/Banho
CLI00132;03/04/2024;404,33;Eletro
CLI00132;27/11/2025;1272,34;Móveis
CLI00134;04/05/2024;261,46;Eletro
CLI00134;10/07/2024;1755,13;Informática
CLI00134;22/08/2024;627,83;Eletro
CLI00134;05/10/2024;1543,83;Cama/Mesa/Banho
CLI00134;07/11/2024;645,47;Cama/Mesa/Banho
CLI00134;20/05/2025;697,35;Eletro
CLI00134;20/07/2025;380,14;Informática
CLI00137;03/12/2024;1953,41;Eletro
CLI00137;09/03/2025;1452,59;Informática
CLI00140;18/10/2023;3316,31;Eletro
CLI00140;17/11/2023;808,77;Informática
CLI00140;28/07/2024;733,86;Cama/Mesa/Banho
CLI00140;02/09/2024;986,73;Cama/Mesa/Banho
CLI00140;22/09/2024;1421,0;Móveis
CLI00141;27/08/2023;638,05;Cama/Mesa/Banho
CLI00141;05/10/2024;1150,42;Eletro
CLI00141;08/05/2025;1465,14;Informática
CLI00142;11/02/2024;599,75;Eletro
CLI00142;26/09/2024;4140,87;Informática
CLI00143;28/01/2025;518,22;Informática
CLI00143;31/01/2025;283,36;Móveis
CLI00144;24/12/2023;262,83;Eletro
CLI00144;04/03/2025;819,18;Eletro
CLI00145;12/08/2023;664,16;Eletro
CLI00148;05/01/2025;1939,0;Informática
CLI00148;18/02/2025;2228,53;Móveis
CLI00148;17/04/2025;3010,86;Eletro
CLI00149;22/11/2022;1191,48;Cama/Mesa/Banho
CLI00149;18/10/2024;851,86;Informática
CLI00149;11/05/2025;318,4;Móveis
CLI00149;04/11/2025;268,21;Cama/Mesa/Banho
CLI00149;18/02/2026;893,82;Móveis
CLI00152;16/10/2024;496,69;Eletro
CLI00153;16/05/2025;144,56;Cama/Mesa/Banho
CLI00153;18/06/2025;1356,92;Cama/Mesa/Banho
CLI00155;25/11/2023;696,65;Eletro
CLI00155;23/12/2024;293,19;Móveis
CLI00156;30/07/2023;578,21;Eletro
CLI00156;29/08/2023;507,02;Móveis
CLI00156;25/04/2024;5901,35;Cama/Mesa/Banho
CLI00156;20/08/2024;480,11;Eletro
CLI00156;11/11/2024;125,09;Informática
CLI00156;02/02/2025;408,47;Móveis
CLI00156;22/08/2025;635,48;Móveis
CLI00156;11/03/2026;483,59;Informática
CLI00157;01/09/2023;270,58;Móveis
CLI00159;19/04/2024;473,88;Cama/Mesa/Banho
CLI00159;15/10/2024;511,6;Informática
CLI00159;18/01/2025;268,54;Móveis
CLI00159;11/04/2025;804,53;Móveis
CLI00160;22/02/2024;1061,04;Informática
CLI00160;15/12/2025;1272,17;Eletro
CLI00162;30/09/2023;784,32;Eletro
CLI00162;27/01/2024;360,46;Cama/Mesa/Banho
CLI00162;07/04/2024;868,84;Cama/Mesa/Banho
CLI00163;01/09/2023;790,85;Informática
CLI00163;24/04/2025;937,88;Cama/Mesa/Banho
CLI00164;07/03/2023;484,8;Cama/Mesa/Banho
CLI00164;23/09/2023;390,22;Móveis
CLI00164;04/08/2024;95,36;Eletro
CLI00164;31/08/2024;1160,29;Móveis
CLI00164;17/10/2024;220,76;Cama/Mesa/Banho
CLI00164;25/12/2024;462,41;Cama/Mesa/Banho
CLI00164;12/07/2025;74,46;Cama/Mesa/Banho
CLI00165;10/05/2025;503,59;Móveis
CLI00166;19/03/2025;1459,6;Informática
CLI00168;20/11/2024;561,95;Informática
CLI00168;06/11/2025;1186,67;Informática
CLI00171;09/05/2024;795,28;Informática
CLI00171;22/07/2025;1708,83;Cama/Mesa/Banho
CLI00172;17/10/2023;2828,16;Informática
CLI00173;20/04/2024;1057,62;Cama/Mesa/Banho
CLI00173;01/06/2024;542,44;Informática
CLI00173;06/08/2025;674,27;Cama/Mesa/Banho
CLI00175;01/03/2024;787,62;Informática
CLI00175;10/04/2025;223,85;Eletro
CLI00176;13/10/2025;1916,75;Móveis
CLI00179;16/02/2024;548,16;Cama/Mesa/Banho
CLI00181;09/02/2026;872,51;Móveis
CLI00183;26/05/2024;577,08;Móveis
CLI00183;14/08/2025;235,14;Informática
CLI00183;16/12/2025;502,93;Cama/Mesa/Banho
CLI00184;11/08/2023;302,05;Móveis
CLI00184;29/08/2023;215,17;Informática
CLI00184;03/02/2024;474,71;Móveis
CLI00184;07/04/2024;504,13;Eletro
CLI00184;04/05/2024;152,24;Eletro
CLI00184;10/07/2024;195,62;Eletro
CLI00184;20/08/2024;467,72;Cama/Mesa/Banho
CLI00184;17/09/2024;1154,12;Cama/Mesa/Banho
CLI00184;08/03/2025;212,89;Cama/Mesa/Banho
CLI00184;16/03/2025;323,21;Eletro
CLI00184;20/11/2025;1348,87;Cama/Mesa/Banho
CLI00184;31/01/2026;590,91;Eletro
CLI00186;22/04/2024;367,27;Móveis
CLI00186;10/06/2024;163,83;Móveis
CLI00186;23/12/2024;1336,3;Informática
CLI00187;09/09/2023;475,26;Eletro
CLI00187;26/06/2025;1436,89;Eletro
CLI00187;25/11/2025;288,47;Cama/Mesa/Banho
CLI00189;10/10/2024;409,35;Móveis
CLI00189;30/11/2024;685,96;Informática
CLI00190;18/12/2023;1737,27;Móveis
CLI00190;08/11/2024;560,47;Cama/Mesa/Banho
CLI00190;18/09/2025;763,65;Cama/Mesa/Banho
CLI00193;02/04/2024;799,2;Informática
CLI00194;14/02/2024;829,45;Cama/Mesa/Banho
CLI00194;14/09/2024;847,01;Eletro
CLI00194;27/12/2024;627,98;Informática
CLI00196;07/01/2024;264,67;Cama/Mesa/Banho
CLI00196;29/07/2024;664,56;Cama/Mesa/Banho
CLI00200;19/07/2024;1658,55;Eletro
CLI00200;02/08/2024;638,22;Móveis
CLI00200;28/03/2025;379,84;Eletro
CLI00203;20/10/2023;255,49;Eletro
CLI00204;14/07/2024;1285,7;Cama/Mesa/Banho
CLI00204;24/12/2024;367,49;Cama/Mesa/Banho
CLI00205;11/11/2022;579,05;Eletro
CLI00205;15/01/2023;1372,2;Eletro
CLI00205;05/03/2023;477,31;Móveis
CLI00205;14/02/2024;894,96;Eletro
CLI00205;01/03/2024;1149,41;Cama/Mesa/Banho
CLI00205;12/03/2024;341,5;Móveis
CLI00205;31/03/2024;735,04;Informática
CLI00205;11/09/2024;493,46;Cama/Mesa/Banho
CLI00205;01/11/2024;655,24;Eletro
CLI00205;09/02/2025;1729,45;Móveis
CLI00207;24/06/2024;1168,15;Móveis
CLI00207;15/12/2024;1008,1;Móveis
CLI00207;22/11/2025;1210,4;Informática
CLI00207;28/11/2025;1084,06;Cama/Mesa/Banho
CLI00208;11/07/2024;591,59;Cama/Mesa/Banho
CLI00209;10/07/2024;527,63;Cama/Mesa/Banho
CLI00211;14/11/2024;528,18;Móveis
CLI00211;29/01/2025;1518,93;Eletro
CLI00212;08/01/2025;228,66;Informática
CLI00212;30/05/2025;1172,06;Cama/Mesa/Banho
CLI00214;02/12/2023;558,33;Eletro
CLI00214;25/11/2024;985,8;Informática
CLI00214;08/06/2025;713,94;Móveis
CLI00214;19/08/2025;1312,38;Cama/Mesa/Banho
CLI00214;27/09/2025;632,24;Eletro
CLI00216;06/01/2024;1880,28;Eletro
CLI00216;13/02/2024;409,55;Eletro
CLI00216;23/01/2026;3097,12;Informática
CLI00217;23/08/2024;651,47;Eletro
CLI00217;06/08/2025;1052,64;Móveis
CLI00221;14/12/2023;736,48;Eletro
CLI00221;06/06/2025;334,12;Móveis
CLI00221;19/08/2025;920,47;Cama/Mesa/Banho
CLI00222;06/07/2024;1109,63;Móveis
CLI00222;12/04/2025;713,37;Informática
CLI00222;06/03/2026;1592,59;Informática
CLI00223;16/10/2024;573,8;Cama/Mesa/Banho
CLI00223;23/02/2025;1582,72;Informática
CLI00223;15/07/2025;384,28;Móveis
CLI00225;12/06/2025;1020,96;Informática
CLI00226;23/10/2023;1531,91;Eletro
CLI00226;13/12/2025;1145,84;Eletro
CLI00227;04/06/2024;486,97;Informática
CLI00228;15/01/2025;990,24;Eletro
CLI00228;29/08/2025;185,17;Informática
CLI00229;15/01/2023;497,11;Móveis
CLI00230;05/05/2024;363,16;Eletro
CLI00230;26/08/2024;1269,31;Eletro
CLI00230;27/12/2024;687,28;Informática
CLI00230;21/03/2025;653,79;Informática
CLI00231;07/09/2023;984,12;Cama/Mesa/Banho
CLI00231;22/09/2023;636,28;Eletro
CLI00231;10/03/2024;773,38;Informática
CLI00231;09/09/2024;2022,16;Cama/Mesa/Banho
CLI00231;17/08/2025;310,56;Informática
CLI00231;14/12/2025;1566,29;Informática
CLI00231;27/12/2025;565,98;Móveis
CLI00232;22/04/2023;172,1;Eletro
CLI00232;27/11/2023;1914,24;Móveis
CLI00232;17/04/2024;692,62;Eletro
CLI00232;09/12/2024;1209,35;Cama/Mesa/Banho
CLI00232;14/02/2025;568,48;Eletro
CLI00232;25/06/2025;2118,6;Móveis
CLI00234;11/02/2025;599,98;Móveis
CLI00235;20/02/2025;1398,93;Cama/Mesa/Banho
CLI00235;25/01/2026;724,95;Móveis
CLI00236;02/01/2024;1882,54;Móveis
CLI00236;05/09/2024;675,96;Cama/Mesa/Banho
CLI00236;16/09/2024;633,94;Informática
CLI00236;09/10/2024;808,97;Informática
CLI00236;24/01/2025;1585,32;Eletro
CLI00236;25/07/2025;1233,37;Móveis
CLI00236;23/12/2025;815,2;Informática
CLI00238;14/02/2025;938,36;Móveis
CLI00239;21/11/2025;689,51;Eletro
CLI00241;21/09/2023;830,28;Informática
CLI00241;04/12/2025;957,46;Informática
CLI00241;09/03/2026;1423,73;Informática
CLI00248;29/01/2024;941,5;Eletro
CLI00249;14/09/2023;350,89;Cama/Mesa/Banho
CLI00249;25/12/2023;968,9;Eletro
CLI00250;15/09/2023;2045,32;Informática
CLI00250;12/09/2024;1250,52;Eletro
CLI00250;14/11/2025;728,61;Cama/Mesa/Banho
CLI00250;13/12/2025;1104,94;Informática
CLI00255;26/10/2024;807,04;Cama/Mesa/Banho
CLI00256;20/01/2024;949,25;Eletro
CLI00256;22/02/2024;233,26;Informática
CLI00256;29/04/2025;647,46;Eletro
CLI00258;29/03/2024;463,56;Informática
CLI00258;21/11/2024;421,47;Móveis
CLI00258;21/07/2025;1069,66;Cama/Mesa/Banho
CLI00258;13/09/2025;1423,6;Informática
CLI00258;24/09/2025;1757,49;Móveis
CLI00259;26/11/2023;781,36;Eletro
CLI00259;03/07/2024;373,36;Eletro
CLI00259;03/02/2025;748,29;Eletro
CLI00261;24/04/2025;1155,43;Eletro
CLI00261;17/08/2025;209,19;Cama/Mesa/Banho
CLI00261;05/09/2025;2102,73;Móveis
CLI00262;23/01/2024;174,93;Informática
CLI00264;16/08/2023;478,54;Cama/Mesa/Banho
CLI00264;15/10/2023;997,45;Informática
CLI00264;12/11/2023;301,72;Informática
CLI00264;31/05/2024;220,97;Eletro
CLI00264;11/11/2024;2089,14;Eletro
CLI00264;13/05/2025;1611,85;Móveis
CLI00266;07/07/2023;373,08;Móveis
CLI00266;24/10/2023;298,13;Cama/Mesa/Banho
CLI00266;03/05/2024;879,11;Informática
CLI00266;20/06/2024;2688,75;Eletro
CLI00266;08/12/2024;267,15;Cama/Mesa/Banho
CLI00272;08/08/2023;450,87;Móveis
CLI00272;23/09/2024;1004,0;Móveis
CLI00272;16/11/2024;755,9;Móveis
CLI00272;13/08/2025;914,31;Eletro
CLI00274;08/06/2025;298,58;Eletro
CLI00274;12/07/2025;303,97;Cama/Mesa/Banho
CLI00276;15/12/2023;2026,8;Eletro
CLI00276;30/12/2023;967,16;Informática
CLI00276;24/06/2024;1020,72;Móveis
CLI00276;29/06/2024;674,15;Eletro
CLI00276;08/08/2024;553,09;Informática
CLI00276;13/11/2024;409,1;Móveis
CLI00276;12/02/2025;270,88;Móveis
CLI00277;13/06/2024;126,25;Informática
CLI00277;27/08/2024;248,47;Informática
CLI00277;05/02/2026;363,94;Móveis
CLI00279;20/02/2023;434,65;Cama/Mesa/Banho
CLI00281;29/12/2023;755,87;Eletro
CLI00281;21/08/2024;1197,23;Informática
CLI00281;10/06/2025;358,52;Móveis
CLI00284;16/12/2023;268,4;Informática
CLI00284;26/03/2024;839,86;Eletro
CLI00286;17/04/2024;926,94;Cama/Mesa/Banho
CLI00286;28/05/2024;359,3;Móveis
CLI00286;23/06/2024;2077,86;Móveis
CLI00286;12/08/2024;375,11;Informática
CLI00286;03/10/2024;1092,41;Móveis
CLI00286;01/12/2025;348,03;Informática
CLI00286;05/12/2025;499,08;Cama/Mesa/Banho
CLI00286;14/12/2025;761,98;Móveis
CLI00287;01/06/2023;1199,44;Informática
CLI00287;19/02/2024;531,34;Informática
CLI00291;05/12/2023;536,04;Informática
CLI00291;02/06/2024;600,71;Cama/Mesa/Banho
CLI00291;12/03/2026;835,07;Móveis
CLI00292;03/12/2023;254,44;Cama/Mesa/Banho
CLI00293;15/10/2023;431,35;Eletro
CLI00295;17/02/2024;1196,27;Cama/Mesa/Banho
CLI00295;08/12/2025;967,97;Informática
CLI00296;22/11/2022;496,18;Informática
CLI00296;05/08/2023;318,91;Cama/Mesa/Banho
CLI00296;07/03/2024;452,13;Cama/Mesa/Banho
CLI00296;05/11/2024;391,44;Cama/Mesa/Banho
CLI00296;13/11/2024;3032,52;Móveis
CLI00297;07/05/2025;2426,56;Móveis
CLI00297;12/06/2025;474,2;Eletro
CLI00297;29/07/2025;664,27;Informática
CLI00300;24/08/2023;760,23;Informática
CLI00300;24/08/2025;761,57;Cama/Mesa/Banho
CLI00302;31/05/2023;920,58;Informática
CLI00302;17/08/2023;631,27;Informática
CLI00302;05/09/2024;770,48;Informática
CLI00304;13/03/2024;225,58;Eletro
CLI00304;13/05/2025;1633,0;Informática
CLI00306;19/01/2026;197,85;Informática
CLI00307;26/07/2025;647,4;Informática
CLI00307;04/02/2026;836,02;Móveis
CLI00308;08/06/2023;1737,67;Informática
CLI00308;02/12/2023;938,32;Cama/Mesa/Banho
CLI00308;26/04/2024;255,12;Informática
CLI00308;09/05/2024;812,19;Informática
CLI00308;03/04/2025;960,02;Móveis
CLI00308;16/04/2025;267,49;Informática
CLI00310;03/10/2023;2423,21;Informática
CLI00310;03/03/2024;398,3;Móveis
CLI00310;07/10/2024;1423,73;Informática
CLI00310;05/06/2025;556,69;Informática
CLI00311;23/12/2024;955,56;Cama/Mesa/Banho
CLI00311;05/04/2025;521,57;Móveis
CLI00318;23/05/2025;974,96;Cama/Mesa/Banho
CLI00318;24/08/2025;2011,33;Móveis
CLI00320;18/10/2023;653,47;Eletro
CLI00321;28/03/2025;1080,73;Informática
CLI00321;11/05/2025;1509,95;Eletro
CLI00321;05/08/2025;2351,97;Eletro
CLI00322;01/09/2023;955,5;Móveis
CLI00322;19/02/2024;603,18;Cama/Mesa/Banho
CLI00322;08/05/2025;820,32;Eletro
CLI00322;23/08/2025;1542,54;Móveis
CLI00323;25/04/2023;3221,96;Móveis
CLI00323;13/06/2023;1153,38;Cama/Mesa/Banho
CLI00324;04/04/2025;883,96;Informática
CLI00324;07/10/2025;1067,3;Eletro
CLI00325;08/03/2023;754,45;Móveis
CLI00329;05/10/2023;565,7;Informática
CLI00331;14/10/2023;674,0;Informática
CLI00331;08/09/2024;4006,59;Informática
CLI00331;17/11/2024;1126,18;Informática
CLI00331;29/03/2025;948,84;Eletro
CLI00332;06/08/2023;633,68;Eletro
CLI00332;22/01/2024;399,65;Eletro
CLI00332;04/05/2025;522,64;Eletro
CLI00333;28/07/2023;1455,67;Eletro
CLI00333;09/06/2024;495,64;Móveis
CLI00333;24/09/2024;929,23;Eletro
CLI00333;30/06/2025;187,99;Móveis
CLI00333;25/07/2025;755,32;Informática
CLI00333;20/10/2025;1001,52;Móveis
CLI00333;08/12/2025;1519,74;Móveis
CLI00333;06/01/2026;1226,25;Cama/Mesa/Banho
CLI00334;18/06/2024;284,0;Informática
CLI00334;01/07/2025;613,34;Eletro
CLI00336;27/06/2025;254,27;Cama/Mesa/Banho
CLI00338;21/01/2024;362,36;Eletro
CLI00338;15/02/2024;2142,16;Eletro
CLI00338;23/09/2024;472,84;Eletro
CLI00338;06/01/2025;384,35;Informática
CLI00338;19/02/2025;1219,25;Móveis
CLI00338;27/02/2025;210,43;Móveis
CLI00338;13/03/2025;292,22;Eletro
CLI00338;05/10/2025;3421,64;Cama/Mesa/Banho
CLI00339;11/02/2024;705,73;Eletro
CLI00339;29/06/2024;861,18;Cama/Mesa/Banho
CLI00339;02/09/2024;989,59;Cama/Mesa/Banho
CLI00339;09/05/2025;2260,49;Móveis
CLI00339;10/03/2026;636,56;Eletro
CLI00343;23/08/2024;1250,87;Móveis
CLI00343;24/08/2024;557,16;Cama/Mesa/Banho
CLI00344;12/02/2025;422,03;Eletro
CLI00347;06/10/2023;310,72;Cama/Mesa/Banho
CLI00347;12/10/2023;945,87;Informática
CLI00347;04/11/2023;666,11;Eletro
CLI00347;14/03/2024;713,63;Informática
CLI00351;24/10/2023;1177,13;Cama/Mesa/Banho
CLI00351;04/12/2023;1074,6;Informática
CLI00351;12/02/2025;481,28;Móveis
CLI00356;16/03/2024;1363,56;Eletro
CLI00356;27/04/2024;865,23;Eletro
CLI00356;05/05/2024;256,5;Eletro
CLI00356;23/07/2025;1442,14;Cama/Mesa/Banho
CLI00356;09/11/2025;649,23;Móveis
CLI00357;21/09/2024;314,32;Eletro
CLI00357;25/12/2025;571,77;Cama/Mesa/Banho
CLI00358;13/03/2024;359,7;Informática
CLI00358;21/08/2024;902,51;Cama/Mesa/Banho
CLI00358;15/10/2024;468,58;Móveis
CLI00358;06/02/2026;1907,26;Informática
CLI00360;26/03/2024;549,2;Informática
CLI00360;16/04/2024;812,08;Cama/Mesa/Banho
CLI00360;11/05/2024;738,62;Eletro
CLI00360;06/09/2024;622,58;Cama/Mesa/Banho
CLI00360;13/07/2025;593,25;Cama/Mesa/Banho
CLI00362;28/09/2023;500,06;Eletro
CLI00364;20/07/2025;739,61;Informática
CLI00365;28/09/2024;1095,64;Móveis
CLI00365;30/10/2025;1163,98;Cama/Mesa/Banho
CLI00365;07/12/2025;1814,91;Móveis
CLI00365;19/01/2026;524,88;Cama/Mesa/Banho
CLI00366;18/11/2023;282,47;Cama/Mesa/Banho
CLI00369;10/04/2024;828,59;Cama/Mesa/Banho
CLI00369;05/08/2025;5308,52;Eletro
CLI00369;28/09/2025;1320,19;Informática
CLI00369;19/11/2025;2144,38;Informática
CLI00370;18/07/2023;1747,8;Móveis
CLI00370;04/10/2024;1189,14;Informática
CLI00370;19/06/2025;417,92;Eletro
CLI00370;25/02/2026;574,11;Informática
CLI00372;02/07/2024;884,04;Informática
CLI00373;08/12/2023;5991,92;Cama/Mesa/Banho
CLI00373;18/03/2024;910,45;Eletro
CLI00373;28/09/2024;236,92;Móveis
CLI00373;25/08/2025;187,32;Móveis
CLI00376;02/03/2024;1487,55;Móveis
CLI00376;19/07/2024;925,47;Eletro
CLI00377;25/05/2024;968,11;Informática
CLI00377;15/06/2024;2502,57;Móveis
CLI00377;16/02/2026;939,53;Informática
CLI00379;14/10/2023;456,75;Eletro
CLI00379;28/06/2024;778,55;Móveis
CLI00379;18/12/2025;1673,29;Eletro
CLI00380;22/01/2026;1800,74;Móveis
CLI00381;20/06/2023;97,79;Cama/Mesa/Banho
CLI00381;25/02/2025;1467,69;Eletro
CLI00381;07/11/2025;2388,44;Cama/Mesa/Banho
CLI00383;21/10/2023;638,43;Eletro
CLI00383;20/12/2024;874,38;Informática
CLI00383;03/01/2025;1232,39;Cama/Mesa/Banho
CLI00383;08/07/2025;1425,03;Cama/Mesa/Banho
CLI00383;07/11/2025;754,25;Cama/Mesa/Banho
CLI00384;07/01/2024;248,01;Eletro
CLI00384;20/11/2024;344,92;Móveis
CLI00384;23/01/2025;1102,11;Móveis
CLI00388;01/06/2024;629,59;Eletro
CLI00388;01/12/2025;1031,89;Móveis
CLI00388;05/03/2026;435,86;Eletro
CLI00392;06/02/2025;518,08;Informática
CLI00392;09/05/2025;316,59;Informática
CLI00392;08/06/2025;3590,02;Cama/Mesa/Banho
CLI00393;08/06/2023;536,16;Eletro
CLI00393;27/08/2024;1165,76;Móveis
CLI00393;22/03/2025;894,08;Móveis
CLI00393;22/11/2025;391,87;Cama/Mesa/Banho
CLI00395;17/12/2023;808,72;Cama/Mesa/Banho
CLI00395;17/06/2024;548,34;Eletro
CLI00395;12/12/2024;568,17;Cama/Mesa/Banho
CLI00395;04/11/2025;1180,21;Eletro
CLI00400;17/09/2023;1011,12;Móveis
CLI00400;07/10/2023;197,78;Móveis
CLI00402;25/10/2023;362,87;Informática
CLI00402;04/07/2024;629,25;Móveis
CLI00402;25/01/2025;3621,4;Informática
CLI00402;16/05/2025;850,43;Eletro
CLI00402;30/09/2025;812,89;Cama/Mesa/Banho
CLI00402;08/12/2025;1200,55;Informática
CLI00405;04/02/2025;1219,38;Móveis
CLI00405;27/01/2026;1210,09;Eletro
CLI00405;01/03/2026;530,1;Informática
CLI00408;11/11/2023;267,4;Cama/Mesa/Banho
CLI00412;28/05/2024;834,58;Móveis
CLI00412;09/12/2024;668,09;Móveis
CLI00413;16/11/2023;636,44;Eletro
CLI00413;19/05/2024;1026,65;Móveis
CLI00413;19/06/2024;502,3;Informática
CLI00413;04/02/2025;220,21;Eletro
CLI00413;29/09/2025;829,1;Móveis
CLI00413;23/10/2025;630,59;Móveis
CLI00414;11/10/2023;643,46;Cama/Mesa/Banho
CLI00415;12/11/2023;1912,06;Eletro
CLI00415;12/11/2023;1627,51;Informática
CLI00415;06/01/2024;938,97;Eletro
CLI00415;19/03/2024;512,91;Cama/Mesa/Banho
CLI00415;05/06/2025;1076,36;Informática
CLI00416;25/10/2025;737,14;Informática
CLI00419;08/05/2023;347,97;Móveis
CLI00419;05/12/2024;616,4;Eletro
CLI00420;12/11/2023;190,47;Eletro
CLI00420;19/10/2024;2796,27;Móveis
CLI00422;25/02/2024;307,83;Informática
CLI00422;03/11/2024;1408,1;Móveis
CLI00424;23/11/2022;270,26;Móveis
CLI00424;22/06/2023;442,18;Móveis
CLI00424;21/07/2024;179,31;Móveis
CLI00424;09/04/2025;2138,8;Móveis
CLI00424;20/07/2025;803,78;Cama/Mesa/Banho
CLI00424;06/03/2026;416,93;Cama/Mesa/Banho
CLI00425;09/07/2025;1029,59;Cama/Mesa/Banho
CLI00425;30/12/2025;2404,65;Cama/Mesa/Banho
CLI00426;18/01/2024;316,84;Cama/Mesa/Banho
CLI00427;11/08/2024;389,47;Eletro
CLI00429;24/06/2025;1656,19;Eletro
CLI00431;02/06/2024;161,28;Eletro
CLI00432;29/03/2024;594,07;Informática
CLI00432;01/01/2026;767,99;Informática
CLI00435;30/05/2024;1049,6;Cama/Mesa/Banho
CLI00436;04/08/2023;1282,66;Informática
CLI00436;25/12/2023;766,4;Móveis
CLI00437;02/01/2024;970,05;Cama/Mesa/Banho
CLI00437;15/01/2024;435,15;Eletro
CLI00437;16/04/2024;1002,96;Eletro
CLI00437;10/06/2024;1818,7;Cama/Mesa/Banho
CLI00437;12/12/2024;845,89;Eletro
CLI00437;10/02/2026;618,84;Eletro
CLI00440;08/01/2025;2583,23;Eletro
CLI00440;06/03/2025;505,02;Eletro
CLI00440;29/04/2025;566,19;Eletro
CLI00440;30/04/2025;866,61;Móveis
CLI00442;17/01/2024;602,25;Cama/Mesa/Banho
CLI00443;16/05/2023;1526,35;Móveis
CLI00443;09/06/2023;1481,85;Cama/Mesa/Banho
CLI00444;26/02/2024;674,73;Eletro
CLI00444;06/11/2024;2763,7;Cama/Mesa/Banho
CLI00448;20/08/2024;208,86;Informática
CLI00448;19/03/2025;542,51;Cama/Mesa/Banho
CLI00448;29/04/2025;776,44;Informática
CLI00448;06/11/2025;1556,23;Cama/Mesa/Banho
CLI00448;13/11/2025;1951,12;Eletro
CLI00452;21/10/2023;1392,43;Cama/Mesa/Banho
CLI00452;04/03/2025;538,94;Eletro
CLI00452;11/06/2025;716,23;Informática
CLI00454;25/10/2024;566,14;Informática
CLI00455;31/10/2024;358,27;Móveis
CLI00456;28/05/2023;770,24;Cama/Mesa/Banho
CLI00456;27/08/2023;454,34;Informática
CLI00456;24/09/2023;4556,0;Eletro
CLI00456;24/09/2024;673,35;Informática
CLI00456;08/11/2024;794,94;Móveis
CLI00456;01/12/2025;1373,08;Informática
CLI00459;09/01/2024;2411,26;Eletro
CLI00459;10/01/2024;1505,91;Móveis
CLI00459;15/02/2024;942,47;Informática
CLI00463;28/12/2023;302,37;Móveis
CLI00463;20/08/2024;2289,29;Móveis
CLI00463;26/02/2025;1806,39;Móveis
CLI00463;26/10/2025;828,61;Cama/Mesa/Banho
CLI00463;10/02/2026;715,19;Cama/Mesa/Banho
CLI00464;30/01/2024;1004,91;Móveis
CLI00464;10/04/2024;1789,23;Cama/Mesa/Banho
CLI00464;11/06/2025;814,06;Eletro
CLI00466;03/06/2025;1454,31;Informática
CLI00469;06/11/2023;749,61;Eletro
CLI00469;21/01/2024;750,68;Informática
CLI00470;28/11/2024;718,1;Cama/Mesa/Banho
CLI00470;06/12/2025;397,01;Eletro
CLI00473;25/07/2023;1669,65;Móveis
CLI00473;07/08/2023;877,42;Cama/Mesa/Banho
CLI00473;30/11/2023;1211,34;Cama/Mesa/Banho
CLI00473;04/04/2024;3095,05;Informática
CLI00473;04/07/2024;1036,11;Eletro
CLI00473;06/02/2025;530,16;Cama/Mesa/Banho
CLI00475;16/01/2024;231,59;Eletro
CLI00475;19/01/2024;652,62;Eletro
CLI00475;01/04/2025;751,25;Eletro
CLI00476;25/09/2025;402,43;Móveis
CLI00477;08/07/2023;1472,69;Informática
CLI00477;24/03/2024;628,11;Cama/Mesa/Banho
CLI00477;04/05/2024;401,61;Eletro
CLI00477;30/07/2025;3020,14;Móveis
CLI00478;26/02/2023;413,89;Móveis
CLI00478;03/09/2024;1428,72;Informática
CLI00479;08/10/2024;229,23;Eletro
CLI00479;22/01/2025;1113,85;Informática
CLI00479;30/06/2025;670,06;Eletro
CLI00480;21/09/2023;737,73;Informática
CLI00480;18/11/2023;2600,32;Informática
CLI00480;07/03/2024;303,36;Eletro
CLI00480;17/03/2024;1631,55;Cama/Mesa/Banho
CLI00480;27/08/2024;344,98;Eletro
CLI00480;12/09/2024;1118,59;Cama/Mesa/Banho
CLI00480;25/11/2024;718,14;Cama/Mesa/Banho
CLI00481;15/03/2025;507,83;Móveis
CLI00482;10/08/2024;1340,17;Móveis
CLI00482;08/10/2025;1813,77;Móveis
CLI00483;25/11/2024;931,77;Móveis
CLI00483;19/01/2025;274,23;Cama/Mesa/Banho
CLI00483;24/10/2025;1605,51;Cama/Mesa/Banho
CLI00484;11/09/2023;327,22;Informática
CLI00484;30/07/2024;693,17;Cama/Mesa/Banho
CLI00485;07/11/2025;1367,62;Cama/Mesa/Banho
CLI00486;21/06/2025;1135,05;Eletro
CLI00492;31/03/2024;1337,33;Eletro
CLI00492;26/05/2024;1638,75;Informática
CLI00493;12/11/2023;143,33;Móveis
CLI00493;12/11/2023;615,15;Cama/Mesa/Banho
CLI00493;20/12/2023;1484,77;Eletro
CLI00493;14/08/2024;932,01;Eletro
CLI00493;28/01/2025;432,87;Móveis
CLI00495;11/07/2023;552,63;Informática
CLI00495;04/02/2026;297,06;Cama/Mesa/Banho
CLI00496;26/02/2024;233,87;Informática
CLI00502;26/05/2025;490,93;Móveis
CLI00503;22/05/2024;836,35;Móveis
CLI00503;22/06/2024;3193,82;Móveis
CLI00503;01/07/2024;591,22;Cama/Mesa/Banho
CLI00503;03/07/2024;908,3;Eletro
CLI00503;19/01/2025;1851,05;Eletro
CLI00503;17/06/2025;544,12;Móveis
CLI00503;26/01/2026;285,54;Móveis
CLI00503;09/02/2026;887,6;Móveis
CLI00504;04/05/2024;831,96;Móveis
CLI00504;09/02/2026;835,57;Cama/Mesa/Banho
CLI00506;09/04/2023;560,76;Informática
CLI00506;16/01/2024;529,17;Cama/Mesa/Banho
CLI00506;19/06/2025;250,93;Eletro
CLI00506;22/11/2025;791,13;Móveis
CLI00507;18/08/2025;1061,38;Móveis
CLI00509;12/12/2023;1040,26;Cama/Mesa/Banho
CLI00509;17/03/2025;241,23;Móveis
CLI00512;02/02/2024;178,5;Eletro
CLI00513;07/02/2026;2441,91;Cama/Mesa/Banho
CLI00514;26/11/2023;769,31;Informática
CLI00514;07/02/2024;322,17;Cama/Mesa/Banho
CLI00515;30/09/2023;1530,11;Móveis
CLI00515;10/10/2023;585,54;Móveis
CLI00515;18/05/2024;3080,71;Cama/Mesa/Banho
CLI00515;04/04/2025;3348,3;Informática
CLI00515;13/08/2025;598,22;Cama/Mesa/Banho
CLI00515;07/10/2025;432,3;Cama/Mesa/Banho
CLI00516;02/03/2024;1080,38;Eletro
CLI00517;20/12/2024;1009,07;Eletro
CLI00517;19/03/2025;659,88;Cama/Mesa/Banho
CLI00517;13/02/2026;540,44;Móveis
CLI00517;06/03/2026;823,4;Informática
CLI00523;02/01/2026;729,75;Móveis
CLI00524;24/05/2025;673,58;Cama/Mesa/Banho
CLI00526;11/02/2026;429,44;Informática
CLI00527;11/03/2025;787,15;Cama/Mesa/Banho
CLI00527;30/08/2025;1871,1;Móveis
CLI00529;29/04/2024;386,67;Informática
CLI00529;29/09/2024;372,85;Cama/Mesa/Banho
CLI00529;31/01/2025;521,99;Móveis
CLI00530;03/12/2022;1341,97;Eletro
CLI00530;30/03/2023;734,33;Eletro
CLI00530;14/09/2023;1397,67;Informática
CLI00533;26/09/2023;475,68;Móveis
CLI00533;02/12/2024;1466,19;Cama/Mesa/Banho
CLI00533;13/02/2025;491,99;Móveis
CLI00533;11/03/2025;1072,42;Eletro
CLI00533;28/11/2025;965,02;Móveis
CLI00533;02/12/2025;327,42;Eletro
CLI00534;31/12/2024;467,06;Móveis
CLI00534;11/07/2025;886,97;Eletro
CLI00536;14/07/2025;341,45;Cama/Mesa/Banho
CLI00537;07/10/2023;456,19;Informática
CLI00537;19/12/2023;1276,24;Móveis
CLI00537;29/01/2024;848,13;Informática
CLI00537;07/07/2024;1394,5;Móveis
CLI00537;12/03/2025;1193,25;Móveis
CLI00537;09/04/2025;284,75;Cama/Mesa/Banho
CLI00538;08/04/2024;1028,15;Informática
CLI00538;13/08/2024;1770,02;Móveis
CLI00538;25/10/2025;2677,88;Informática
CLI00539;20/02/2026;275,0;Móveis
CLI00540;20/08/2024;1526,14;Móveis
CLI00540;19/12/2024;3060,24;Móveis
CLI00540;27/03/2025;721,45;Eletro
CLI00543;23/08/2023;1033,13;Informática
CLI00547;28/09/2023;1091,64;Informática
CLI00548;25/07/2024;307,68;Cama/Mesa/Banho
CLI00548;14/02/2025;320,86;Móveis
CLI00548;15/04/2025;1386,13;Cama/Mesa/Banho
CLI00548;18/04/2025;443,53;Móveis
CLI00548;05/08/2025;838,9;Cama/Mesa/Banho
CLI00549;30/08/2023;2195,41;Informática
CLI00549;16/04/2024;1252,3;Eletro
CLI00549;27/08/2024;469,18;Informática
CLI00549;02/02/2025;946,99;Informática
CLI00549;23/04/2025;685,4;Móveis
CLI00549;11/08/2025;687,69;Cama/Mesa/Banho
CLI00550;30/03/2023;1028,29;Eletro
CLI00550;11/04/2024;1463,31;Eletro
CLI00551;22/10/2023;281,45;Cama/Mesa/Banho
CLI00552;16/11/2023;922,97;Eletro
CLI00552;15/12/2023;755,9;Cama/Mesa/Banho
CLI00552;11/01/2024;787,92;Móveis
CLI00552;10/10/2025;3201,62;Eletro
CLI00553;03/07/2024;678,16;Eletro
CLI00553;17/06/2025;619,4;Móveis
CLI00556;01/12/2023;669,24;Informática
CLI00556;17/11/2024;418,79;Informática
CLI00556;23/04/2025;578,59;Informática
CLI00556;16/05/2025;1353,22;Cama/Mesa/Banho
CLI00558;04/09/2024;1975,16;Móveis
CLI00558;04/11/2025;530,03;Informática
CLI00560;08/11/2023;189,12;Móveis
CLI00560;14/04/2025;269,14;Informática
CLI00560;13/06/2025;362,93;Informática
CLI00560;02/12/2025;1169,84;Móveis
CLI00562;20/08/2023;321,4;Informática
CLI00562;24/06/2024;579,24;Informática
CLI00562;08/12/2024;1567,7;Informática
CLI00563;18/10/2023;328,61;Informática
CLI00563;02/08/2024;953,64;Eletro
CLI00564;19/10/2025;853,44;Eletro
CLI00564;27/01/2026;513,03;Informática
CLI00566;23/08/2023;1556,59;Informática
CLI00573;19/07/2025;1012,39;Eletro
CLI00575;08/08/2024;475,8;Cama/Mesa/Banho
CLI00577;29/08/2023;1229,22;Móveis
CLI00577;17/01/2025;1769,01;Informática
CLI00577;28/10/2025;540,31;Móveis
CLI00577;30/11/2025;553,77;Eletro
CLI00579;26/04/2025;251,13;Móveis
CLI00579;21/06/2025;1356,24;Eletro
CLI00580;30/11/2023;1017,99;Cama/Mesa/Banho
CLI00580;16/01/2024;2541,08;Móveis
CLI00580;17/06/2024;1117,37;Eletro
CLI00580;28/01/2025;955,72;Informática
CLI00581;27/05/2024;1677,08;Eletro
CLI00581;17/04/2025;264,57;Cama/Mesa/Banho
CLI00581;28/02/2026;325,67;Informática
CLI00583;30/07/2023;494,67;Cama/Mesa/Banho
CLI00583;14/10/2024;216,16;Móveis
CLI00588;22/04/2024;1042,14;Informática
CLI00588;04/05/2024;588,73;Informática
CLI00588;02/07/2024;572,92;Informática
CLI00588;27/09/2024;1149,1;Móveis
CLI00590;22/10/2025;1245,31;Móveis
CLI00591;29/12/2024;491,36;Informática
CLI00591;01/03/2025;1256,99;Móveis
CLI00594;31/10/2024;449,59;Eletro
CLI00595;24/03/2025;740,79;Informática
CLI00595;15/07/2025;905,26;Eletro
CLI00595;06/10/2025;556,45;Móveis
CLI00595;06/03/2026;474,16;Informática
CLI00598;13/01/2025;540,19;Cama/Mesa/Banho
CLI00599;21/10/2024;271,87;Móveis
CLI00600;17/11/2023;1137,31;Informática
CLI00600;21/06/2024;1160,08;Eletro
CLI00600;07/11/2024;493,22;Eletro
CLI00601;23/03/2024;500,65;Cama/Mesa/Banho
CLI00601;30/05/2025;242,32;Informática
CLI00601;17/06/2025;414,77;Cama/Mesa/Banho
CLI00602;07/09/2023;382,4;Cama/Mesa/Banho
CLI00602;04/01/2026;338,8;Cama/Mesa/Banho
CLI00606;12/02/2026;654,79;Cama/Mesa/Banho
CLI00608;25/09/2023;159,94;Cama/Mesa/Banho
CLI00608;13/06/2024;281,0;Cama/Mesa/Banho
CLI00608;04/10/2024;82,21;Eletro
CLI00608;12/12/2024;701,72;Cama/Mesa/Banho
CLI00608;17/05/2025;243,11;Móveis
CLI00611;27/04/2024;2098,19;Cama/Mesa/Banho
CLI00611;07/10/2025;449,4;Eletro
CLI00612;11/12/2023;632,71;Móveis
CLI00612;23/06/2024;158,08;Informática
CLI00612;13/03/2026;820,92;Eletro
CLI00614;09/09/2023;1180,32;Móveis
CLI00614;11/10/2024;635,59;Informática
CLI00614;18/02/2025;176,43;Informática
CLI00618;27/06/2024;415,68;Móveis
CLI00618;15/11/2025;1639,04;Móveis
CLI00619;04/12/2024;1971,71;Cama/Mesa/Banho
CLI00620;24/03/2023;939,24;Móveis
CLI00620;08/10/2023;397,92;Informática
CLI00620;03/08/2024;544,48;Cama/Mesa/Banho
CLI00620;17/10/2024;451,78;Eletro
CLI00620;13/03/2025;693,99;Móveis
CLI00620;21/07/2025;1155,99;Eletro
CLI00620;17/12/2025;690,22;Móveis
CLI00621;27/04/2023;2497,8;Informática
CLI00621;27/10/2023;387,75;Eletro
CLI00621;12/04/2025;410,52;Informática
CLI00621;02/05/2025;415,39;Informática
CLI00622;13/09/2023;735,1;Eletro
CLI00622;27/11/2023;1242,44;Cama/Mesa/Banho
CLI00622;24/11/2024;9516,53;Móveis
CLI00622;27/12/2024;323,47;Cama/Mesa/Banho
CLI00622;12/09/2025;560,17;Móveis
CLI00624;23/09/2023;615,47;Cama/Mesa/Banho
CLI00624;06/05/2024;641,73;Cama/Mesa/Banho
CLI00624;06/10/2024;292,78;Cama/Mesa/Banho
CLI00627;28/11/2023;323,91;Móveis
CLI00627;03/03/2025;522,74;Cama/Mesa/Banho
CLI00627;17/12/2025;378,45;Cama/Mesa/Banho
CLI00628;04/10/2023;385,53;Eletro
CLI00628;04/01/2026;620,59;Cama/Mesa/Banho
CLI00628;11/03/2026;632,52;Eletro
CLI00629;03/08/2025;5213,43;Cama/Mesa/Banho
CLI00634;08/05/2024;883,53;Informática
CLI00634;26/11/2024;221,02;Cama/Mesa/Banho
CLI00636;14/01/2024;607,0;Informática
CLI00636;17/08/2024;1099,76;Cama/Mesa/Banho
CLI00636;26/04/2025;231,7;Eletro
CLI00636;22/10/2025;713,95;Eletro
CLI00638;07/03/2024;450,66;Eletro
CLI00638;07/04/2025;242,58;Eletro
CLI00640;29/02/2024;747,96;Eletro
CLI00640;14/05/2025;1289,79;Cama/Mesa/Banho
CLI00640;23/05/2025;1357,31;Cama/Mesa/Banho
CLI00642;01/09/2023;2952,48;Eletro
CLI00644;22/05/2024;962,08;Eletro
CLI00644;08/12/2024;2526,69;Móveis
CLI00645;20/07/2023;638,3;Eletro
CLI00645;17/05/2024;761,72;Eletro
CLI00645;17/11/2024;1914,69;Informática
CLI00646;17/02/2023;354,93;Eletro
CLI00646;30/11/2024;485,22;Móveis
CLI00646;24/06/2025;623,57;Cama/Mesa/Banho
CLI00646;09/07/2025;996,17;Móveis
CLI00646;15/03/2026;769,89;Informática
CLI00650;28/06/2025;1135,69;Cama/Mesa/Banho
CLI00651;05/10/2023;595,75;Informática
CLI00651;24/10/2023;739,59;Informática
CLI00651;10/07/2024;2152,87;Informática
CLI00651;12/10/2024;701,9;Móveis
CLI00651;27/10/2024;411,88;Eletro
CLI00654;11/03/2023;1067,95;Móveis
CLI00654;11/11/2023;2460,29;Cama/Mesa/Banho
CLI00656;03/06/2024;1115,31;Cama/Mesa/Banho
CLI00656;25/04/2025;273,97;Móveis
CLI00656;07/03/2026;9724,37;Cama/Mesa/Banho
CLI00659;28/03/2024;207,5;Cama/Mesa/Banho
CLI00660;08/04/2025;327,69;Eletro
CLI00660;02/06/2025;618,68;Eletro
CLI00660;07/11/2025;2859,31;Cama/Mesa/Banho
CLI00664;24/09/2023;1475,78;Informática
CLI00664;05/08/2024;169,91;Informática
CLI00664;28/08/2025;924,61;Cama/Mesa/Banho
CLI00664;27/09/2025;1193,98;Cama/Mesa/Banho
CLI00665;17/02/2023;522,44;Móveis
CLI00665;26/03/2024;638,31;Móveis
CLI00665;19/05/2025;1063,41;Cama/Mesa/Banho
CLI00665;12/06/2025;193,74;Eletro
CLI00665;28/01/2026;1680,03;Informática
CLI00666;13/12/2023;1008,31;Eletro
CLI00666;14/09/2024;931,8;Cama/Mesa/Banho
CLI00669;16/09/2023;499,33;Eletro
CLI00669;24/09/2024;1743,45;Cama/Mesa/Banho
CLI00669;25/08/2025;318,89;Móveis
CLI00670;23/09/2023;801,79;Eletro
CLI00670;01/10/2023;1810,32;Móveis
CLI00670;16/07/2024;1077,18;Informática
CLI00670;20/12/2024;758,79;Informática
CLI00670;29/12/2024;1250,58;Informática
CLI00670;12/03/2025;862,36;Móveis
CLI00670;26/04/2025;547,1;Cama/Mesa/Banho
CLI00670;14/03/2026;321,79;Cama/Mesa/Banho
CLI00675;24/02/2024;388,11;Eletro
CLI00675;04/01/2025;639,11;Cama/Mesa/Banho
CLI00675;14/08/2025;2339,77;Eletro
CLI00675;20/10/2025;740,77;Eletro
CLI00675;09/12/2025;1490,56;Informática
CLI00677;19/06/2025;2736,75;Informática
CLI00678;02/08/2025;314,2;Eletro
CLI00679;14/03/2024;1137,45;Cama/Mesa/Banho
CLI00679;23/11/2025;908,67;Eletro
CLI00680;25/10/2023;414,22;Móveis
CLI00682;04/03/2024;125,74;Móveis
CLI00682;26/04/2024;590,74;Cama/Mesa/Banho
CLI00682;30/09/2025;428,02;Eletro
CLI00683;04/01/2023;279,02;Informática
CLI00684;06/02/2023;480,6;Eletro
CLI00684;12/11/2024;469,08;Móveis
CLI00685;20/03/2025;533,92;Informática
CLI00685;01/09/2025;756,63;Móveis
CLI00687;29/12/2022;1202,62;Eletro
CLI00687;13/04/2025;1394,5;Cama/Mesa/Banho
CLI00688;30/08/2024;1939,79;Cama/Mesa/Banho
CLI00688;18/06/2025;770,06;Eletro
CLI00692;07/04/2024;744,14;Cama/Mesa/Banho
CLI00692;09/06/2024;532,24;Eletro
CLI00695;21/10/2023;908,13;Móveis
CLI00695;24/03/2024;2388,52;Eletro
CLI00695;18/05/2024;911,42;Informática
CLI00695;10/01/2025;654,69;Informática
CLI00695;05/04/2025;654,13;Cama/Mesa/Banho
CLI00695;14/07/2025;2642,02;Móveis
CLI00695;12/11/2025;295,73;Informática
CLI00695;31/12/2025;3200,79;Cama/Mesa/Banho
CLI00697;31/08/2024;347,67;Eletro
CLI00698;24/08/2023;582,48;Móveis
CLI00698;27/09/2023;1744,3;Cama/Mesa/Banho
CLI00698;06/02/2024;4285,19;Cama/Mesa/Banho
CLI00698;25/04/2024;776,51;Móveis
CLI00699;03/12/2024;645,25;Cama/Mesa/Banho
CLI00703;25/10/2024;226,0;Cama/Mesa/Banho
CLI00705;25/10/2023;260,98;Móveis
CLI00705;10/02/2025;600,02;Móveis
CLI00708;02/02/2024;928,23;Móveis
CLI00708;22/06/2024;270,27;Informática
CLI00708;06/08/2024;2401,98;Eletro
CLI00708;11/09/2024;390,07;Eletro
CLI00711;04/05/2024;1143,65;Cama/Mesa/Banho
CLI00711;22/07/2025;447,86;Cama/Mesa/Banho
CLI00714;12/01/2024;682,45;Informática
CLI00714;15/03/2024;294,97;Eletro
CLI00714;18/05/2024;421,73;Informática
CLI00714;13/01/2025;221,1;Cama/Mesa/Banho
CLI00714;11/06/2025;451,19;Cama/Mesa/Banho
CLI00714;08/10/2025;1258,58;Informática
CLI00715;16/02/2024;143,35;Móveis
CLI00715;03/02/2025;437,54;Eletro
CLI00715;24/04/2025;393,25;Cama/Mesa/Banho
CLI00715;13/05/2025;348,0;Eletro
CLI00715;28/06/2025;187,43;Móveis
CLI00716;27/09/2024;373,34;Cama/Mesa/Banho
CLI00716;11/01/2025;533,2;Eletro
CLI00716;25/04/2025;2163,18;Móveis
CLI00716;22/09/2025;1344,03;Móveis
CLI00716;21/01/2026;335,57;Eletro
CLI00716;11/03/2026;1244,3;Informática
CLI00717;21/06/2024;844,71;Informática
CLI00718;15/09/2024;783,17;Eletro
CLI00719;31/08/2025;654,44;Móveis
CLI00724;17/09/2024;1563,83;Cama/Mesa/Banho
CLI00726;05/10/2023;799,69;Cama/Mesa/Banho
CLI00726;18/05/2024;1023,81;Eletro
CLI00726;06/06/2024;1253,62;Informática
CLI00726;05/10/2024;250,73;Cama/Mesa/Banho
CLI00728;03/08/2024;557,48;Móveis
CLI00728;30/10/2024;508,85;Móveis
CLI00729;18/08/2022;488,28;Eletro
CLI00729;15/12/2023;1068,25;Móveis
CLI00729;10/03/2024;2457,57;Cama/Mesa/Banho
CLI00730;04/09/2023;132,15;Móveis
CLI00730;30/12/2024;1424,57;Informática
CLI00731;17/07/2023;2555,28;Cama/Mesa/Banho
CLI00731;23/09/2023;649,91;Eletro
CLI00731;04/09/2024;433,34;Informática
CLI00731;23/07/2025;856,72;Cama/Mesa/Banho
CLI00731;31/08/2025;845,62;Móveis
CLI00731;08/11/2025;699,53;Eletro
CLI00732;22/06/2025;905,95;Informática
CLI00733;22/08/2023;1610,17;Informática
CLI00733;12/09/2025;2531,01;Informática
CLI00733;16/02/2026;367,46;Móveis
CLI00734;03/10/2023;1305,51;Informática
CLI00735;30/07/2025;373,96;Móveis
CLI00735;02/08/2025;1601,77;Móveis
CLI00737;21/01/2023;666,62;Móveis
CLI00737;04/11/2024;1550,19;Eletro
CLI00737;25/02/2025;165,57;Informática
CLI00737;31/12/2025;841,81;Cama/Mesa/Banho
CLI00738;09/01/2023;956,22;Cama/Mesa/Banho
CLI00738;11/12/2023;589,93;Móveis
CLI00742;18/10/2024;618,31;Móveis
CLI00742;07/03/2025;502,86;Cama/Mesa/Banho
CLI00742;20/02/2026;813,34;Cama/Mesa/Banho
CLI00743;06/11/2022;230,91;Cama/Mesa/Banho
CLI00744;01/03/2024;2622,73;Eletro
CLI00744;27/02/2025;589,03;Móveis
CLI00744;29/07/2025;858,03;Informática
CLI00748;30/12/2024;2199,72;Cama/Mesa/Banho
CLI00749;20/12/2023;918,96;Eletro
CLI00749;25/02/2024;1037,72;Informática
CLI00753;19/07/2024;752,98;Cama/Mesa/Banho
CLI00758;18/02/2025;961,13;Cama/Mesa/Banho
CLI00758;25/07/2025;4315,66;Móveis
CLI00760;07/06/2023;349,12;Móveis
CLI00760;30/07/2024;200,47;Móveis
CLI00762;22/08/2023;486,46;Eletro
CLI00762;09/10/2023;1103,81;Móveis
CLI00764;18/06/2024;429,81;Informática
CLI00764;26/10/2024;131,87;Informática
CLI00764;16/04/2025;3831,1;Móveis
CLI00766;19/01/2025;2498,2;Cama/Mesa/Banho
CLI00768;23/08/2024;262,67;Informática
CLI00768;08/07/2025;1077,91;Móveis
CLI00770;02/04/2025;472,73;Cama/Mesa/Banho
CLI00773;03/09/2023;402,33;Eletro
CLI00773;14/10/2023;926,83;Informática
CLI00773;23/04/2024;634,48;Informática
CLI00773;09/05/2025;1201,39;Informática
CLI00773;23/08/2025;423,42;Móveis
CLI00773;08/11/2025;304,23;Cama/Mesa/Banho
CLI00775;05/11/2024;648,65;Móveis
CLI00778;07/05/2023;1368,87;Informática
CLI00778;19/07/2024;525,29;Móveis
CLI00779;03/11/2024;309,2;Informática
CLI00779;09/10/2025;199,24;Móveis
CLI00779;09/01/2026;213,43;Eletro
CLI00781;26/07/2023;582,65;Eletro
CLI00781;16/07/2024;366,6;Móveis
CLI00781;24/07/2024;147,93;Cama/Mesa/Banho
CLI00781;13/10/2024;479,71;Informática
CLI00781;02/09/2025;895,36;Eletro
CLI00783;01/12/2024;380,83;Informática
CLI00783;27/02/2025;1054,25;Informática
CLI00783;20/03/2025;515,28;Eletro
CLI00783;22/11/2025;330,06;Informática
CLI00783;11/12/2025;169,31;Informática
CLI00784;06/05/2024;528,53;Informática
CLI00784;28/06/2024;121,66;Eletro
CLI00785;11/04/2025;709,04;Eletro
CLI00790;09/09/2024;558,93;Móveis
CLI00791;01/03/2023;740,29;Eletro
CLI00791;24/01/2024;1000,12;Eletro
CLI00791;05/02/2024;534,27;Eletro
CLI00791;26/04/2024;1217,81;Móveis
CLI00791;03/05/2024;2881,38;Cama/Mesa/Banho
CLI00791;29/09/2024;643,55;Informática
CLI00791;13/12/2025;484,02;Informática
CLI00791;20/02/2026;594,45;Eletro
CLI00793;05/08/2023;674,65;Móveis
CLI00793;26/08/2023;2967,65;Informática
CLI00793;15/09/2023;2204,49;Móveis
CLI00793;04/02/2026;425,01;Eletro
CLI00795;26/06/2024;559,51;Móveis
CLI00795;30/01/2026;225,3;Cama/Mesa/Banho
CLI00798;27/09/2023;324,96;Móveis
CLI00798;02/06/2025;728,38;Eletro
CLI00798;11/06/2025;1473,97;Cama/Mesa/Banho
CLI00798;21/06/2025;466,69;Informática
CLI00798;06/07/2025;1598,07;Móveis
CLI00798;09/09/2025;676,4;Informática
CLI00798;01/11/2025;332,3;Eletro
CLI00801;02/05/2024;949,76;Informática
CLI00801;26/09/2025;229,14;Cama/Mesa/Banho
CLI00801;04/03/2026;1300,38;Informática
CLI00803;04/08/2023;1130,08;Eletro
CLI00803;07/03/2024;1587,69;Informática
CLI00803;18/05/2025;2894,53;Cama/Mesa/Banho
CLI00803;03/10/2025;1588,35;Eletro
CLI00805;07/10/2024;976,04;Eletro
CLI00810;25/07/2025;1743,08;Móveis
CLI00814;14/10/2024;866,88;Móveis
CLI00816;03/03/2024;735,24;Eletro
CLI00816;17/11/2024;338,94;Cama/Mesa/Banho
CLI00816;03/12/2024;1160,7;Cama/Mesa/Banho
CLI00816;07/01/2025;422,74;Móveis
CLI00824;13/07/2024;175,88;Móveis
CLI00824;19/09/2025;1243,79;Móveis
CLI00824;07/02/2026;1975,6;Informática
CLI00825;19/11/2023;1579,38;Eletro
CLI00825;27/11/2025;1985,92;Informática
CLI00827;27/08/2023;553,75;Cama/Mesa/Banho
CLI00827;13/04/2024;1498,75;Cama/Mesa/Banho
CLI00829;06/04/2024;1574,2;Cama/Mesa/Banho
CLI00829;08/05/2024;577,17;Informática
CLI00829;29/11/2025;671,88;Cama/Mesa/Banho
CLI00829;02/01/2026;980,06;Cama/Mesa/Banho
CLI00831;20/07/2024;1043,86;Informática
CLI00831;05/05/2025;869,49;Eletro
CLI00835;14/04/2024;560,88;Móveis
CLI00835;16/01/2025;387,99;Eletro
CLI00835;11/02/2026;1336,87;Móveis
CLI00837;12/06/2023;1174,51;Cama/Mesa/Banho
CLI00837;25/11/2024;989,65;Cama/Mesa/Banho
CLI00837;06/07/2025;189,2;Informática
CLI00837;23/07/2025;965,88;Eletro
CLI00839;30/05/2024;275,4;Móveis
CLI00839;04/11/2024;839,71;Informática
CLI00839;29/12/2024;648,06;Eletro
CLI00840;26/12/2023;1170,87;Móveis
CLI00842;24/03/2024;270,68;Informática
CLI00842;05/07/2025;616,45;Informática
CLI00844;21/10/2023;1263,74;Móveis
CLI00844;15/04/2025;530,63;Eletro
CLI00845;12/05/2025;364,41;Informática
CLI00846;11/10/2024;917,7;Eletro
CLI00846;12/03/2026;238,26;Eletro
CLI00847;31/07/2024;1528,37;Informática
CLI00850;06/07/2024;927,68;Eletro
CLI00851;26/09/2023;849,31;Eletro
CLI00851;17/03/2025;2536,1;Eletro
CLI00851;14/04/2025;1450,7;Móveis
CLI00853;01/02/2023;991,54;Cama/Mesa/Banho
CLI00853;27/07/2023;215,81;Informática
CLI00853;04/03/2024;1171,92;Cama/Mesa/Banho
CLI00853;29/10/2024;846,44;Cama/Mesa/Banho
CLI00853;30/01/2025;416,24;Cama/Mesa/Banho
CLI00856;22/02/2025;639,65;Eletro
CLI00857;25/03/2023;1292,9;Cama/Mesa/Banho
CLI00862;18/03/2024;477,31;Eletro
CLI00865;07/02/2023;2079,74;Informática
CLI00865;21/01/2024;710,97;Informática
CLI00865;19/08/2025;691,5;Móveis
CLI00865;30/09/2025;2408,49;Móveis
CLI00870;20/10/2023;816,4;Eletro
CLI00870;20/06/2024;661,62;Informática
CLI00872;23/08/2023;710,9;Móveis
CLI00872;10/08/2024;716,45;Cama/Mesa/Banho
CLI00872;24/08/2024;1192,31;Cama/Mesa/Banho
CLI00872;16/12/2025;851,1;Informática
CLI00874;07/10/2022;438,36;Móveis
CLI00874;04/08/2023;1193,24;Eletro
CLI00878;19/10/2023;1340,5;Móveis
CLI00879;03/02/2024;771,61;Cama/Mesa/Banho
CLI00879;15/01/2026;931,06;Informática
CLI00880;22/07/2024;487,86;Móveis
CLI00881;29/06/2023;359,31;Informática
CLI00881;15/07/2025;1765,02;Eletro
CLI00882;04/04/2024;805,95;Móveis
CLI00882;21/07/2024;1888,47;Eletro
CLI00882;24/12/2024;266,63;Cama/Mesa/Banho
CLI00883;11/01/2024;421,86;Informática
CLI00883;04/06/2024;233,08;Informática
CLI00883;30/07/2025;483,35;Informática
CLI00884;15/01/2024;1261,1;Informática
CLI00885;09/07/2023;1328,58;Informática
CLI00885;31/01/2025;537,89;Móveis
CLI00885;20/05/2025;727,4;Móveis
CLI00888;17/05/2024;479,4;Informática
CLI00889;04/04/2023;1434,33;Móveis
CLI00891;10/08/2023;673,46;Eletro
CLI00891;23/09/2024;456,05;Eletro
CLI00891;25/04/2025;909,55;Informática
CLI00892;25/11/2023;5350,56;Móveis
CLI00894;17/12/2023;856,92;Informática
CLI00894;17/01/2024;3837,91;Cama/Mesa/Banho
CLI00894;12/04/2024;2074,9;Eletro
CLI00894;31/10/2024;204,24;Cama/Mesa/Banho
CLI00894;07/12/2024;1096,87;Eletro
CLI00896;17/11/2024;1290,69;Cama/Mesa/Banho
CLI00896;05/01/2025;1671,86;Móveis
CLI00896;08/08/2025;1547,15;Informática
CLI00897;17/07/2024;740,14;Móveis
CLI00898;31/10/2023;637,14;Eletro
CLI00898;27/04/2024;1268,75;Cama/Mesa/Banho
CLI00898;18/07/2024;518,78;Eletro
CLI00898;21/10/2025;310,82;Informática
CLI00898;01/12/2025;167,56;Eletro
CLI00899;03/04/2024;1411,0;Informática
CLI00902;11/03/2024;816,72;Móveis
CLI00903;21/09/2024;1594,21;Eletro
CLI00904;07/07/2023;512,62;Móveis
CLI00906;16/11/2025;543,18;Móveis
CLI00906;02/02/2026;686,36;Cama/Mesa/Banho
CLI00909;27/07/2024;371,72;Eletro
CLI00909;15/03/2026;1066,65;Eletro
CLI00912;27/04/2023;1134,56;Cama/Mesa/Banho
CLI00914;21/08/2023;1407,11;Móveis
CLI00917;20/04/2024;2075,3;Informática
CLI00917;10/10/2024;258,58;Eletro
CLI00918;11/04/2023;798,66;Móveis
CLI00918;28/12/2023;430,33;Móveis
CLI00918;02/01/2024;294,64;Informática
CLI00918;08/02/2025;583,42;Móveis
CLI00918;19/10/2025;286,9;Móveis
CLI00921;28/04/2024;703,29;Cama/Mesa/Banho
CLI00921;16/02/2026;1963,88;Cama/Mesa/Banho
CLI00922;01/08/2025;805,81;Móveis
CLI00925;23/06/2023;835,43;Móveis
CLI00925;13/12/2023;706,42;Informática
CLI00925;16/10/2024;378,79;Móveis
CLI00925;02/09/2025;653,61;Cama/Mesa/Banho
CLI00925;11/11/2025;1008,35;Informática
CLI00928;09/12/2023;438,92;Eletro
CLI00928;29/11/2024;280,54;Informática
CLI00930;08/07/2023;357,66;Cama/Mesa/Banho
CLI00930;08/04/2025;818,76;Informática
CLI00931;27/04/2024;1460,2;Cama/Mesa/Banho
CLI00931;28/09/2024;189,81;Móveis
CLI00932;21/06/2023;3010,16;Cama/Mesa/Banho
CLI00932;23/02/2025;2235,29;Móveis
CLI00933;28/04/2024;537,44;Eletro
CLI00933;02/08/2024;193,99;Informática
CLI00933;16/12/2024;1009,58;Cama/Mesa/Banho
CLI00936;13/05/2023;769,48;Cama/Mesa/Banho
CLI00936;07/08/2024;217,01;Móveis
CLI00936;28/07/2025;351,25;Cama/Mesa/Banho
CLI00936;21/02/2026;756,21;Informática
CLI00938;19/08/2023;402,63;Informática
CLI00938;29/10/2023;337,68;Eletro
CLI00938;01/07/2024;1045,1;Móveis
CLI00939;24/12/2024;462,32;Informática
CLI00944;27/08/2023;1991,76;Móveis
CLI00944;30/08/2023;470,42;Informática
CLI00944;09/09/2025;1019,6;Informática
CLI00944;25/12/2025;284,81;Móveis
CLI00945;27/05/2023;1448,5;Eletro
CLI00945;13/09/2023;3508,47;Informática
CLI00947;11/12/2023;2286,2;Informática
CLI00947;05/02/2026;299,04;Móveis
CLI00948;16/06/2023;486,48;Cama/Mesa/Banho
CLI00948;12/11/2024;2887,53;Cama/Mesa/Banho
CLI00950;17/12/2024;821,63;Eletro
CLI00950;03/02/2025;181,19;Móveis
CLI00950;13/02/2025;1328,62;Eletro
CLI00951;28/08/2024;903,59;Informática
CLI00952;21/02/2026;233,92;Eletro
CLI00953;29/08/2024;3454,38;Informática
CLI00957;13/08/2023;406,3;Cama/Mesa/Banho
CLI00957;26/03/2024;1390,46;Informática
CLI00962;08/12/2023;1010,52;Eletro
CLI00962;12/01/2025;416,05;Informática
CLI00962;20/03/2025;916,01;Móveis
CLI00962;17/04/2025;747,19;Móveis
CLI00962;16/12/2025;475,75;Informática
CLI00963;16/12/2023;1519,34;Informática
CLI00963;14/01/2024;764,78;Eletro
CLI00963;22/12/2025;471,4;Eletro
CLI00964;28/02/2025;1093,23;Móveis
CLI00964;09/06/2025;946,57;Informática
CLI00965;01/11/2025;527,81;Móveis
CLI00966;16/03/2025;633,68;Móveis
CLI00967;04/09/2023;382,09;Móveis
CLI00967;14/03/2024;644,53;Móveis
CLI00967;04/03/2025;516,27;Eletro
CLI00967;09/09/2025;1049,65;Móveis
CLI00969;28/08/2023;572,65;Móveis
CLI00971;31/10/2022;725,07;Cama/Mesa/Banho
CLI00971;21/11/2022;2073,56;Eletro
CLI00971;03/03/2024;460,34;Eletro
CLI00971;29/08/2024;1143,49;Cama/Mesa/Banho
CLI00971;10/07/2025;389,62;Cama/Mesa/Banho
CLI00972;23/08/2023;721,75;Cama/Mesa/Banho
CLI00972;02/02/2024;1179,28;Eletro
CLI00972;11/12/2024;724,87;Eletro
CLI00972;06/02/2025;817,09;Móveis
CLI00972;20/04/2025;1001,85;Informática
CLI00972;10/05/2025;510,87;Móveis
CLI00972;17/06/2025;1308,4;Eletro
CLI00972;10/08/2025;1133,26;Móveis
CLI00973;09/09/2024;2437,87;Móveis
CLI00975;30/10/2023;2763,69;Cama/Mesa/Banho
CLI00975;16/07/2024;2544,1;Informática
CLI00976;20/08/2023;586,65;Eletro
CLI00976;01/11/2024;1218,38;Eletro
CLI00977;05/09/2024;610,94;Cama/Mesa/Banho
CLI00977;19/08/2025;829,88;Móveis
CLI00978;09/05/2025;2421,04;Móveis
CLI00978;27/05/2025;521,3;Móveis
CLI00980;21/09/2024;426,74;Cama/Mesa/Banho
CLI00981;18/01/2024;704,58;Cama/Mesa/Banho
CLI00981;27/06/2024;4095,81;Informática
CLI00981;26/05/2025;483,33;Cama/Mesa/Banho
CLI00983;01/02/2024;978,43;Eletro
CLI00983;03/02/2024;190,18;Eletro
CLI00983;15/05/2025;518,0;Móveis
CLI00983;12/08/2025;877,9;Informática
CLI00986;04/08/2023;464,0;Eletro
CLI00986;22/07/2024;202,32;Cama/Mesa/Banho
CLI00986;18/10/2024;626,24;Cama/Mesa/Banho
CLI00986;22/12/2024;702,61;Informática
CLI00987;12/02/2025;855,76;Informática
CLI00987;19/02/2025;791,66;Informática
CLI00987;09/05/2025;970,04;Informática
CLI00987;15/07/2025;1810,34;Cama/Mesa/Banho
CLI00988;30/09/2025;431,01;Informática
CLI00989;11/11/2023;422,04;Eletro
CLI00991;16/08/2023;1310,6;Informática
CLI00991;07/09/2025;402,61;Móveis
CLI00995;02/06/2025;516,64;Cama/Mesa/Banho
CLI00995;27/01/2026;824,29;Eletro
CLI00996;24/10/2023;580,43;Eletro
CLI00998;09/09/2024;831,95;Cama/Mesa/Banho
CLI00998;20/11/2025;962,31;Informática
CLI01000;18/06/2024;277,23;Informática
CLI01000;18/07/2025;303,33;Móveis
CLI01000;01/08/2025;327,91;Eletro
CLI01001;22/01/2023;292,51;Eletro
CLI01003;30/11/2024;157,79;Cama/Mesa/Banho
CLI01003;12/06/2025;250,97;Móveis
CLI01003;05/08/2025;775,66;Informática
CLI01003;25/12/2025;449,21;Cama/Mesa/Banho
CLI01003;27/01/2026;540,48;Móveis
CLI01004;06/01/2024;1009,76;Cama/Mesa/Banho
CLI01004;27/07/2025;2590,51;Cama/Mesa/Banho
CLI01004;26/02/2026;1731,77;Informática
CLI01010;23/05/2024;1367,5;Eletro
CLI01010;27/09/2024;492,3;Cama/Mesa/Banho
CLI01011;23/07/2025;549,77;Informática
CLI01012;29/12/2023;1333,82;Móveis
CLI01012;22/07/2025;717,25;Móveis
CLI01013;20/09/2024;898,4;Móveis
CLI01014;06/11/2023;375,64;Móveis
CLI01014;16/01/2024;650,75;Eletro
CLI01014;09/02/2024;962,32;Móveis
CLI01014;10/05/2024;192,71;Móveis
CLI01014;27/05/2024;215,77;Informática
CLI01016;28/05/2025;1204,36;Informática
CLI01017;12/11/2025;691,36;Informática
CLI01018;17/02/2024;886,57;Informática
CLI01018;27/03/2024;292,28;Informática
CLI01018;30/10/2024;638,23;Cama/Mesa/Banho
CLI01018;23/12/2024;301,19;Eletro
CLI01019;02/02/2024;1213,54;Informática
CLI01020;16/07/2024;521,72;Móveis
CLI01020;11/11/2024;1530,22;Informática
CLI01021;30/11/2023;1986,95;Cama/Mesa/Banho
CLI01021;07/01/2024;138,01;Móveis
CLI01021;06/05/2024;128,01;Informática
CLI01021;11/08/2024;475,19;Eletro
CLI01023;13/12/2024;900,9;Eletro
CLI01024;21/10/2023;729,08;Eletro
CLI01024;14/01/2025;1297,47;Cama/Mesa/Banho
CLI01024;10/02/2026;216,25;Informática
CLI01026;03/01/2024;620,3;Informática
CLI01026;26/10/2024;440,19;Cama/Mesa/Banho
CLI01027;20/07/2023;534,69;Móveis
CLI01027;01/10/2025;1421,03;Eletro
CLI01031;28/05/2025;853,54;Móveis
CLI01032;30/07/2024;773,77;Eletro
CLI01032;13/06/2025;554,49;Eletro
CLI01033;03/04/2023;716,86;Cama/Mesa/Banho
CLI01033;05/03/2024;2307,31;Eletro
CLI01033;12/06/2024;488,13;Eletro
CLI01033;05/10/2025;772,86;Móveis
CLI01034;11/07/2024;1583,06;Móveis
CLI01036;16/09/2023;708,88;Informática
CLI01036;25/12/2024;287,21;Informática
CLI01036;16/02/2025;639,68;Eletro
CLI01037;04/07/2024;353,44;Móveis
CLI01038;17/12/2023;463,02;Eletro
CLI01038;19/11/2025;714,45;Informática
CLI01040;30/04/2025;1912,71;Móveis
CLI01040;17/09/2025;734,95;Informática
CLI01041;28/02/2025;2035,38;Móveis
CLI01041;26/03/2025;396,89;Cama/Mesa/Banho
CLI01041;30/08/2025;955,99;Cama/Mesa/Banho
CLI01043;04/08/2023;752,16;Cama/Mesa/Banho
CLI01043;09/08/2025;453,3;Móveis
CLI01043;06/02/2026;426,9;Móveis
CLI01047;19/11/2023;615,5;Informática
CLI01048;13/01/2024;480,55;Cama/Mesa/Banho
CLI01048;14/04/2025;736,65;Eletro
CLI01048;21/09/2025;453,02;Informática
CLI01048;14/12/2025;843,02;Cama/Mesa/Banho
CLI01049;08/06/2024;506,33;Eletro
CLI01049;25/11/2024;3229,07;Eletro
CLI01049;02/01/2025;1558,2;Cama/Mesa/Banho
CLI01049;03/05/2025;1442,45;Cama/Mesa/Banho
CLI01050;27/01/2024;143,45;Cama/Mesa/Banho
CLI01050;20/02/2024;2045,45;Eletro
CLI01050;02/05/2025;819,76;Móveis
CLI01052;02/11/2022;329,88;Móveis
CLI01052;05/02/2023;2304,32;Informática
CLI01052;05/02/2025;1288,3;Móveis
CLI01053;18/10/2023;331,12;Informática
CLI01053;20/07/2025;967,82;Cama/Mesa/Banho
CLI01057;20/07/2023;309,98;Cama/Mesa/Banho
CLI01057;15/02/2024;919,91;Eletro
CLI01060;02/01/2025;1345,65;Eletro
CLI01060;04/02/2025;628,63;Cama/Mesa/Banho
CLI01060;27/09/2025;195,38;Eletro
CLI01060;11/12/2025;731,7;Informática
CLI01060;28/02/2026;939,08;Eletro
CLI01061;22/02/2024;567,64;Móveis
CLI01061;19/05/2025;1157,85;Cama/Mesa/Banho
CLI01061;04/01/2026;1495,67;Eletro
CLI01063;22/05/2023;938,36;Móveis
CLI01066;08/02/2024;1766,68;Eletro
CLI01066;20/08/2024;3427,93;Móveis
CLI01067;30/07/2024;1822,21;Eletro
CLI01067;30/08/2024;1233,18;Informática
CLI01071;19/05/2023;2717,83;Móveis
CLI01071;17/04/2025;590,53;Móveis
CLI01073;04/03/2026;432,19;Eletro
CLI01074;04/02/2025;1029,16;Eletro
CLI01076;06/04/2025;749,62;Eletro
CLI01078;20/01/2025;1348,52;Móveis
CLI01079;18/06/2023;535,93;Móveis
CLI01079;12/12/2023;815,06;Eletro
CLI01079;07/03/2024;2702,76;Eletro
CLI01079;16/07/2024;687,06;Informática
CLI01079;13/01/2025;213,82;Eletro
CLI01080;28/01/2024;473,09;Eletro
CLI01081;18/12/2024;1210,37;Informática
CLI01083;08/09/2023;863,96;Cama/Mesa/Banho
CLI01083;12/09/2023;439,95;Informática
CLI01083;16/06/2024;328,71;Cama/Mesa/Banho
CLI01083;05/10/2024;681,41;Cama/Mesa/Banho
CLI01084;04/01/2024;569,08;Informática
CLI01084;21/09/2024;324,51;Informática
CLI01084;03/01/2025;1047,94;Eletro
CLI01084;07/07/2025;643,3;Móveis
CLI01085;04/09/2023;949,98;Móveis
CLI01085;25/12/2025;1296,7;Informática
CLI01085;08/02/2026;1893,16;Informática
CLI01087;28/08/2023;614,9;Informática
CLI01087;23/07/2024;428,11;Cama/Mesa/Banho
CLI01087;30/03/2025;1089,35;Cama/Mesa/Banho
CLI01087;10/11/2025;582,86;Informática
CLI01089;09/10/2023;1549,91;Eletro
CLI01089;24/01/2024;1173,36;Informática
CLI01089;20/12/2024;1300,17;Cama/Mesa/Banho
CLI01093;25/10/2023;248,98;Cama/Mesa/Banho
CLI01094;09/09/2023;568,52;Móveis
CLI01094;24/08/2024;1152,75;Cama/Mesa/Banho
CLI01095;09/02/2024;814,77;Informática
CLI01095;31/07/2024;757,3;Móveis
CLI01095;23/07/2025;3027,98;Cama/Mesa/Banho
CLI01095;13/09/2025;814,67;Cama/Mesa/Banho
CLI01095;15/02/2026;1330,51;Informática
CLI01099;17/09/2023;572,34;Informática
CLI01100;29/10/2023;282,77;Eletro
CLI01100;31/03/2024;973,96;Eletro
CLI01100;10/07/2024;898,28;Móveis
CLI01100;17/08/2024;726,84;Móveis
CLI01100;03/10/2025;1346,75;Eletro
CLI01100;25/10/2025;465,29;Informática
CLI01102;15/07/2023;1862,12;Cama/Mesa/Banho
CLI01102;29/10/2023;798,19;Móveis
CLI01102;06/05/2024;1922,23;Móveis
CLI01102;15/07/2024;462,99;Eletro
CLI01102;09/02/2025;842,79;Móveis
CLI01107;01/11/2024;486,13;Cama/Mesa/Banho
CLI01107;03/12/2025;1640,7;Cama/Mesa/Banho
CLI01109;27/07/2025;541,47;Cama/Mesa/Banho
CLI01109;24/10/2025;460,72;Eletro
CLI01114;18/11/2023;682,91;Cama/Mesa/Banho
CLI01114;25/12/2023;281,17;Informática
CLI01114;18/07/2024;1690,76;Cama/Mesa/Banho
CLI01114;11/02/2026;3156,73;Eletro
CLI01115;23/07/2025;2069,93;Informática
CLI01121;17/05/2024;1165,26;Cama/Mesa/Banho
CLI01121;26/05/2024;365,5;Móveis
CLI01121;20/06/2024;625,16;Informática
CLI01121;06/01/2025;2014,95;Eletro
CLI01121;14/06/2025;412,58;Eletro
CLI01121;25/11/2025;1167,09;Móveis
CLI01123;19/12/2023;1315,51;Informática
CLI01123;04/03/2026;1130,14;Informática
CLI01124;18/02/2023;799,12;Móveis
CLI01124;09/01/2024;1180,12;Informática
CLI01124;16/03/2024;940,86;Eletro
CLI01124;20/03/2024;318,71;Eletro
CLI01124;24/06/2024;463,98;Informática
CLI01124;22/08/2025;1430,56;Informática
CLI01125;15/05/2024;2801,89;Eletro
CLI01125;01/06/2025;1098,94;Eletro
CLI01126;24/08/2023;1582,99;Informática
CLI01126;04/12/2023;249,47;Móveis
CLI01126;17/09/2024;730,56;Informática
CLI01126;22/03/2025;1187,05;Cama/Mesa/Banho
CLI01126;26/07/2025;340,51;Móveis
CLI01126;24/01/2026;1415,09;Eletro
CLI01127;17/06/2023;426,98;Móveis
CLI01127;17/05/2024;441,51;Cama/Mesa/Banho
CLI01127;28/08/2025;1201,44;Eletro
CLI01129;15/03/2024;1493,77;Eletro
CLI01129;09/07/2024;1704,87;Móveis
CLI01129;02/01/2025;354,46;Informática
CLI01131;06/08/2023;687,69;Cama/Mesa/Banho
CLI01131;09/11/2024;2118,6;Móveis
CLI01131;12/01/2025;889,91;Informática
CLI01131;25/01/2025;1560,02;Eletro
CLI01131;23/10/2025;1636,95;Cama/Mesa/Banho
CLI01133;09/09/2023;655,11;Cama/Mesa/Banho
CLI01133;12/10/2023;1284,81;Móveis
CLI01133;31/10/2024;343,37;Móveis
CLI01133;25/12/2024;2103,31;Móveis
CLI01133;13/01/2025;1040,17;Eletro
CLI01133;10/08/2025;1477,34;Eletro
CLI01134;21/12/2023;1151,29;Cama/Mesa/Banho
CLI01134;01/09/2025;1529,97;Cama/Mesa/Banho
CLI01135;19/07/2024;771,56;Eletro
CLI01136;05/04/2025;675,79;Eletro
CLI01136;03/11/2025;1455,02;Móveis
CLI01136;09/12/2025;578,83;Cama/Mesa/Banho
CLI01137;24/06/2025;156,36;Informática
CLI01138;08/07/2024;762,52;Móveis
CLI01140;12/10/2023;1936,11;Eletro
CLI01140;02/10/2024;292,79;Cama/Mesa/Banho
CLI01143;21/11/2023;2355,96;Cama/Mesa/Banho
CLI01143;13/03/2024;658,9;Eletro
CLI01143;15/11/2024;439,06;Eletro
CLI01143;19/04/2025;303,5;Informática
CLI01144;21/11/2023;700,99;Informática
CLI01145;02/10/2023;292,9;Informática
CLI01145;23/06/2024;485,9;Eletro
CLI01145;12/05/2025;1273,72;Móveis
CLI01150;04/10/2024;720,29;Informática
CLI01150;17/06/2025;422,81;Móveis
CLI01151;30/09/2023;1689,3;Eletro
CLI01151;01/02/2025;934,48;Móveis
CLI01151;13/08/2025;1668,48;Móveis
CLI01152;28/06/2023;1466,17;Informática
CLI01152;26/10/2024;793,79;Informática
CLI01152;31/03/2025;2728,81;Cama/Mesa/Banho
CLI01152;02/12/2025;256,65;Eletro
CLI01154;28/08/2024;608,98;Móveis
CLI01154;03/03/2025;454,06;Eletro
CLI01154;12/05/2025;1238,83;Eletro
CLI01154;22/05/2025;1278,75;Eletro
CLI01154;05/12/2025;412,2;Cama/Mesa/Banho
CLI01155;31/10/2023;644,75;Cama/Mesa/Banho
CLI01156;23/02/2023;262,07;Móveis
CLI01156;17/12/2023;834,52;Cama/Mesa/Banho
CLI01156;21/02/2024;654,66;Informática
CLI01156;02/03/2025;382,41;Informática
CLI01156;08/04/2025;272,54;Informática
CLI01156;27/06/2025;2031,85;Cama/Mesa/Banho
CLI01159;18/08/2024;874,99;Cama/Mesa/Banho
CLI01159;24/11/2025;219,87;Cama/Mesa/Banho
CLI01160;05/06/2023;501,33;Eletro
CLI01160;12/08/2023;461,46;Móveis
CLI01160;22/08/2023;211,73;Móveis
CLI01160;15/05/2024;466,53;Informática
CLI01160;03/06/2024;415,26;Eletro
CLI01160;04/02/2026;1238,68;Móveis
CLI01161;24/08/2025;2525,61;Móveis
CLI01161;11/10/2025;1058,3;Cama/Mesa/Banho
CLI01162;01/08/2024;4199,38;Eletro
CLI01162;01/06/2025;485,32;Cama/Mesa/Banho
CLI01163;07/01/2023;510,74;Informática
CLI01163;14/06/2023;290,88;Eletro
CLI01163;25/09/2023;279,24;Móveis
CLI01163;25/05/2024;859,09;Cama/Mesa/Banho
CLI01163;05/10/2024;662,99;Cama/Mesa/Banho
CLI01163;21/07/2025;425,07;Cama/Mesa/Banho
CLI01169;30/10/2023;216,43;Cama/Mesa/Banho
CLI01169;14/01/2024;465,79;Eletro
CLI01170;27/11/2023;200,28;Cama/Mesa/Banho
CLI01171;22/08/2024;1936,29;Cama/Mesa/Banho
CLI01171;16/01/2025;1173,5;Cama/Mesa/Banho
CLI01171;09/03/2026;898,26;Informática
CLI01173;17/01/2023;705,7;Móveis
CLI01173;29/05/2023;759,57;Móveis
CLI01173;10/09/2023;1103,8;Eletro
CLI01173;18/11/2023;496,09;Móveis
CLI01173;13/03/2025;529,96;Móveis
CLI01173;18/05/2025;508,36;Eletro
CLI01173;31/08/2025;1135,09;Eletro
CLI01173;25/11/2025;538,16;Móveis
CLI01174;07/10/2024;905,27;Eletro
CLI01176;26/06/2024;1712,14;Cama/Mesa/Banho
CLI01177;17/06/2023;598,38;Móveis
CLI01177;14/05/2024;511,23;Móveis
CLI01177;07/06/2024;413,09;Cama/Mesa/Banho
CLI01177;04/07/2025;1205,22;Cama/Mesa/Banho
CLI01179;23/10/2025;991,21;Móveis
CLI01180;19/12/2023;492,93;Cama/Mesa/Banho
CLI01180;01/01/2024;1030,98;Móveis
CLI01180;05/01/2024;279,54;Móveis
CLI01180;29/04/2024;1575,08;Eletro
CLI01180;22/12/2024;1469,21;Cama/Mesa/Banho
CLI01180;11/07/2025;931,83;Móveis
CLI01180;26/11/2025;202,22;Eletro
CLI01185;20/08/2024;277,79;Móveis
CLI01185;14/02/2026;841,69;Cama/Mesa/Banho
CLI01187;25/06/2024;233,92;Móveis
CLI01187;26/08/2024;528,47;Informática
CLI01188;28/10/2024;348,36;Informática
CLI01188;21/04/2025;670,19;Informática
CLI01191;04/08/2023;563,93;Cama/Mesa/Banho
CLI01191;13/08/2023;1010,25;Eletro
CLI01191;26/11/2023;339,81;Cama/Mesa/Banho
CLI01191;29/04/2024;1321,44;Cama/Mesa/Banho
CLI01195;27/06/2024;908,9;Informática
CLI01196;16/01/2024;663,47;Cama/Mesa/Banho
CLI01196;19/03/2025;439,98;Eletro
CLI01196;23/03/2025;794,15;Cama/Mesa/Banho
CLI01197;23/05/2023;378,36;Informática
CLI01197;26/10/2024;2452,41;Móveis
CLI01197;06/08/2025;1307,25;Informática
CLI01197;16/11/2025;1311,37;Cama/Mesa/Banho
CLI01199;13/09/2024;250,81;Móveis
CLI01203;03/10/2023;1057,44;Cama/Mesa/Banho
CLI01203;31/03/2024;526,58;Móveis
CLI01205;02/03/2024;1754,88;Informática
CLI01205;14/07/2025;437,3;Eletro
CLI01206;05/08/2024;711,15;Informática
CLI01206;06/01/2026;478,64;Cama/Mesa/Banho
CLI01207;05/03/2025;839,64;Cama/Mesa/Banho
CLI01208;27/08/2023;1216,22;Informática
CLI01211;10/04/2024;250,89;Informática
CLI01212;18/09/2022;357,7;Cama/Mesa/Banho
CLI01214;09/08/2024;880,21;Informática
CLI01214;14/10/2024;2594,45;Eletro
CLI01214;15/10/2024;332,54;Informática
CLI01214;16/11/2024;483,78;Eletro
CLI01214;22/12/2024;753,21;Eletro
CLI01214;13/04/2025;1212,11;Cama/Mesa/Banho
CLI01214;23/09/2025;563,53;Móveis
CLI01219;30/07/2023;443,41;Móveis
CLI01219;19/08/2023;1486,9;Informática
CLI01219;07/02/2026;1917,08;Cama/Mesa/Banho
CLI01222;15/04/2025;1855,68;Cama/Mesa/Banho
CLI01223;26/08/2023;912,03;Eletro
CLI01223;04/06/2025;570,9;Eletro
CLI01223;14/06/2025;867,37;Informática
CLI01226;31/01/2024;393,17;Móveis
CLI01226;05/05/2024;4927,18;Cama/Mesa/Banho
CLI01226;06/07/2024;753,69;Móveis
CLI01226;05/06/2025;1664,89;Cama/Mesa/Banho
CLI01227;12/04/2025;261,64;Móveis
CLI01228;12/11/2024;1442,3;Cama/Mesa/Banho
CLI01228;08/06/2025;1002,78;Cama/Mesa/Banho
CLI01229;19/04/2023;1800,25;Móveis
CLI01229;18/02/2024;422,43;Eletro
CLI01229;28/04/2025;447,89;Eletro
CLI01230;21/05/2024;299,19;Cama/Mesa/Banho
CLI01230;27/10/2024;248,32;Informática
CLI01230;29/11/2024;1294,09;Informática
CLI01230;03/02/2025;1687,53;Cama/Mesa/Banho
CLI01230;13/05/2025;637,35;Móveis
CLI01230;17/10/2025;989,21;Eletro
CLI01234;26/11/2022;292,7;Eletro
CLI01234;18/01/2026;248,96;Informática
CLI01235;23/08/2023;912,46;Cama/Mesa/Banho
CLI01237;30/10/2024;517,02;Móveis
CLI01237;06/01/2026;384,51;Informática
CLI01238;08/09/2023;1955,35;Móveis
CLI01238;31/12/2023;2948,61;Eletro
CLI01238;10/02/2024;1888,19;Informática
CLI01238;10/04/2025;867,44;Informática
CLI01238;08/05/2025;644,75;Informática
CLI01239;03/02/2024;254,36;Móveis
CLI01240;16/02/2024;1920,51;Cama/Mesa/Banho
CLI01242;01/05/2023;187,54;Móveis
CLI01242;26/05/2023;676,85;Eletro
CLI01242;21/04/2024;722,41;Móveis
CLI01242;21/10/2024;1248,27;Móveis
CLI01242;15/10/2025;194,25;Informática
CLI01244;07/08/2023;2825,33;Eletro
CLI01244;27/08/2023;1052,83;Eletro
CLI01244;30/06/2024;768,73;Eletro
CLI01245;07/11/2024;1002,56;Eletro
CLI01245;22/03/2025;534,45;Cama/Mesa/Banho
CLI01245;19/07/2025;473,35;Cama/Mesa/Banho
CLI01251;13/12/2024;868,69;Informática
CLI01251;16/08/2025;881,27;Informática
CLI01253;26/03/2025;666,24;Informática
CLI01254;27/08/2023;1008,55;Cama/Mesa/Banho
CLI01254;09/12/2023;449,79;Cama/Mesa/Banho
CLI01254;29/09/2025;290,7;Cama/Mesa/Banho
CLI01254;09/03/2026;1126,1;Cama/Mesa/Banho
CLI01256;07/11/2023;1731,13;Móveis
CLI01257;12/12/2023;647,22;Móveis
CLI01260;25/08/2023;320,47;Móveis
CLI01260;23/05/2024;420,19;Informática
CLI01260;18/11/2024;778,97;Cama/Mesa/Banho
CLI01260;10/12/2025;362,43;Eletro
CLI01261;12/10/2023;373,59;Informática
CLI01261;06/11/2023;822,65;Cama/Mesa/Banho
CLI01261;02/08/2024;541,42;Cama/Mesa/Banho
CLI01261;26/10/2025;1200,54;Eletro
CLI01263;10/03/2026;1242,29;Eletro
CLI01265;05/02/2024;600,49;Móveis
CLI01265;17/10/2025;3151,42;Cama/Mesa/Banho
CLI01267;11/02/2023;401,73;Eletro
CLI01267;06/05/2023;1091,45;Cama/Mesa/Banho
CLI01267;02/10/2023;758,59;Móveis
CLI01267;27/09/2024;1682,85;Móveis
CLI01267;16/04/2025;503,68;Eletro
CLI01269;28/08/2024;752,0;Cama/Mesa/Banho
CLI01273;03/12/2023;331,49;Eletro
CLI01273;13/10/2024;861,77;Cama/Mesa/Banho
CLI01273;25/02/2026;195,67;Informática
CLI01274;22/04/2024;338,63;Eletro
CLI01274;05/06/2024;337,18;Informática
CLI01274;01/08/2024;1073,06;Eletro
CLI01274;30/08/2024;876,31;Informática
CLI01274;29/11/2024;1636,47;Móveis
CLI01274;20/12/2024;1216,95;Móveis
CLI01274;01/12/2025;321,58;Cama/Mesa/Banho
CLI01275;04/03/2024;148,36;Eletro
CLI01275;27/01/2025;370,73;Eletro
CLI01275;01/02/2025;582,75;Informática
CLI01275;27/02/2025;1332,53;Cama/Mesa/Banho
CLI01275;22/02/2026;1040,56;Eletro
CLI01276;04/02/2024;1299,18;Eletro
CLI01276;16/01/2025;1856,05;Cama/Mesa/Banho
CLI01276;11/09/2025;941,7;Informática
CLI01276;20/09/2025;1325,22;Móveis
CLI01277;06/01/2024;385,73;Cama/Mesa/Banho
CLI01277;21/03/2025;585,39;Cama/Mesa/Banho
CLI01278;16/12/2023;2270,15;Móveis
CLI01279;17/09/2022;359,21;Informática
CLI01279;18/12/2024;604,93;Informática
CLI01279;09/04/2025;535,62;Informática
CLI01280;29/08/2023;410,72;Eletro
CLI01281;09/02/2025;684,61;Cama/Mesa/Banho
CLI01281;05/04/2025;1242,11;Móveis
CLI01281;10/06/2025;690,76;Eletro
CLI01281;27/01/2026;868,14;Móveis
CLI01282;07/12/2023;659,77;Informática
CLI01282;01/01/2024;688,74;Móveis
CLI01286;08/10/2024;773,87;Cama/Mesa/Banho
CLI01286;25/02/2025;816,23;Cama/Mesa/Banho
CLI01287;14/12/2023;695,9;Cama/Mesa/Banho
CLI01288;09/11/2024;533,76;Cama/Mesa/Banho
CLI01289;21/09/2024;503,22;Cama/Mesa/Banho
CLI01292;10/01/2024;1735,85;Eletro
CLI01292;06/03/2024;288,97;Eletro
CLI01292;04/05/2024;625,93;Móveis
CLI01293;17/04/2025;959,11;Móveis
CLI01294;24/11/2023;591,44;Informática
CLI01294;06/10/2024;1492,62;Cama/Mesa/Banho
CLI01294;23/02/2026;385,14;Móveis
CLI01296;27/10/2025;271,39;Informática
CLI01297;25/03/2024;694,56;Móveis
CLI01298;28/08/2023;798,98;Cama/Mesa/Banho
CLI01298;14/10/2024;462,36;Móveis
CLI01300;25/03/2023;775,76;Móveis
CLI01300;05/10/2024;886,05;Cama/Mesa/Banho
CLI01300;03/01/2025;766,42;Móveis
CLI01301;31/07/2024;685,62;Informática
CLI01302;30/05/2023;366,27;Cama/Mesa/Banho
CLI01303;02/06/2023;328,9;Cama/Mesa/Banho
CLI01303;18/11/2023;1347,59;Móveis
CLI01303;13/04/2024;2523,72;Informática
CLI01303;04/09/2024;3366,25;Informática
CLI01303;08/11/2024;340,0;Cama/Mesa/Banho
CLI01303;10/05/2025;2582,58;Informática
CLI01303;29/05/2025;727,64;Móveis
CLI01303;25/06/2025;676,32;Informática
CLI01304;24/08/2023;1763,82;Eletro
CLI01304;07/09/2023;497,16;Informática
CLI01304;28/03/2024;978,28;Eletro
CLI01304;20/07/2024;1333,57;Eletro
CLI01304;02/11/2024;262,54;Eletro
CLI01304;06/12/2024;1219,32;Cama/Mesa/Banho
CLI01304;14/05/2025;1286,59;Informática
CLI01304;02/06/2025;816,47;Informática
CLI01304;27/11/2025;434,24;Cama/Mesa/Banho
CLI01304;02/01/2026;3305,56;Eletro
CLI01305;30/04/2024;423,64;Informática
CLI01305;13/12/2024;138,41;Cama/Mesa/Banho
CLI01305;06/07/2025;541,18;Eletro
CLI01306;17/04/2024;1177,38;Cama/Mesa/Banho
CLI01306;13/08/2025;628,14;Eletro
CLI01309;24/12/2023;454,52;Eletro
CLI01309;16/02/2026;515,39;Móveis
CLI01309;18/02/2026;529,5;Móveis
CLI01312;15/05/2024;1406,07;Cama/Mesa/Banho
CLI01312;29/08/2024;284,8;Cama/Mesa/Banho
CLI01314;11/03/2026;399,65;Eletro
CLI01315;08/07/2024;681,9;Móveis
CLI01315;11/10/2025;381,36;Móveis
CLI01318;13/10/2023;522,08;Eletro
CLI01318;06/03/2024;278,22;Informática
CLI01318;26/05/2025;862,38;Cama/Mesa/Banho
CLI01319;09/05/2024;363,35;Informática
CLI01319;25/07/2024;471,66;Móveis
CLI01319;05/10/2024;1242,17;Cama/Mesa/Banho
CLI01319;20/06/2025;574,88;Eletro
CLI01321;03/10/2025;726,08;Informática
CLI01325;30/03/2025;647,52;Móveis
CLI01326;26/08/2024;246,85;Eletro
CLI01327;15/06/2023;2140,69;Móveis
CLI01327;02/02/2026;331,13;Eletro
CLI01328;07/04/2024;609,72;Eletro
CLI01328;30/01/2025;352,0;Cama/Mesa/Banho
CLI01329;14/03/2026;561,17;Eletro
CLI01330;23/04/2024;333,18;Informática
CLI01331;04/10/2023;1886,31;Eletro
CLI01331;25/12/2025;1099,38;Eletro
CLI01332;06/11/2024;788,0;Eletro
CLI01333;25/12/2024;3447,03;Móveis
CLI01337;25/10/2024;690,88;Eletro
CLI01337;14/03/2026;779,8;Eletro
CLI01338;17/08/2023;1177,26;Eletro
CLI01338;21/05/2024;881,51;Eletro
CLI01338;03/11/2024;3650,86;Móveis
CLI01338;23/11/2025;352,47;Móveis
CLI01343;31/10/2024;1103,66;Móveis
CLI01343;24/12/2024;1217,76;Informática
CLI01345;11/09/2023;328,38;Cama/Mesa/Banho
CLI01347;01/11/2023;597,74;Informática
CLI01347;19/02/2025;860,49;Informática
CLI01349;23/05/2023;455,26;Cama/Mesa/Banho
CLI01349;21/11/2025;555,39;Informática
CLI01350;13/12/2023;382,33;Eletro
CLI01350;13/12/2023;867,11;Informática
CLI01350;05/05/2025;1064,46;Cama/Mesa/Banho
CLI01352;12/11/2023;1378,85;Cama/Mesa/Banho
CLI01352;15/08/2025;368,76;Móveis
CLI01352;16/11/2025;1766,93;Móveis
CLI01354;15/10/2023;1020,44;Cama/Mesa/Banho
CLI01354;19/01/2024;692,09;Cama/Mesa/Banho
CLI01354;07/12/2025;298,37;Eletro
CLI01355;31/10/2025;520,49;Móveis
CLI01357;05/06/2024;683,4;Informática
CLI01357;09/01/2025;627,74;Móveis
CLI01357;10/03/2026;339,74;Informática
CLI01358;03/03/2023;1204,32;Móveis
CLI01358;09/04/2023;1120,55;Cama/Mesa/Banho
CLI01358;14/05/2023;1512,64;Móveis
CLI01358;21/04/2024;638,83;Eletro
CLI01358;17/07/2024;568,07;Cama/Mesa/Banho
CLI01358;29/09/2024;342,67;Eletro
CLI01358;05/12/2024;942,38;Informática
CLI01358;21/02/2025;623,62;Móveis
CLI01359;26/04/2025;1827,08;Informática
CLI01360;19/11/2023;2158,32;Eletro
CLI01360;27/03/2025;867,2;Eletro
CLI01365;03/09/2023;700,05;Informática
CLI01365;07/09/2023;672,23;Eletro
CLI01365;26/08/2025;1121,87;Informática
CLI01368;23/12/2023;299,71;Móveis
CLI01370;27/03/2024;696,36;Eletro
CLI01373;24/11/2024;194,87;Eletro
CLI01373;17/09/2025;680,31;Informática
CLI01375;07/05/2024;363,02;Informática
CLI01375;06/03/2026;597,13;Informática
CLI01376;26/09/2023;430,55;Cama/Mesa/Banho
CLI01376;14/11/2024;315,23;Eletro
CLI01377;24/11/2023;648,31;Móveis
CLI01377;26/01/2026;166,19;Móveis
CLI01379;07/01/2023;1061,01;Móveis
CLI01379;13/10/2023;482,27;Eletro
CLI01379;28/02/2024;384,42;Informática
CLI01379;26/08/2024;1305,91;Móveis
CLI01379;26/02/2025;1975,08;Cama/Mesa/Banho
CLI01379;04/04/2025;1099,0;Informática
CLI01379;27/05/2025;117,47;Informática
CLI01380;03/10/2023;373,11;Móveis
CLI01381;16/11/2024;990,48;Móveis
CLI01381;16/11/2025;1645,73;Eletro
CLI01382;28/11/2022;447,18;Cama/Mesa/Banho
CLI01382;23/07/2023;713,46;Eletro
CLI01383;30/06/2023;337,72;Cama/Mesa/Banho
CLI01383;19/01/2024;962,34;Eletro
CLI01383;15/03/2024;534,77;Cama/Mesa/Banho
CLI01383;24/01/2025;448,49;Eletro
CLI01385;11/02/2024;1619,38;Móveis
CLI01385;01/04/2025;963,44;Eletro
CLI01385;19/07/2025;1610,08;Cama/Mesa/Banho
CLI01385;08/08/2025;708,92;Informática
CLI01385;03/10/2025;1304,38;Móveis
CLI01386;11/01/2023;1931,19;Cama/Mesa/Banho
CLI01386;29/07/2025;3676,9;Móveis
CLI01389;01/10/2023;1332,15;Eletro
CLI01389;01/12/2024;2508,74;Cama/Mesa/Banho
CLI01389;15/12/2025;126,08;Cama/Mesa/Banho
CLI01390;23/12/2023;339,74;Informática
CLI01390;01/02/2024;434,46;Cama/Mesa/Banho
CLI01390;22/10/2024;258,75;Informática
CLI01390;13/08/2025;507,71;Móveis
CLI01394;05/05/2024;3059,89;Informática
CLI01394;25/12/2024;477,41;Móveis
CLI01397;25/04/2025;715,86;Móveis
CLI01397;13/10/2025;981,4;Móveis
CLI01398;26/10/2024;410,64;Eletro
CLI01398;13/12/2024;4681,37;Móveis
CLI01398;30/03/2025;1069,1;Cama/Mesa/Banho
CLI01398;14/04/2025;1250,92;Eletro
CLI01398;06/01/2026;451,79;Cama/Mesa/Banho
CLI01400;16/02/2024;2000,12;Móveis
CLI01400;22/11/2024;951,64;Informática
CLI01400;13/05/2025;572,08;Informática
CLI01401;23/08/2023;531,44;Móveis
CLI01401;16/02/2026;435,62;Eletro
CLI01401;23/02/2026;981,87;Informática
CLI01402;31/03/2023;460,64;Informática
CLI01402;26/09/2023;544,79;Eletro
CLI01402;29/06/2025;1662,24;Móveis
CLI01405;23/09/2025;2346,92;Cama/Mesa/Banho
CLI01407;04/12/2025;231,32;Móveis
CLI01408;11/06/2024;169,4;Cama/Mesa/Banho
CLI01408;18/07/2024;671,56;Informática
CLI01410;22/04/2024;1644,16;Móveis
CLI01410;31/05/2024;1718,2;Eletro
CLI01410;15/09/2024;381,01;Eletro
CLI01410;07/03/2025;1608,5;Eletro
CLI01412;27/12/2023;1400,73;Cama/Mesa/Banho
CLI01413;23/05/2024;613,39;Cama/Mesa/Banho
CLI01413;31/12/2024;465,56;Móveis
CLI01414;31/03/2024;560,34;Cama/Mesa/Banho
CLI01416;30/04/2024;775,66;Eletro
CLI01419;10/11/2024;904,28;Cama/Mesa/Banho
CLI01419;25/05/2025;522,71;Cama/Mesa/Banho
CLI01419;02/09/2025;1690,49;Móveis
CLI01422;01/12/2023;1126,23;Cama/Mesa/Banho
CLI01422;22/03/2025;784,6;Móveis
CLI01423;27/01/2025;350,71;Móveis
CLI01423;21/09/2025;335,41;Móveis
CLI01423;07/10/2025;378,66;Eletro
CLI01425;30/10/2024;3055,64;Cama/Mesa/Banho
CLI01425;10/08/2025;600,83;Móveis
CLI01426;15/04/2024;384,33;Cama/Mesa/Banho
CLI01427;30/11/2024;3738,26;Eletro
CLI01427;16/01/2025;154,5;Informática
CLI01428;02/03/2026;636,26;Móveis
CLI01431;09/10/2023;341,22;Móveis
CLI01431;05/10/2024;897,84;Móveis
CLI01432;22/02/2024;2461,99;Informática
CLI01432;14/05/2024;859,98;Móveis
CLI01432;11/11/2024;2028,74;Informática
CLI01434;05/03/2026;860,5;Cama/Mesa/Banho
CLI01436;04/05/2025;2967,58;Informática
CLI01437;17/04/2024;556,81;Móveis
CLI01438;06/11/2023;380,7;Cama/Mesa/Banho
CLI01438;14/11/2023;824,15;Eletro
CLI01438;05/03/2025;349,67;Cama/Mesa/Banho
CLI01438;12/02/2026;213,53;Móveis
CLI01440;26/08/2023;320,11;Móveis
CLI01440;08/02/2024;574,82;Cama/Mesa/Banho
CLI01441;25/11/2025;1433,26;Informática
CLI01442;22/05/2024;589,41;Móveis
CLI01442;14/08/2025;207,87;Informática
CLI01442;07/09/2025;656,4;Cama/Mesa/Banho
CLI01443;07/03/2026;446,27;Móveis
CLI01444;07/11/2023;241,45;Informática
CLI01444;04/08/2024;1166,28;Eletro
CLI01446;20/07/2023;1400,39;Cama/Mesa/Banho
CLI01446;08/12/2023;189,07;Informática
CLI01446;10/02/2024;704,53;Informática
CLI01446;04/11/2024;2598,14;Móveis
CLI01446;05/07/2025;207,59;Móveis
CLI01449;27/09/2024;1423,28;Móveis
CLI01449;18/12/2025;782,49;Eletro
CLI01450;18/08/2024;293,58;Móveis
CLI01452;16/07/2024;191,42;Eletro
CLI01454;10/01/2024;755,62;Informática
CLI01454;09/02/2024;706,64;Informática
CLI01454;14/02/2024;560,89;Informática
CLI01454;27/08/2025;589,06;Móveis
CLI01458;15/07/2024;638,77;Eletro
CLI01458;26/10/2024;694,1;Cama/Mesa/Banho
CLI01458;21/09/2025;723,43;Móveis
CLI01461;04/11/2023;977,35;Informática
CLI01461;06/03/2026;1257,92;Cama/Mesa/Banho
CLI01462;23/09/2023;2259,36;Eletro
CLI01462;05/02/2024;1105,96;Eletro
CLI01462;29/08/2024;386,36;Eletro
CLI01462;09/01/2025;601,65;Eletro
CLI01462;07/02/2026;384,37;Móveis
CLI01465;15/10/2024;201,76;Eletro
CLI01466;25/11/2023;2667,96;Móveis
CLI01466;16/03/2024;5257,5;Eletro
CLI01466;14/05/2025;628,35;Eletro
CLI01466;28/10/2025;757,33;Informática
CLI01466;04/02/2026;159,01;Cama/Mesa/Banho
CLI01467;05/07/2024;374,89;Informática
CLI01470;24/12/2024;1360,04;Cama/Mesa/Banho
CLI01470;01/05/2025;205,91;Informática
CLI01470;17/02/2026;1109,64;Cama/Mesa/Banho
CLI01471;06/08/2025;311,1;Móveis
CLI01476;03/01/2025;599,96;Eletro
CLI01476;14/03/2025;878,24;Móveis
CLI01478;07/04/2024;310,05;Móveis
CLI01478;24/06/2024;991,8;Eletro
CLI01480;25/01/2023;2932,85;Móveis
CLI01481;10/12/2024;513,59;Móveis
CLI01481;12/05/2025;880,31;Móveis
CLI01481;21/09/2025;850,77;Eletro
CLI01482;17/11/2023;575,43;Móveis
CLI01482;15/06/2025;676,06;Informática
CLI01482;10/09/2025;555,82;Móveis
CLI01482;26/12/2025;2751,98;Eletro
CLI01484;23/04/2024;721,8;Cama/Mesa/Banho
CLI01484;14/06/2024;2105,93;Eletro
CLI01484;26/09/2024;575,46;Eletro
CLI01484;08/01/2025;1185,84;Cama/Mesa/Banho
CLI01484;18/11/2025;2965,26;Móveis
CLI01484;12/12/2025;910,11;Móveis
CLI01484;23/01/2026;839,68;Cama/Mesa/Banho
CLI01490;09/05/2025;1718,87;Móveis
CLI01490;21/10/2025;927,15;Cama/Mesa/Banho
CLI01490;27/02/2026;660,71;Cama/Mesa/Banho
CLI01492;20/09/2023;694,28;Cama/Mesa/Banho
CLI01492;26/11/2024;1666,93;Móveis
CLI01492;18/04/2025;568,19;Eletro
CLI01492;17/11/2025;508,28;Informática
CLI01492;13/02/2026;399,73;Eletro
CLI01493;26/02/2024;337,19;Informática
CLI01493;28/04/2024;1057,17;Eletro
CLI01493;13/09/2025;755,0;Eletro
CLI01496;09/09/2024;1133,99;Cama/Mesa/Banho
CLI01498;05/06/2023;603,99;Móveis
CLI01498;09/01/2024;1163,24;Eletro
CLI01498;22/10/2025;2419,87;Móveis
CLI01498;14/02/2026;522,11;Eletro
CLI01499;18/03/2025;1436,58;Eletro
CLI01499;23/04/2025;815,12;Informática
CLI01500;25/03/2023;1253,88;Cama/Mesa/Banho
CLI01500;29/06/2024;1098,78;Eletro
CLI01500;15/05/2025;646,73;Cama/Mesa/Banho
CLI01501;16/04/2025;302,47;Cama/Mesa/Banho
CLI01503;05/10/2023;715,65;Informática
CLI01503;29/04/2024;1319,94;Eletro
CLI01503;19/11/2025;1544,83;Móveis
CLI01503;19/02/2026;742,2;Informática
CLI01505;13/02/2026;322,44;Móveis
CLI01508;05/10/2023;1071,37;Móveis
CLI01512;12/06/2023;1442,23;Eletro
CLI01512;05/05/2024;1434,21;Eletro
CLI01512;16/09/2025;279,59;Informática
CLI01514;13/01/2024;4350,38;Eletro
CLI01514;15/03/2024;1642,9;Cama/Mesa/Banho
CLI01515;28/05/2025;478,61;Eletro
CLI01516;16/03/2023;1271,83;Móveis
CLI01516;20/04/2025;339,34;Informática
CLI01517;02/02/2024;412,07;Informática
CLI01517;17/03/2024;965,33;Eletro
CLI01517;25/11/2024;494,79;Móveis
CLI01518;14/02/2024;421,08;Eletro
CLI01518;08/05/2025;1282,04;Eletro
CLI01518;12/09/2025;231,59;Eletro
CLI01519;30/09/2024;431,19;Cama/Mesa/Banho
CLI01521;08/11/2023;330,72;Eletro
CLI01521;22/12/2023;1737,44;Móveis
CLI01521;07/01/2024;536,16;Eletro
CLI01521;18/02/2025;598,7;Cama/Mesa/Banho
CLI01521;18/12/2025;229,95;Informática
CLI01522;24/11/2023;239,76;Eletro
CLI01522;29/01/2024;194,13;Cama/Mesa/Banho
CLI01522;14/01/2025;576,05;Cama/Mesa/Banho
CLI01522;19/10/2025;391,76;Informática
CLI01523;12/10/2023;1120,55;Móveis
CLI01524;13/03/2024;333,95;Eletro
CLI01524;02/06/2024;127,95;Informática
CLI01525;17/08/2023;518,28;Informática
CLI01525;18/08/2023;403,03;Cama/Mesa/Banho
CLI01525;30/05/2025;3440,17;Cama/Mesa/Banho
CLI01531;24/12/2023;1153,49;Cama/Mesa/Banho
CLI01533;03/07/2023;713,12;Móveis
CLI01533;22/05/2025;328,23;Móveis
CLI01536;24/01/2024;1090,32;Eletro
CLI01536;26/02/2024;458,64;Eletro
CLI01536;05/06/2024;1624,12;Eletro
CLI01536;22/05/2025;2099,84;Móveis
CLI01539;24/03/2024;792,34;Informática
CLI01540;13/01/2024;666,58;Eletro
CLI01540;23/08/2024;1062,98;Cama/Mesa/Banho
CLI01543;19/11/2023;3215,06;Informática
CLI01543;12/04/2025;997,06;Informática
CLI01545;01/10/2024;959,94;Cama/Mesa/Banho
CLI01545;13/09/2025;1037,42;Informática
CLI01545;16/10/2025;274,2;Cama/Mesa/Banho
CLI01545;27/10/2025;246,6;Móveis
CLI01548;01/08/2024;865,88;Eletro
CLI01548;21/10/2024;187,93;Cama/Mesa/Banho
CLI01548;12/11/2024;737,14;Informática
CLI01548;23/02/2025;855,99;Cama/Mesa/Banho
CLI01549;10/02/2024;1259,65;Informática
CLI01549;08/05/2025;726,41;Móveis
CLI01550;10/09/2023;514,35;Cama/Mesa/Banho
CLI01552;30/08/2023;913,55;Cama/Mesa/Banho
CLI01552;25/09/2024;267,89;Eletro
CLI01552;26/03/2025;1007,09;Cama/Mesa/Banho
CLI01552;31/05/2025;325,74;Móveis
CLI01552;16/08/2025;600,7;Eletro
CLI01553;17/11/2023;653,46;Informática
CLI01553;02/01/2024;640,81;Móveis
CLI01553;31/01/2024;244,17;Informática
CLI01553;30/11/2025;572,49;Eletro
CLI01553;04/12/2025;1777,45;Móveis
CLI01554;11/03/2023;653,84;Eletro
CLI01554;04/10/2023;2630,18;Informática
CLI01554;14/12/2023;351,7;Cama/Mesa/Banho
CLI01554;14/07/2024;358,46;Eletro
CLI01554;26/08/2024;627,19;Móveis
CLI01554;14/05/2025;656,92;Móveis
CLI01554;17/05/2025;389,67;Cama/Mesa/Banho
CLI01554;20/11/2025;1385,37;Eletro
CLI01555;04/04/2024;385,2;Móveis
CLI01558;08/10/2023;480,19;Cama/Mesa/Banho
CLI01559;06/08/2023;759,54;Móveis
CLI01561;12/02/2024;744,04;Cama/Mesa/Banho
CLI01563;07/08/2023;530,4;Móveis
CLI01563;27/09/2024;1197,19;Cama/Mesa/Banho
CLI01563;13/09/2025;311,79;Informática
CLI01563;18/01/2026;2234,81;Móveis
CLI01564;01/08/2025;1174,28;Móveis
CLI01569;27/11/2023;218,41;Eletro
CLI01569;31/08/2025;2322,61;Móveis
CLI01571;10/10/2023;1780,95;Móveis
CLI01571;29/09/2024;309,69;Cama/Mesa/Banho
CLI01571;30/12/2024;2392,26;Móveis
CLI01571;13/05/2025;628,4;Móveis
CLI01571;01/02/2026;3017,25;Informática
CLI01572;10/01/2023;195,07;Cama/Mesa/Banho
CLI01572;16/10/2023;814,49;Móveis
CLI01572;29/10/2024;850,75;Móveis
CLI01573;16/11/2022;1038,06;Cama/Mesa/Banho
CLI01573;08/07/2023;528,87;Informática
CLI01573;26/04/2024;610,24;Informática
CLI01573;24/03/2025;369,95;Informática
CLI01574;11/08/2024;1266,12;Informática
CLI01574;12/08/2024;847,83;Cama/Mesa/Banho
CLI01574;06/04/2025;422,2;Cama/Mesa/Banho
CLI01574;22/04/2025;1212,8;Informática
CLI01575;05/05/2024;1159,6;Cama/Mesa/Banho
CLI01579;02/09/2022;470,08;Informática
CLI01580;24/01/2024;806,57;Informática
CLI01580;23/06/2024;942,41;Informática
CLI01580;10/12/2025;427,04;Móveis
CLI01581;13/04/2024;965,44;Cama/Mesa/Banho
CLI01581;30/01/2026;1154,78;Móveis
CLI01582;15/06/2024;2881,92;Informática
CLI01584;21/11/2023;514,16;Móveis
CLI01587;07/05/2024;711,6;Móveis
CLI01587;01/12/2025;1771,68;Cama/Mesa/Banho
CLI01591;12/01/2025;1768,53;Informática
CLI01593;01/02/2024;314,04;Informática
CLI01593;10/07/2024;513,23;Cama/Mesa/Banho
CLI01593;10/09/2024;619,86;Móveis
CLI01593;08/12/2024;524,98;Informática
CLI01594;01/02/2024;324,53;Informática
CLI01594;02/02/2024;591,91;Móveis
CLI01594;12/04/2024;650,18;Eletro
CLI01595;06/02/2024;823,16;Informática
CLI01595;06/03/2025;1325,29;Cama/Mesa/Banho
CLI01595;06/05/2025;761,7;Móveis
CLI01596;18/02/2023;525,4;Móveis
CLI01598;21/04/2024;149,28;Móveis
CLI01598;14/12/2024;461,11;Móveis
CLI01598;20/12/2024;307,08;Móveis
CLI01598;02/06/2025;295,73;Informática
CLI01598;30/09/2025;3082,87;Móveis
CLI01598;02/12/2025;2628,43;Móveis
CLI01599;07/08/2024;655,98;Informática
CLI01599;12/10/2025;437,03;Cama/Mesa/Banho
CLI01602;04/04/2024;199,49;Eletro
CLI01602;07/05/2024;835,95;Informática
CLI01603;11/10/2025;725,61;Informática
CLI01604;18/08/2023;446,48;Cama/Mesa/Banho
CLI01604;23/12/2023;1174,48;Móveis
CLI01604;16/05/2025;1319,78;Móveis
CLI01605;26/11/2023;2148,93;Cama/Mesa/Banho
CLI01605;29/01/2024;520,56;Cama/Mesa/Banho
CLI01605;30/09/2024;562,81;Informática
CLI01605;05/05/2025;1269,82;Eletro
CLI01607;22/10/2023;521,67;Eletro
CLI01607;18/12/2025;1270,41;Móveis
CLI01608;21/07/2025;653,84;Eletro
CLI01610;16/07/2024;382,9;Cama/Mesa/Banho
CLI01610;04/09/2024;487,22;Eletro
CLI01610;23/11/2025;793,48;Eletro
CLI01610;27/11/2025;1301,32;Eletro
CLI01611;26/09/2023;146,02;Eletro
CLI01611;02/11/2023;694,77;Cama/Mesa/Banho
CLI01611;13/02/2024;330,11;Eletro
CLI01611;06/04/2025;815,95;Informática
CLI01611;19/01/2026;695,32;Móveis
CLI01611;15/03/2026;349,52;Eletro
CLI01613;06/09/2023;348,21;Eletro
CLI01613;23/10/2023;200,53;Eletro
CLI01613;13/11/2023;410,93;Informática
CLI01613;20/12/2025;996,13;Eletro
CLI01614;03/10/2023;529,23;Informática
CLI01614;09/04/2025;178,24;Eletro
CLI01614;13/05/2025;394,68;Eletro
CLI01616;21/09/2023;2295,63;Cama/Mesa/Banho
CLI01616;07/06/2025;822,69;Informática
CLI01619;21/02/2026;800,89;Cama/Mesa/Banho
CLI01620;29/02/2024;543,82;Cama/Mesa/Banho
CLI01620;29/08/2024;2761,74;Informática
CLI01620;08/11/2025;745,13;Cama/Mesa/Banho
CLI01621;15/11/2023;184,84;Cama/Mesa/Banho
CLI01622;22/09/2023;424,71;Informática
CLI01622;20/04/2025;2362,37;Eletro
CLI01623;31/12/2023;145,84;Móveis
CLI01626;05/07/2025;740,3;Móveis
CLI01627;14/02/2025;1265,13;Cama/Mesa/Banho
CLI01627;08/06/2025;1032,67;Informática
CLI01627;28/10/2025;319,01;Cama/Mesa/Banho
CLI01629;25/03/2024;454,92;Cama/Mesa/Banho
CLI01629;26/03/2024;1065,83;Eletro
CLI01629;10/03/2026;712,07;Móveis
CLI01633;28/05/2024;1947,97;Móveis
CLI01633;24/08/2024;698,89;Informática
CLI01633;16/11/2024;987,18;Móveis
CLI01633;24/01/2025;179,35;Cama/Mesa/Banho
CLI01634;28/11/2024;1575,36;Eletro
CLI01634;19/02/2025;418,77;Eletro
CLI01634;08/03/2025;557,42;Informática
CLI01634;19/05/2025;838,18;Móveis
CLI01637;30/07/2024;974,46;Móveis
CLI01637;02/04/2025;953,52;Móveis
CLI01638;26/12/2023;598,87;Eletro
CLI01638;22/01/2024;1669,49;Cama/Mesa/Banho
CLI01638;23/07/2024;3627,15;Informática
CLI01638;03/02/2025;788,5;Informática
CLI01638;25/02/2026;286,0;Informática
CLI01642;19/01/2025;344,99;Eletro
CLI01643;22/07/2024;2899,32;Móveis
CLI01643;02/06/2025;667,27;Móveis
CLI01644;22/08/2025;984,64;Informática
CLI01645;31/05/2024;790,6;Móveis
CLI01646;10/03/2023;141,35;Móveis
CLI01646;20/01/2026;1238,89;Eletro
CLI01647;17/04/2024;1387,76;Informática
CLI01647;22/06/2024;383,86;Cama/Mesa/Banho
CLI01651;26/01/2023;1036,87;Informática
CLI01653;04/10/2024;1586,07;Cama/Mesa/Banho
CLI01656;05/12/2024;422,35;Eletro
CLI01656;02/05/2025;448,37;Eletro
CLI01658;13/06/2024;601,18;Móveis
CLI01658;16/08/2025;975,22;Informática
CLI01659;08/06/2025;311,67;Móveis
CLI01660;10/10/2024;686,24;Informática
CLI01660;03/12/2024;2313,11;Móveis
CLI01660;07/11/2025;978,04;Cama/Mesa/Banho
CLI01662;03/07/2023;399,46;Cama/Mesa/Banho
CLI01662;16/01/2025;1227,48;Eletro
CLI01662;30/05/2025;873,8;Cama/Mesa/Banho
CLI01664;19/04/2024;408,39;Móveis
CLI01664;25/08/2024;248,46;Eletro
CLI01664;18/10/2024;826,61;Cama/Mesa/Banho
CLI01666;07/02/2025;1228,38;Cama/Mesa/Banho
CLI01668;26/10/2023;1548,77;Informática
CLI01668;31/03/2024;340,85;Cama/Mesa/Banho
CLI01668;10/08/2024;295,19;Eletro
CLI01668;26/08/2024;2441,1;Informática
CLI01668;23/09/2024;466,9;Eletro
CLI01668;28/05/2025;458,23;Informática
CLI01668;28/06/2025;1475,62;Informática
CLI01668;19/10/2025;830,41;Cama/Mesa/Banho
CLI01671;25/02/2024;1374,7;Eletro
CLI01672;25/08/2023;1234,78;Cama/Mesa/Banho
CLI01672;23/07/2024;641,87;Eletro
CLI01673;06/08/2023;531,66;Eletro
CLI01674;24/07/2025;441,15;Informática
CLI01675;11/02/2024;271,99;Eletro
CLI01675;25/03/2024;488,52;Eletro
CLI01675;13/12/2024;1035,78;Eletro
CLI01675;07/02/2025;787,65;Eletro
CLI01675;09/05/2025;686,57;Cama/Mesa/Banho
CLI01679;05/02/2025;1012,08;Informática
CLI01679;16/05/2025;1202,39;Eletro
CLI01679;06/02/2026;429,71;Eletro
CLI01681;05/10/2024;528,73;Informática
CLI01682;20/09/2023;331,37;Móveis
CLI01682;22/01/2025;467,86;Móveis
CLI01682;16/02/2025;233,98;Cama/Mesa/Banho
CLI01683;29/03/2025;264,3;Eletro
CLI01683;05/05/2025;524,37;Informática
CLI01683;29/06/2025;394,74;Informática
CLI01683;14/11/2025;435,26;Informática
CLI01683;13/02/2026;102,44;Móveis
CLI01684;21/10/2023;833,58;Móveis
CLI01684;29/07/2024;332,36;Móveis
CLI01684;25/12/2024;803,21;Eletro
CLI01684;23/02/2025;1406,25;Eletro
CLI01684;14/04/2025;1197,85;Eletro
CLI01686;27/10/2023;365,66;Informática
CLI01686;23/05/2024;3386,74;Eletro
CLI01686;24/06/2024;331,56;Cama/Mesa/Banho
CLI01686;19/09/2024;392,39;Cama/Mesa/Banho
CLI01686;26/05/2025;230,2;Móveis
CLI01686;30/10/2025;543,71;Eletro
CLI01686;02/03/2026;380,68;Móveis
CLI01687;25/01/2024;5311,92;Móveis
CLI01690;29/02/2024;229,66;Móveis
CLI01691;02/12/2023;465,56;Eletro
CLI01691;20/05/2025;493,89;Móveis
CLI01691;14/11/2025;1214,52;Móveis
CLI01692;21/06/2024;403,53;Informática
CLI01692;03/12/2024;1097,36;Cama/Mesa/Banho
CLI01692;26/11/2025;867,64;Eletro
CLI01693;25/05/2024;961,59;Informática
CLI01693;04/05/2025;637,44;Móveis
CLI01694;10/09/2025;1052,83;Informática
CLI01695;05/07/2023;371,89;Móveis
CLI01695;25/07/2024;485,84;Móveis
CLI01695;25/01/2025;624,19;Eletro
CLI01696;09/09/2023;456,61;Eletro
CLI01696;13/06/2024;629,53;Móveis
CLI01696;11/12/2024;426,51;Eletro
CLI01696;14/09/2025;657,2;Eletro
CLI01696;03/11/2025;532,87;Informática
CLI01697;22/12/2023;354,12;Móveis
CLI01699;21/04/2025;477,57;Cama/Mesa/Banho
CLI01700;13/12/2024;189,68;Móveis
CLI01700;19/01/2026;561,82;Informática
CLI01701;22/01/2024;970,94;Eletro
CLI01701;27/03/2025;99,1;Eletro
CLI01703;02/07/2023;2027,06;Informática
CLI01703;11/09/2024;455,36;Eletro
CLI01703;18/03/2025;2065,06;Eletro
CLI01703;02/05/2025;389,17;Móveis
CLI01704;24/12/2023;461,95;Cama/Mesa/Banho
CLI01704;29/12/2024;211,12;Cama/Mesa/Banho
CLI01705;25/07/2025;562,83;Eletro
CLI01705;10/08/2025;469,17;Eletro
CLI01706;08/12/2023;634,98;Informática
CLI01706;06/07/2024;440,02;Móveis
CLI01706;16/09/2025;528,78;Informática
CLI01707;11/08/2025;1791,86;Móveis
CLI01710;07/07/2025;544,6;Informática
CLI01715;20/02/2023;480,38;Móveis
CLI01715;16/03/2024;363,26;Informática
CLI01715;29/03/2024;1701,06;Eletro
CLI01719;06/09/2024;1302,62;Eletro
CLI01719;02/04/2025;628,29;Cama/Mesa/Banho
CLI01719;06/07/2025;1978,2;Eletro
CLI01721;13/01/2025;627,75;Eletro
CLI01721;29/05/2025;808,78;Informática
CLI01722;08/08/2024;448,99;Informática
CLI01722;05/09/2025;938,65;Informática
CLI01723;31/01/2025;799,48;Eletro
CLI01724;02/09/2025;1376,96;Eletro
CLI01726;18/04/2024;4209,94;Informática
CLI01726;06/12/2024;741,92;Móveis
CLI01726;08/08/2025;651,46;Móveis
CLI01726;11/02/2026;522,37;Informática
CLI01734;19/07/2024;424,15;Informática
CLI01734;12/01/2025;423,08;Móveis
CLI01734;15/04/2025;3163,37;Eletro
CLI01734;15/04/2025;844,1;Eletro
CLI01734;25/06/2025;1047,71;Informática
CLI01734;10/10/2025;653,02;Móveis
CLI01736;13/04/2024;672,07;Cama/Mesa/Banho
CLI01736;26/01/2026;434,15;Eletro
CLI01741;16/11/2024;425,59;Eletro
CLI01741;01/10/2025;606,18;Móveis
CLI01741;02/10/2025;659,22;Eletro
CLI01741;24/12/2025;387,69;Móveis
CLI01741;24/12/2025;408,11;Cama/Mesa/Banho
CLI01741;21/01/2026;278,84;Cama/Mesa/Banho
CLI01743;20/08/2024;956,62;Eletro
CLI01743;21/06/2025;241,99;Eletro
CLI01745;29/09/2023;375,26;Informática
CLI01745;06/08/2024;610,92;Cama/Mesa/Banho
CLI01745;05/08/2025;3061,21;Cama/Mesa/Banho
CLI01745;23/08/2025;962,42;Cama/Mesa/Banho
CLI01746;25/05/2023;530,87;Eletro
CLI01746;28/08/2023;2083,34;Eletro
CLI01746;13/01/2024;2705,71;Móveis
CLI01746;05/04/2025;360,6;Cama/Mesa/Banho
CLI01746;15/07/2025;331,73;Móveis
CLI01748;01/11/2023;594,98;Cama/Mesa/Banho
CLI01748;12/07/2025;759,93;Informática
CLI01750;24/07/2024;415,29;Móveis
CLI01750;04/01/2025;1527,69;Cama/Mesa/Banho
CLI01753;08/01/2024;404,6;Eletro
CLI01759;14/09/2025;1621,03;Cama/Mesa/Banho
CLI01764;07/07/2024;366,36;Cama/Mesa/Banho
CLI01764;14/07/2024;2884,47;Eletro
CLI01764;29/01/2025;983,72;Cama/Mesa/Banho
CLI01765;04/09/2023;123,48;Eletro
CLI01765;26/10/2023;815,15;Móveis
CLI01766;02/03/2024;791,06;Informática
CLI01766;26/09/2024;689,55;Eletro
CLI01766;02/03/2026;1035,07;Móveis
CLI01768;09/10/2024;871,43;Eletro
CLI01768;09/06/2025;1325,33;Eletro
CLI01770;25/09/2023;552,7;Informática
CLI01770;14/10/2023;3018,81;Informática
CLI01770;29/06/2025;2451,39;Informática
CLI01773;26/07/2023;386,61;Informática
CLI01773;30/09/2023;827,07;Móveis
CLI01773;14/02/2024;687,09;Cama/Mesa/Banho
CLI01773;25/03/2025;651,03;Informática
CLI01774;27/08/2023;1257,25;Informática
CLI01774;12/11/2023;632,1;Cama/Mesa/Banho
CLI01774;27/07/2025;675,71;Cama/Mesa/Banho
CLI01775;05/12/2023;1642,81;Cama/Mesa/Banho
CLI01775;11/04/2024;1061,59;Cama/Mesa/Banho
CLI01775;13/11/2024;1910,65;Móveis
CLI01775;25/04/2025;187,16;Eletro
CLI01775;21/06/2025;941,01;Cama/Mesa/Banho
CLI01775;11/09/2025;433,13;Informática
CLI01775;19/02/2026;916,96;Cama/Mesa/Banho
CLI01776;14/11/2024;741,78;Informática
CLI01777;28/11/2022;1158,71;Móveis
CLI01777;08/03/2025;430,25;Móveis
CLI01778;03/11/2023;345,82;Cama/Mesa/Banho
CLI01778;29/06/2025;938,14;Móveis
CLI01779;09/07/2024;2449,95;Móveis
CLI01779;04/03/2025;470,5;Informática
CLI01782;13/01/2025;891,27;Informática
CLI01782;03/02/2026;629,85;Cama/Mesa/Banho
CLI01783;19/05/2024;495,59;Cama/Mesa/Banho
CLI01783;02/03/2026;435,66;Cama/Mesa/Banho
CLI01783;14/03/2026;1586,86;Móveis
CLI01787;21/01/2023;498,8;Informática
CLI01787;30/11/2023;642,5;Móveis
CLI01787;17/02/2024;611,51;Eletro
CLI01787;03/07/2024;530,01;Cama/Mesa/Banho
CLI01787;27/11/2024;360,41;Móveis
CLI01788;02/11/2023;1336,36;Móveis
CLI01788;12/03/2024;1046,12;Eletro
CLI01792;21/09/2023;193,08;Informática
CLI01792;16/10/2023;532,94;Informática
CLI01792;28/06/2025;2497,55;Cama/Mesa/Banho
CLI01795;18/11/2023;761,63;Móveis
CLI01795;01/07/2024;361,52;Cama/Mesa/Banho
CLI01795;18/11/2024;1018,5;Móveis
CLI01795;12/02/2026;1359,03;Móveis
CLI01796;21/01/2024;409,73;Informática
CLI01796;06/12/2024;555,07;Cama/Mesa/Banho
CLI01796;15/03/2025;969,2;Móveis
CLI01796;04/04/2025;534,35;Informática
CLI01796;15/02/2026;690,14;Informática
CLI01797;10/10/2023;363,04;Cama/Mesa/Banho
CLI01797;13/03/2024;797,99;Eletro
CLI01797;12/04/2024;1215,9;Móveis
CLI01797;14/04/2024;516,36;Eletro
CLI01797;16/01/2025;791,84;Eletro
CLI01797;14/02/2025;1207,27;Eletro
CLI01797;23/02/2025;1319,06;Móveis
CLI01797;21/01/2026;424,27;Informática
CLI01798;24/04/2025;2073,04;Móveis
CLI01798;12/05/2025;1589,5;Cama/Mesa/Banho
CLI01800;27/02/2025;381,55;Móveis
CLI01800;05/09/2025;463,04;Móveis
CLI01801;20/06/2024;1261,51;Móveis
CLI01801;29/11/2024;2237,89;Eletro
CLI01801;25/01/2025;344,0;Eletro
CLI01801;14/09/2025;407,05;Cama/Mesa/Banho
CLI01802;22/05/2025;690,47;Eletro
CLI01803;01/07/2023;1569,52;Informática
CLI01803;05/11/2024;233,42;Móveis
CLI01803;17/10/2025;146,81;Eletro
CLI01803;28/01/2026;454,1;Móveis
CLI01804;25/11/2023;498,13;Móveis
CLI01805;08/06/2024;880,48;Móveis
CLI01807;13/06/2025;1198,37;Móveis
CLI01809;02/05/2023;2108,25;Informática
CLI01809;30/01/2024;351,41;Cama/Mesa/Banho
CLI01809;29/03/2024;337,17;Eletro
CLI01809;07/08/2024;476,03;Eletro
CLI01813;14/11/2024;534,34;Eletro
CLI01813;19/03/2025;396,66;Cama/Mesa/Banho
CLI01813;24/09/2025;253,33;Eletro
CLI01814;16/02/2024;557,12;Informática
CLI01814;23/02/2026;241,31;Cama/Mesa/Banho
CLI01818;11/08/2024;500,45;Informática
CLI01818;27/01/2025;328,32;Cama/Mesa/Banho
CLI01818;03/03/2025;507,41;Móveis
CLI01818;31/05/2025;1257,08;Móveis
CLI01818;04/03/2026;782,93;Móveis
CLI01822;21/07/2024;1050,3;Móveis
CLI01824;27/12/2024;236,85;Móveis
CLI01824;25/09/2025;366,3;Informática
CLI01825;17/05/2025;365,89;Móveis
CLI01826;19/03/2023;535,29;Cama/Mesa/Banho
CLI01826;09/12/2023;1087,67;Eletro
CLI01826;06/01/2024;973,16;Cama/Mesa/Banho
CLI01826;25/06/2024;765,71;Informática
CLI01826;18/07/2024;379,35;Cama/Mesa/Banho
CLI01826;21/03/2025;1703,94;Eletro
CLI01826;20/05/2025;520,39;Informática
CLI01826;18/06/2025;513,78;Informática
CLI01826;27/07/2025;641,48;Cama/Mesa/Banho
CLI01826;14/02/2026;414,32;Eletro
CLI01827;10/03/2024;1535,39;Eletro
CLI01827;16/12/2025;1993,29;Eletro
CLI01831;19/04/2024;288,17;Móveis
CLI01831;15/08/2024;411,58;Móveis
CLI01831;16/12/2024;1211,5;Móveis
CLI01831;25/07/2025;2015,73;Cama/Mesa/Banho
CLI01831;29/01/2026;1412,69;Móveis
CLI01832;08/08/2024;245,2;Móveis
CLI01832;02/10/2025;1314,0;Informática
CLI01833;10/02/2024;219,27;Cama/Mesa/Banho
CLI01833;06/10/2024;1169,39;Informática
CLI01833;22/12/2024;900,72;Cama/Mesa/Banho
CLI01835;19/10/2024;394,01;Móveis
CLI01835;23/07/2025;545,79;Eletro
CLI01835;11/02/2026;678,37;Informática
CLI01838;25/01/2024;1068,05;Móveis
CLI01839;25/11/2023;398,58;Cama/Mesa/Banho
CLI01839;11/01/2024;453,96;Móveis
CLI01840;21/02/2025;635,38;Cama/Mesa/Banho
CLI01840;25/10/2025;532,59;Móveis
CLI01842;06/05/2024;401,29;Cama/Mesa/Banho
CLI01842;14/08/2024;1109,54;Informática
CLI01842;07/09/2025;601,14;Informática
CLI01842;02/11/2025;1085,78;Móveis
CLI01843;20/05/2025;1678,7;Eletro
CLI01844;23/01/2023;138,06;Móveis
CLI01844;24/02/2023;3227,43;Informática
CLI01845;06/01/2024;842,25;Móveis
CLI01846;27/08/2024;791,9;Eletro
CLI01850;29/06/2025;406,43;Móveis
CLI01850;07/11/2025;606,6;Informática
CLI01851;21/08/2023;2931,83;Informática
CLI01851;28/12/2023;253,34;Informática
CLI01851;13/01/2024;390,53;Cama/Mesa/Banho
CLI01851;21/03/2025;2280,75;Informática
CLI01852;04/09/2024;113,16;Informática
CLI01852;25/09/2024;972,81;Informática
CLI01852;20/07/2025;194,42;Móveis
CLI01852;16/08/2025;1733,69;Móveis
CLI01852;26/09/2025;589,18;Cama/Mesa/Banho
CLI01852;07/11/2025;276,22;Cama/Mesa/Banho
CLI01852;13/11/2025;932,99;Informática
CLI01852;03/01/2026;906,42;Móveis
CLI01853;13/04/2023;894,59;Móveis
CLI01853;08/01/2024;557,97;Informática
CLI01853;11/06/2024;682,86;Eletro
CLI01853;13/06/2024;1054,44;Cama/Mesa/Banho
CLI01853;29/07/2024;706,16;Cama/Mesa/Banho
CLI01853;24/08/2024;1758,77;Eletro
CLI01853;02/07/2025;529,73;Móveis
CLI01853;28/10/2025;331,49;Cama/Mesa/Banho
CLI01855;09/11/2023;2331,61;Móveis
CLI01855;15/09/2025;1009,9;Informática
CLI01855;27/11/2025;236,08;Móveis
CLI01857;21/01/2024;239,47;Informática
CLI01857;05/12/2024;500,64;Informática
CLI01859;13/06/2023;687,15;Eletro
CLI01859;24/08/2024;144,2;Móveis
CLI01859;02/12/2024;3046,96;Móveis
CLI01859;24/01/2026;548,75;Cama/Mesa/Banho
CLI01860;02/10/2023;1158,24;Informática
CLI01860;26/07/2024;1680,37;Cama/Mesa/Banho
CLI01860;31/10/2025;839,51;Cama/Mesa/Banho
CLI01862;26/08/2023;663,87;Eletro
CLI01862;19/12/2024;213,26;Móveis
CLI01862;30/09/2025;339,73;Informática
CLI01863;25/02/2024;665,76;Eletro
CLI01864;12/01/2024;657,81;Cama/Mesa/Banho
CLI01864;29/03/2025;773,19;Cama/Mesa/Banho
CLI01865;03/09/2024;841,67;Móveis
CLI01865;26/05/2025;1072,52;Informática
CLI01865;06/10/2025;720,44;Cama/Mesa/Banho
CLI01866;18/05/2024;732,51;Móveis
CLI01866;01/11/2024;862,74;Informática
CLI01868;21/10/2023;231,5;Cama/Mesa/Banho
CLI01868;02/07/2025;1021,27;Móveis
CLI01870;06/02/2024;1207,21;Eletro
CLI01870;09/06/2024;1154,25;Móveis
CLI01870;30/06/2024;999,19;Móveis
CLI01873;05/08/2023;505,88;Eletro
CLI01875;24/06/2024;1023,58;Cama/Mesa/Banho
CLI01876;20/04/2024;2467,83;Informática
CLI01876;12/10/2024;564,68;Informática
CLI01876;26/10/2024;391,29;Móveis
CLI01877;27/07/2024;1001,61;Informática
CLI01877;22/11/2025;2184,98;Informática
CLI01878;09/09/2023;970,03;Eletro
CLI01878;23/04/2025;1008,43;Cama/Mesa/Banho
CLI01878;22/10/2025;391,09;Móveis
CLI01880;24/09/2023;586,7;Eletro
CLI01880;16/10/2023;1085,45;Eletro
CLI01880;19/04/2024;968,96;Informática
CLI01880;30/06/2024;521,76;Cama/Mesa/Banho
CLI01880;02/08/2024;532,91;Móveis
CLI01880;12/01/2025;730,63;Informática
CLI01880;16/01/2025;177,16;Informática
CLI01880;01/03/2026;486,45;Informática
CLI01881;02/09/2025;1038,05;Cama/Mesa/Banho
CLI01881;16/09/2025;800,84;Móveis
CLI01885;11/11/2024;1705,5;Informática
CLI01886;18/09/2023;725,12;Móveis
CLI01886;08/08/2024;525,31;Eletro
CLI01886;16/12/2024;429,74;Informática
CLI01887;19/10/2023;681,37;Móveis
CLI01888;14/12/2023;269,56;Móveis
CLI01889;08/11/2023;206,71;Móveis
CLI01889;03/05/2024;822,3;Informática
CLI01889;06/04/2025;251,46;Eletro
CLI01891;04/02/2023;1713,02;Informática
CLI01891;26/05/2025;95,22;Móveis
CLI01892;13/06/2023;461,66;Móveis
CLI01892;25/07/2024;939,47;Informática
CLI01892;09/07/2025;703,47;Cama/Mesa/Banho
CLI01892;28/10/2025;620,1;Cama/Mesa/Banho
CLI01893;14/11/2024;926,47;Eletro
CLI01893;05/12/2025;501,79;Informática
CLI01896;30/09/2024;754,89;Cama/Mesa/Banho
CLI01900;17/08/2023;582,69;Eletro
CLI01900;03/10/2025;2956,74;Móveis
CLI01904;22/03/2024;382,59;Informática
CLI01904;09/03/2025;722,22;Informática
CLI01904;05/09/2025;1301,76;Informática
CLI01907;05/01/2025;704,61;Eletro
CLI01907;07/01/2025;712,78;Eletro
CLI01908;03/04/2023;1340,89;Cama/Mesa/Banho
CLI01910;03/08/2024;1006,33;Móveis
CLI01910;19/08/2024;1497,07;Cama/Mesa/Banho
CLI01911;10/07/2024;319,6;Informática
CLI01911;18/07/2024;496,86;Informática
CLI01911;22/06/2025;376,87;Cama/Mesa/Banho
CLI01913;01/11/2024;1723,76;Móveis
CLI01916;20/08/2024;5607,22;Informática
CLI01916;14/11/2024;393,91;Informática
CLI01916;22/04/2025;1297,34;Eletro
CLI01917;28/12/2024;390,41;Cama/Mesa/Banho
CLI01918;17/06/2025;690,3;Móveis
CLI01918;27/11/2025;338,4;Cama/Mesa/Banho
CLI01919;15/11/2024;664,81;Cama/Mesa/Banho
CLI01920;22/08/2023;3135,82;Cama/Mesa/Banho
CLI01920;11/02/2024;707,91;Móveis
CLI01922;16/12/2022;669,77;Informática
CLI01922;12/08/2024;786,38;Eletro
CLI01923;22/01/2025;1810,19;Informática
CLI01924;28/08/2023;1255,66;Cama/Mesa/Banho
CLI01924;27/09/2024;2028,79;Cama/Mesa/Banho
CLI01924;08/03/2025;297,19;Informática
CLI01924;04/07/2025;908,27;Informática
CLI01927;03/01/2025;268,96;Cama/Mesa/Banho
CLI01929;17/09/2023;239,86;Informática
CLI01929;15/07/2024;582,39;Informática
CLI01929;23/09/2024;2509,02;Cama/Mesa/Banho
CLI01929;31/05/2025;1099,24;Eletro
CLI01929;23/07/2025;858,5;Cama/Mesa/Banho
CLI01930;01/01/2024;1419,85;Móveis
CLI01931;01/11/2023;1667,4;Informática
CLI01931;27/03/2024;760,85;Cama/Mesa/Banho
CLI01933;26/01/2024;638,99;Eletro
CLI01933;09/09/2024;1090,16;Móveis
CLI01936;08/03/2024;966,86;Cama/Mesa/Banho
CLI01937;19/11/2024;511,37;Eletro
CLI01937;25/10/2025;371,29;Informática
CLI01937;05/02/2026;567,89;Eletro
CLI01938;04/02/2024;64,95;Móveis
CLI01938;19/04/2024;86,38;Eletro
CLI01938;08/09/2024;719,96;Eletro
CLI01938;24/09/2025;181,82;Móveis
CLI01944;02/04/2024;943,99;Móveis
CLI01944;10/08/2024;1071,01;Informática
CLI01945;25/01/2024;1681,71;Eletro
CLI01945;07/04/2024;975,73;Móveis
CLI01945;19/06/2025;1119,87;Eletro
CLI01947;01/11/2023;690,16;Informática
CLI01947;11/11/2023;763,76;Informática
CLI01947;01/03/2026;426,28;Informática
CLI01948;03/11/2023;2985,41;Cama/Mesa/Banho
CLI01952;10/12/2023;394,61;Informática
CLI01952;18/02/2025;472,74;Cama/Mesa/Banho
CLI01952;14/01/2026;905,8;Cama/Mesa/Banho
CLI01953;14/11/2023;1398,02;Informática
CLI01953;01/06/2024;474,98;Eletro
CLI01953;24/05/2025;953,11;Móveis
CLI01953;16/02/2026;1185,48;Eletro
CLI01955;26/11/2024;966,04;Informática
CLI01956;16/10/2024;156,01;Móveis
CLI01956;24/12/2025;412,49;Informática
CLI01958;16/01/2024;543,56;Móveis
CLI01958;20/01/2024;738,58;Móveis
CLI01958;04/09/2025;2627,38;Eletro
CLI01960;20/03/2025;304,52;Eletro
CLI01960;11/03/2026;2273,32;Móveis
CLI01962;12/11/2023;1096,53;Eletro
CLI01962;27/02/2024;524,17;Móveis
CLI01962;01/02/2025;1214,13;Eletro
CLI01962;05/09/2025;317,3;Eletro
CLI01963;16/12/2023;589,79;Cama/Mesa/Banho
CLI01963;24/06/2024;824,85;Eletro
CLI01963;24/01/2025;534,07;Móveis
CLI01963;31/08/2025;1193,17;Informática
CLI01963;31/01/2026;579,83;Cama/Mesa/Banho
CLI01970;29/08/2023;592,6;Eletro
CLI01972;01/04/2024;396,57;Cama/Mesa/Banho
CLI01972;21/07/2024;565,37;Eletro
CLI01972;30/12/2025;3014,78;Eletro
CLI01975;01/09/2023;2969,87;Móveis
CLI01975;06/12/2024;1417,94;Cama/Mesa/Banho
CLI01975;27/04/2025;970,48;Cama/Mesa/Banho
CLI01975;26/07/2025;293,18;Móveis
CLI01976;02/02/2024;689,65;Cama/Mesa/Banho
CLI01978;21/07/2025;1201,97;Móveis
CLI01981;29/02/2024;1162,8;Móveis
CLI01981;02/05/2024;596,34;Informática
CLI01981;23/05/2024;1392,6;Informática
CLI01981;15/10/2024;862,57;Cama/Mesa/Banho
CLI01981;25/02/2025;609,63;Cama/Mesa/Banho
CLI01983;02/01/2024;845,15;Móveis
CLI01984;03/07/2023;771,34;Móveis
CLI01984;20/09/2023;821,82;Informática
CLI01984;04/06/2024;1437,16;Cama/Mesa/Banho
CLI01984;17/12/2024;1811,22;Móveis
CLI01984;07/06/2025;2663,11;Móveis
CLI01984;29/08/2025;702,99;Cama/Mesa/Banho
CLI01984;16/01/2026;374,2;Eletro
CLI01987;06/12/2023;662,97;Informática
CLI01987;28/01/2025;3036,62;Eletro
CLI01987;21/12/2025;636,59;Cama/Mesa/Banho
CLI01988;04/08/2023;1365,17;Eletro
CLI01988;28/01/2024;1507,28;Eletro
CLI01990;10/03/2024;435,81;Móveis
CLI01990;27/07/2024;714,17;Eletro
CLI01990;05/08/2024;2380,57;Informática
CLI01990;13/06/2025;553,9;Informática
CLI01991;01/10/2023;258,64;Cama/Mesa/Banho
CLI01991;31/08/2024;2363,79;Cama/Mesa/Banho
CLI01991;04/09/2024;796,35;Móveis
CLI01993;26/08/2023;337,41;Eletro
CLI01993;21/11/2023;627,06;Cama/Mesa/Banho
CLI01993;18/07/2024;570,28;Móveis
CLI01995;25/03/2024;288,67;Cama/Mesa/Banho
CLI01995;04/09/2024;351,42;Cama/Mesa/Banho
CLI01995;21/11/2024;1751,89;Cama/Mesa/Banho
CLI01995;01/09/2025;1374,94;Cama/Mesa/Banho
CLI01996;20/12/2023;611,42;Informática
CLI01996;17/11/2024;559,24;Informática
CLI01998;01/09/2023;1617,16;Eletro
CLI01998;30/11/2023;746,14;Informática
CLI01998;03/12/2023;482,57;Cama/Mesa/Banho
CLI01998;21/04/2024;901,47;Informática
CLI01998;04/06/2024;1704,88;Informática
CLI01998;31/08/2024;879,37;Informática
CLI01998;30/12/2024;952,75;Informática
CLI01998;09/01/2025;562,5;Móveis
CLI01999;26/08/2024;1796,01;Cama/Mesa/Banho
CLI01999;14/07/2025;380,74;Móveis
CLI01999;02/01/2026;752,2;Móveis
CLI02000;18/10/2023;282,36;Informática
CLI02000;27/10/2023;435,54;Eletro
CLI02000;22/12/2023;369,62;Eletro
CLI02000;09/01/2024;433,17;Móveis
CLI02000;03/06/2024;1344,54;Cama/Mesa/Banho
CLI02000;17/06/2024;1603,54;Móveis
CLI02000;23/11/2024;1505,13;Cama/Mesa/Banho
CLI02000;15/11/2025;649,61;Cama/Mesa/Banho
CLI02004;25/05/2024;950,86;Eletro
CLI02004;08/06/2025;622,86;Informática
CLI02004;11/09/2025;1324,29;Cama/Mesa/Banho
CLI02007;25/08/2024;629,24;Móveis
CLI02007;16/09/2024;532,89;Eletro
CLI02007;25/11/2024;4230,99;Eletro
CLI02007;05/12/2024;551,73;Móveis
CLI02007;17/02/2026;233,44;Móveis
CLI02009;23/12/2023;2234,01;Eletro
CLI02009;03/10/2024;1165,18;Informática
CLI02009;28/06/2025;799,7;Móveis
CLI02009;15/10/2025;846,64;Informática
CLI02010;03/12/2023;2331,05;Móveis
CLI02010;30/12/2023;2116,11;Móveis
CLI02011;01/01/2024;2538,66;Móveis
CLI02011;21/04/2025;919,54;Eletro
CLI02011;11/07/2025;1235,08;Eletro
CLI02012;06/01/2025;444,21;Eletro
CLI02013;08/04/2024;362,88;Móveis
CLI02013;04/12/2024;1000,71;Móveis
CLI02013;28/08/2025;787,19;Eletro
CLI02013;26/02/2026;1207,95;Cama/Mesa/Banho
CLI02015;03/02/2025;390,53;Móveis
CLI02015;11/07/2025;1253,25;Cama/Mesa/Banho
CLI02015;10/08/2025;463,86;Eletro
CLI02016;30/11/2023;2039,14;Informática
CLI02016;11/05/2024;548,86;Eletro
CLI02016;04/07/2024;577,97;Informática
CLI02016;23/02/2025;1232,66;Eletro
CLI02016;20/04/2025;349,16;Cama/Mesa/Banho
CLI02016;07/08/2025;860,68;Cama/Mesa/Banho
CLI02016;13/09/2025;1063,81;Cama/Mesa/Banho
CLI02017;04/02/2025;635,97;Móveis
CLI02018;18/11/2023;182,22;Eletro
CLI02018;14/03/2026;483,72;Informática
CLI02020;15/04/2025;484,48;Eletro
CLI02022;08/04/2024;1650,26;Eletro
CLI02023;08/06/2023;768,17;Informática
CLI02023;12/12/2023;265,16;Eletro
CLI02023;06/05/2024;754,58;Eletro
CLI02024;21/08/2024;652,38;Móveis
CLI02025;11/09/2023;601,47;Eletro
CLI02025;17/09/2024;1062,68;Móveis
CLI02025;11/11/2025;609,37;Informática
CLI02025;04/12/2025;838,26;Eletro
CLI02027;12/02/2025;1463,52;Informática
CLI02028;21/07/2023;712,49;Informática
CLI02028;27/10/2023;4756,28;Eletro
CLI02028;03/06/2024;248,7;Móveis
CLI02028;12/08/2025;1323,21;Cama/Mesa/Banho
CLI02032;03/11/2023;441,46;Móveis
CLI02032;30/11/2023;462,73;Eletro
CLI02032;14/02/2025;475,19;Cama/Mesa/Banho
CLI02036;10/03/2023;840,23;Móveis
CLI02036;21/02/2025;314,72;Informática
CLI02037;24/10/2023;332,87;Eletro
CLI02037;02/01/2024;1228,13;Cama/Mesa/Banho
CLI02037;15/05/2025;525,06;Móveis
CLI02038;13/04/2025;965,36;Móveis
CLI02038;22/08/2025;1198,99;Informática
CLI02038;07/10/2025;382,05;Cama/Mesa/Banho
CLI02041;27/11/2023;321,09;Eletro
CLI02043;02/07/2024;967,02;Eletro
CLI02043;05/12/2024;384,26;Eletro
CLI02043;24/03/2025;652,45;Cama/Mesa/Banho
CLI02046;06/11/2023;470,1;Cama/Mesa/Banho
CLI02046;07/06/2024;306,66;Eletro
CLI02046;11/06/2024;277,99;Informática
CLI02046;09/09/2024;629,54;Informática
CLI02046;05/11/2024;369,35;Informática
CLI02046;22/11/2024;928,85;Cama/Mesa/Banho
CLI02046;05/06/2025;1072,19;Informática
CLI02046;22/08/2025;502,87;Móveis
CLI02046;07/09/2025;640,97;Móveis
CLI02047;21/07/2023;951,71;Informática
CLI02047;16/11/2023;433,26;Eletro
CLI02047;30/08/2024;451,36;Informática
CLI02047;08/06/2025;224,51;Eletro
CLI02048;28/04/2024;404,49;Cama/Mesa/Banho
CLI02052;01/08/2025;481,71;Informática
CLI02053;02/09/2024;929,67;Informática
CLI02053;01/08/2025;248,73;Eletro
CLI02053;27/10/2025;917,42;Cama/Mesa/Banho
CLI02055;21/01/2024;992,06;Eletro
CLI02055;09/11/2025;361,47;Cama/Mesa/Banho
CLI02056;24/08/2023;1110,54;Eletro
CLI02058;10/08/2024;403,23;Informática
CLI02064;28/11/2023;481,4;Móveis
CLI02064;27/01/2024;454,7;Eletro
CLI02066;14/04/2024;383,62;Informática
CLI02066;05/06/2025;1973,47;Cama/Mesa/Banho
CLI02068;07/11/2024;347,75;Informática
CLI02069;06/03/2024;529,03;Eletro
CLI02069;22/05/2024;1462,91;Cama/Mesa/Banho
CLI02071;17/11/2023;1463,45;Móveis
CLI02071;26/04/2024;348,4;Informática
CLI02071;13/05/2025;479,9;Móveis
CLI02073;09/09/2023;1676,72;Cama/Mesa/Banho
CLI02074;28/07/2024;268,31;Informática
CLI02074;23/06/2025;436,21;Eletro
CLI02077;31/05/2025;922,19;Móveis
CLI02078;17/05/2024;1869,94;Cama/Mesa/Banho
CLI02079;20/04/2023;546,46;Móveis
CLI02079;31/08/2023;261,86;Cama/Mesa/Banho
CLI02079;15/12/2023;236,19;Eletro
CLI02079;30/04/2024;374,48;Informática
CLI02079;19/09/2025;381,91;Cama/Mesa/Banho
CLI02079;28/09/2025;415,87;Informática
CLI02084;10/11/2023;6355,16;Informática
CLI02084;29/02/2024;337,38;Cama/Mesa/Banho
CLI02084;24/07/2025;627,49;Móveis
CLI02087;06/09/2023;692,8;Móveis
CLI02087;20/11/2023;1778,35;Informática
CLI02087;07/03/2024;5840,56;Eletro
CLI02088;05/06/2024;1426,72;Cama/Mesa/Banho
CLI02088;28/11/2024;1695,47;Informática
CLI02088;02/01/2025;170,88;Móveis
CLI02088;22/09/2025;1515,39;Eletro
CLI02089;13/09/2023;527,59;Eletro
CLI02089;05/12/2023;474,24;Móveis
CLI02089;19/12/2023;2774,2;Cama/Mesa/Banho
CLI02089;17/12/2024;595,64;Eletro
CLI02089;09/10/2025;652,33;Eletro
CLI02089;28/10/2025;250,85;Informática
CLI02089;17/11/2025;781,87;Eletro
CLI02093;12/02/2026;664,51;Eletro
CLI02095;21/10/2023;531,69;Cama/Mesa/Banho
CLI02095;30/03/2024;4613,81;Móveis
CLI02095;11/11/2024;549,8;Cama/Mesa/Banho
CLI02095;04/04/2025;704,78;Cama/Mesa/Banho
CLI02095;19/06/2025;982,58;Móveis
CLI02095;21/07/2025;1377,84;Informática
CLI02096;23/11/2024;1440,3;Móveis
CLI02097;01/11/2023;717,32;Informática
CLI02097;12/05/2025;695,99;Eletro
CLI02097;04/02/2026;444,39;Cama/Mesa/Banho
CLI02099;18/08/2024;381,02;Eletro
CLI02099;06/09/2025;610,04;Cama/Mesa/Banho
CLI02101;21/02/2024;1177,8;Móveis
CLI02101;27/03/2025;585,97;Eletro
CLI02101;03/04/2025;363,96;Cama/Mesa/Banho
CLI02101;24/05/2025;497,71;Móveis
CLI02101;02/07/2025;242,11;Cama/Mesa/Banho
CLI02108;28/02/2025;526,21;Cama/Mesa/Banho
CLI02108;11/02/2026;207,52;Eletro
CLI02112;04/07/2025;933,33;Informática
CLI02114;01/04/2024;231,26;Eletro
CLI02114;30/10/2024;7021,07;Cama/Mesa/Banho
CLI02115;29/05/2023;2382,15;Cama/Mesa/Banho
CLI02115;23/09/2023;480,13;Eletro
CLI02115;15/11/2023;304,9;Informática
CLI02115;03/09/2025;2445,03;Eletro
CLI02116;17/05/2024;870,49;Informática
CLI02116;10/11/2025;209,15;Móveis
CLI02117;14/10/2023;558,89;Móveis
CLI02117;10/12/2023;350,59;Informática
CLI02117;21/07/2024;1437,12;Cama/Mesa/Banho
CLI02117;08/12/2024;495,34;Eletro
CLI02118;19/06/2024;1672,72;Eletro
CLI02120;05/09/2023;481,11;Eletro
CLI02120;21/06/2024;1032,95;Cama/Mesa/Banho
CLI02120;31/01/2025;251,93;Cama/Mesa/Banho
CLI02120;27/03/2025;378,47;Eletro
CLI02120;12/08/2025;271,14;Cama/Mesa/Banho
CLI02121;23/11/2024;381,64;Cama/Mesa/Banho
CLI02121;16/10/2025;408,09;Eletro
CLI02122;27/03/2023;404,87;Cama/Mesa/Banho
CLI02122;12/10/2025;2299,96;Informática
CLI02123;27/05/2024;742,04;Informática
CLI02123;19/07/2024;485,6;Eletro
CLI02123;12/11/2024;1719,56;Móveis
CLI02125;28/09/2023;360,62;Informática
CLI02126;24/10/2024;384,2;Eletro
CLI02126;29/11/2025;477,03;Eletro
CLI02128;16/05/2025;1183,96;Informática
CLI02129;11/09/2023;2193,41;Eletro
CLI02129;15/02/2024;1485,63;Informática
CLI02129;12/02/2026;713,58;Cama/Mesa/Banho
CLI02131;09/10/2023;1289,04;Informática
CLI02131;07/12/2023;1023,35;Eletro
CLI02131;02/03/2024;592,58;Eletro
CLI02131;10/08/2025;683,91;Informática
CLI02132;27/02/2023;1499,39;Eletro
CLI02132;02/08/2023;920,57;Móveis
CLI02132;26/09/2023;530,89;Informática
CLI02132;27/11/2023;504,54;Eletro
CLI02132;08/12/2023;834,94;Eletro
CLI02132;24/01/2024;634,66;Móveis
CLI02132;15/11/2024;707,12;Cama/Mesa/Banho
CLI02133;23/08/2023;941,16;Eletro
CLI02133;06/11/2023;1789,8;Móveis
CLI02133;18/07/2024;481,68;Cama/Mesa/Banho
CLI02133;05/10/2025;637,8;Informática
CLI02133;30/01/2026;1144,35;Cama/Mesa/Banho
CLI02134;14/05/2025;551,43;Eletro
CLI02134;07/06/2025;604,86;Eletro
CLI02136;02/07/2024;1003,01;Cama/Mesa/Banho
CLI02136;08/11/2024;1961,41;Eletro
CLI02136;26/08/2025;834,07;Eletro
CLI02137;19/06/2024;187,45;Informática
CLI02138;22/08/2023;984,93;Cama/Mesa/Banho
CLI02138;28/08/2023;340,38;Móveis
CLI02138;15/09/2023;869,8;Móveis
CLI02139;10/11/2024;369,93;Informática
CLI02139;09/10/2025;431,32;Móveis
CLI02140;20/07/2023;731,39;Eletro
CLI02140;31/08/2023;585,75;Móveis
CLI02140;08/03/2024;521,3;Cama/Mesa/Banho
CLI02140;23/06/2024;553,12;Informática
CLI02140;01/02/2025;234,64;Eletro
CLI02140;26/07/2025;937,93;Cama/Mesa/Banho
CLI02140;08/09/2025;1754,0;Cama/Mesa/Banho
CLI02143;20/03/2024;441,85;Móveis
CLI02143;25/09/2025;698,26;Cama/Mesa/Banho
CLI02146;14/09/2023;2947,57;Informática
CLI02146;10/04/2025;608,0;Móveis
CLI02149;18/12/2024;659,3;Cama/Mesa/Banho
CLI02149;25/10/2025;993,35;Móveis
CLI02151;11/01/2025;1040,59;Informática
CLI02152;30/11/2023;368,81;Informática
CLI02152;28/01/2025;1957,57;Informática
CLI02153;09/05/2024;1235,59;Eletro
CLI02153;17/09/2024;208,51;Cama/Mesa/Banho
CLI02153;03/12/2025;172,34;Móveis
CLI02154;15/07/2023;1130,65;Informática
CLI02154;28/08/2023;1093,22;Cama/Mesa/Banho
CLI02154;25/12/2023;1479,5;Informática
CLI02154;07/10/2025;1858,24;Móveis
CLI02154;06/02/2026;1362,74;Cama/Mesa/Banho
CLI02155;07/10/2023;283,19;Cama/Mesa/Banho
CLI02155;19/05/2024;899,71;Eletro
CLI02155;06/12/2025;1467,51;Informática
CLI02158;27/03/2024;717,55;Informática
CLI02158;07/06/2025;451,45;Móveis
CLI02158;23/01/2026;235,02;Móveis
CLI02159;06/12/2023;339,38;Informática
CLI02160;27/01/2023;1194,88;Informática
CLI02160;31/10/2024;1031,19;Informática
CLI02160;21/07/2025;1810,64;Eletro
CLI02160;03/11/2025;1408,96;Cama/Mesa/Banho
CLI02162;12/09/2024;540,7;Eletro
CLI02166;16/04/2025;560,69;Informática
CLI02169;23/04/2024;661,4;Móveis
CLI02169;06/06/2024;790,34;Cama/Mesa/Banho
CLI02170;04/02/2024;921,38;Móveis
CLI02171;24/03/2023;985,83;Eletro
CLI02172;09/01/2024;615,9;Cama/Mesa/Banho
CLI02172;18/02/2024;1961,88;Eletro
CLI02174;11/03/2024;774,07;Móveis
CLI02174;21/03/2024;369,71;Informática
CLI02174;03/09/2024;2065,84;Informática
CLI02174;17/04/2025;575,06;Informática
CLI02174;12/12/2025;633,37;Cama/Mesa/Banho
CLI02174;13/12/2025;1012,39;Eletro
CLI02177;30/07/2023;944,23;Cama/Mesa/Banho
CLI02177;02/08/2024;924,44;Informática
CLI02180;26/07/2023;1733,71;Eletro
CLI02180;18/02/2024;669,08;Eletro
CLI02180;25/06/2024;793,09;Cama/Mesa/Banho
CLI02180;21/08/2025;1051,67;Cama/Mesa/Banho
CLI02181;23/08/2023;2785,91;Eletro
CLI02182;03/04/2025;618,64;Cama/Mesa/Banho
CLI02183;29/04/2024;1099,06;Eletro
CLI02184;17/10/2023;1754,08;Cama/Mesa/Banho
CLI02185;19/01/2025;1565,15;Informática
CLI02187;14/05/2025;545,07;Móveis
CLI02188;26/01/2024;560,3;Móveis
CLI02188;13/05/2024;866,4;Informática
CLI02188;07/08/2024;1108,29;Eletro
CLI02188;05/09/2025;1187,9;Móveis
CLI02188;01/10/2025;908,65;Informática
CLI02192;13/08/2023;1306,53;Cama/Mesa/Banho
CLI02192;11/11/2023;744,84;Eletro
CLI02192;20/03/2024;2838,81;Cama/Mesa/Banho
CLI02192;21/08/2024;1225,2;Informática
CLI02192;20/02/2026;683,92;Móveis
CLI02193;03/05/2024;434,1;Informática
CLI02193;28/06/2025;998,35;Eletro
CLI02193;03/08/2025;511,67;Cama/Mesa/Banho
CLI02193;18/10/2025;534,21;Móveis
CLI02194;28/10/2024;1139,29;Eletro
CLI02194;29/08/2025;287,16;Cama/Mesa/Banho
CLI02195;18/02/2025;470,88;Informática
CLI02195;27/10/2025;820,79;Cama/Mesa/Banho
CLI02196;17/01/2024;1264,54;Informática
CLI02196;04/03/2025;739,2;Eletro
CLI02197;04/02/2024;1439,96;Móveis
CLI02199;13/01/2024;930,18;Móveis
CLI02199;08/08/2025;1000,32;Informática
CLI02200;31/07/2025;375,54;Cama/Mesa/Banho
CLI02201;09/10/2023;2022,44;Cama/Mesa/Banho
CLI02201;08/04/2024;796,88;Eletro
CLI02201;02/05/2024;914,15;Eletro
CLI02201;09/01/2025;811,33;Cama/Mesa/Banho
CLI02201;02/07/2025;1035,09;Informática
CLI02201;19/07/2025;1489,93;Móveis
CLI02208;18/08/2023;972,34;Móveis
CLI02208;15/05/2024;1197,37;Eletro
CLI02208;06/09/2024;665,13;Eletro
CLI02208;21/12/2024;291,79;Cama/Mesa/Banho
CLI02208;19/03/2025;2107,89;Informática
CLI02209;09/10/2023;1285,58;Cama/Mesa/Banho
CLI02209;09/11/2023;799,49;Informática
CLI02209;23/06/2024;436,24;Informática
CLI02210;27/05/2024;987,09;Móveis
CLI02213;29/05/2024;741,71;Cama/Mesa/Banho
CLI02214;08/11/2024;1413,25;Informática
CLI02219;05/02/2024;1003,48;Eletro
CLI02219;25/04/2024;237,64;Eletro
CLI02219;02/09/2024;1191,45;Cama/Mesa/Banho
CLI02222;27/02/2024;859,37;Informática
CLI02222;02/12/2024;473,28;Eletro
CLI02222;04/07/2025;198,63;Cama/Mesa/Banho
CLI02223;31/07/2024;611,05;Informática
CLI02223;23/08/2024;720,72;Informática
CLI02223;07/05/2025;723,03;Cama/Mesa/Banho
CLI02230;15/07/2023;712,12;Móveis
CLI02231;12/03/2024;1431,88;Eletro
CLI02231;18/07/2024;901,2;Móveis
CLI02233;17/09/2023;306,17;Informática
CLI02233;04/10/2023;1615,46;Móveis
CLI02233;21/01/2024;5729,36;Móveis
CLI02233;04/11/2025;372,57;Informática
CLI02234;27/04/2024;112,45;Móveis
CLI02236;29/11/2023;805,44;Informática
CLI02236;02/07/2024;976,27;Cama/Mesa/Banho
CLI02236;21/09/2024;426,87;Informática
CLI02236;24/10/2024;1127,79;Eletro
CLI02236;18/06/2025;474,26;Informática
CLI02237;06/02/2025;1993,31;Informática
CLI02238;21/10/2023;486,02;Cama/Mesa/Banho
CLI02238;25/03/2024;467,2;Informática
CLI02238;15/11/2024;1121,21;Informática
CLI02238;20/02/2025;947,34;Cama/Mesa/Banho
CLI02238;05/11/2025;247,35;Eletro
CLI02241;13/10/2023;596,41;Informática
CLI02241;29/01/2024;1045,61;Cama/Mesa/Banho
CLI02241;29/12/2024;962,97;Móveis
CLI02241;16/05/2025;175,78;Cama/Mesa/Banho
CLI02245;07/12/2023;1182,89;Cama/Mesa/Banho
CLI02245;23/01/2024;1202,76;Informática
CLI02245;06/01/2025;1292,93;Móveis
CLI02245;16/02/2025;586,04;Informática
CLI02246;15/10/2025;3201,1;Cama/Mesa/Banho
CLI02247;11/06/2024;836,42;Informática
CLI02252;23/01/2024;494,0;Eletro
CLI02252;09/05/2024;951,51;Cama/Mesa/Banho
CLI02252;14/10/2024;1069,01;Móveis
CLI02252;31/03/2025;373,1;Cama/Mesa/Banho
CLI02252;13/08/2025;545,1;Móveis
CLI02253;05/07/2024;2725,41;Informática
CLI02253;14/08/2025;282,68;Informática
CLI02254;21/10/2024;211,24;Informática
CLI02254;18/08/2025;1278,88;Eletro
CLI02255;06/12/2023;979,26;Eletro
CLI02255;04/10/2024;792,5;Informática
CLI02255;01/12/2024;661,07;Cama/Mesa/Banho
CLI02255;02/11/2025;1514,96;Informática
CLI02255;29/01/2026;1301,39;Móveis
CLI02258;02/12/2024;340,01;Cama/Mesa/Banho
CLI02259;23/01/2023;751,15;Cama/Mesa/Banho
CLI02259;16/01/2024;1621,19;Móveis
CLI02259;19/07/2024;693,56;Informática
CLI02259;20/09/2024;282,91;Cama/Mesa/Banho
CLI02259;03/05/2025;767,06;Informática
CLI02261;12/05/2023;1123,69;Eletro
CLI02261;23/08/2023;792,26;Informática
CLI02261;19/03/2024;447,53;Cama/Mesa/Banho
CLI02261;30/11/2025;476,92;Cama/Mesa/Banho
CLI02264;09/07/2023;1026,25;Móveis
CLI02267;21/11/2024;534,19;Eletro
CLI02270;02/02/2024;1401,91;Cama/Mesa/Banho
CLI02271;19/12/2024;323,95;Eletro
CLI02271;21/01/2025;566,91;Móveis
CLI02271;12/04/2025;653,95;Cama/Mesa/Banho
CLI02272;10/12/2023;332,16;Móveis
CLI02272;20/12/2023;685,09;Informática
CLI02274;01/06/2024;889,01;Cama/Mesa/Banho
CLI02274;17/09/2025;504,4;Móveis
CLI02275;07/05/2023;468,25;Informática
CLI02275;28/12/2023;786,01;Eletro
CLI02275;09/07/2024;399,36;Móveis
CLI02275;04/12/2024;540,72;Informática
CLI02276;06/07/2025;1279,75;Informática
CLI02282;06/11/2023;473,47;Cama/Mesa/Banho
CLI02282;05/08/2024;1362,68;Informática
CLI02282;18/09/2024;553,01;Eletro
CLI02282;17/12/2024;1908,12;Eletro
CLI02282;12/11/2025;1246,04;Cama/Mesa/Banho
CLI02283;29/04/2023;2548,71;Eletro
CLI02283;19/08/2025;590,02;Móveis
CLI02284;26/01/2023;688,07;Informática
CLI02284;17/09/2023;586,39;Cama/Mesa/Banho
CLI02284;16/03/2025;635,09;Móveis
CLI02284;27/05/2025;290,57;Informática
CLI02286;22/01/2026;1562,56;Eletro
CLI02287;09/11/2023;2439,61;Informática
CLI02287;18/10/2024;596,88;Cama/Mesa/Banho
CLI02287;16/09/2025;451,4;Cama/Mesa/Banho
CLI02288;09/07/2023;145,91;Informática
CLI02288;03/10/2023;1571,27;Móveis
CLI02288;19/04/2024;262,68;Móveis
CLI02288;20/08/2025;453,63;Cama/Mesa/Banho
CLI02288;29/09/2025;2016,46;Cama/Mesa/Banho
CLI02292;13/01/2025;514,04;Móveis
CLI02292;18/11/2025;665,62;Eletro
CLI02292;18/11/2025;983,51;Móveis
CLI02293;12/11/2023;792,44;Informática
CLI02293;17/05/2025;1683,14;Cama/Mesa/Banho
CLI02293;09/02/2026;986,48;Eletro
CLI02296;12/12/2023;866,74;Móveis
CLI02297;22/04/2024;520,02;Móveis
CLI02297;17/06/2024;537,75;Móveis
CLI02298;13/11/2024;1017,09;Cama/Mesa/Banho
CLI02301;20/03/2024;793,85;Cama/Mesa/Banho
CLI02301;11/04/2024;453,75;Informática
CLI02301;04/07/2024;1978,97;Eletro
CLI02301;12/07/2024;1309,85;Móveis
CLI02301;27/03/2025;1074,41;Cama/Mesa/Banho
CLI02301;04/10/2025;184,08;Móveis
CLI02301;15/02/2026;861,97;Móveis
CLI02302;29/05/2025;509,88;Móveis
CLI02302;08/08/2025;582,66;Cama/Mesa/Banho
CLI02303;28/10/2024;2085,83;Cama/Mesa/Banho
CLI02305;20/09/2023;566,06;Móveis
CLI02305;03/08/2024;1016,4;Móveis
CLI02305;08/08/2024;807,9;Informática
CLI02305;20/10/2025;284,15;Cama/Mesa/Banho
CLI02306;17/01/2024;592,06;Informática
CLI02306;29/03/2024;369,47;Informática
CLI02307;20/02/2025;428,65;Eletro
CLI02308;07/06/2024;1191,78;Informática
CLI02308;02/07/2024;3199,4;Móveis
CLI02308;10/07/2024;430,22;Informática
CLI02308;31/08/2024;913,42;Informática
CLI02308;17/02/2025;1947,19;Cama/Mesa/Banho
CLI02308;18/03/2025;380,56;Móveis
CLI02308;30/07/2025;927,59;Eletro
CLI02308;31/07/2025;98,69;Móveis
CLI02310;27/07/2025;1195,48;Eletro
CLI02312;26/10/2023;332,82;Cama/Mesa/Banho
CLI02312;03/04/2024;461,28;Informática
CLI02312;29/06/2024;1254,52;Informática
CLI02312;01/11/2024;671,17;Informática
CLI02312;10/05/2025;1238,8;Informática
CLI02314;23/12/2023;595,0;Cama/Mesa/Banho
CLI02315;05/05/2023;404,21;Informática
CLI02315;21/04/2024;764,76;Eletro
CLI02315;22/05/2024;2118,93;Cama/Mesa/Banho
CLI02315;20/10/2024;435,31;Móveis
CLI02315;23/08/2025;1082,24;Cama/Mesa/Banho
CLI02315;07/11/2025;898,96;Cama/Mesa/Banho
CLI02316;11/01/2025;529,4;Informática
CLI02316;30/01/2025;768,2;Móveis
CLI02318;17/07/2023;316,95;Eletro
CLI02318;29/04/2025;395,65;Eletro
CLI02319;23/06/2024;1038,08;Cama/Mesa/Banho
CLI02319;11/08/2024;897,21;Móveis
CLI02320;08/06/2025;231,71;Móveis
CLI02321;03/06/2023;581,88;Cama/Mesa/Banho
CLI02321;08/10/2023;1405,12;Móveis
CLI02321;04/11/2023;1055,3;Cama/Mesa/Banho
CLI02321;04/07/2024;742,45;Informática
CLI02321;28/09/2024;537,16;Eletro
CLI02321;14/06/2025;842,13;Informática
CLI02321;27/09/2025;1454,64;Eletro
CLI02324;13/11/2023;263,73;Eletro
CLI02324;09/04/2025;586,67;Eletro
CLI02324;16/07/2025;2681,78;Móveis
CLI02326;17/09/2023;850,67;Eletro
CLI02326;10/11/2023;864,7;Eletro
CLI02326;22/03/2024;322,55;Informática
CLI02326;10/08/2024;716,52;Eletro
CLI02326;29/03/2025;393,37;Eletro
CLI02326;19/06/2025;1666,23;Eletro
CLI02326;07/07/2025;1785,86;Eletro
CLI02326;03/10/2025;1344,84;Eletro
CLI02330;01/12/2024;279,62;Eletro
CLI02334;20/03/2024;751,19;Cama/Mesa/Banho
CLI02334;22/10/2025;154,59;Informática
CLI02335;17/11/2024;1068,95;Eletro
CLI02335;07/05/2025;928,23;Móveis
CLI02336;29/05/2024;1204,25;Eletro
CLI02336;28/02/2025;526,86;Eletro
CLI02336;04/04/2025;683,91;Informática
CLI02336;30/01/2026;202,45;Eletro
CLI02338;18/12/2023;1500,31;Móveis
CLI02338;09/06/2024;607,32;Cama/Mesa/Banho
CLI02338;27/11/2024;1017,41;Informática
CLI02339;30/05/2024;665,96;Móveis
CLI02339;17/03/2025;328,18;Eletro
CLI02339;22/04/2025;711,66;Móveis
CLI02339;03/08/2025;2096,35;Informática
CLI02339;05/02/2026;616,48;Móveis
CLI02343;03/01/2025;636,53;Informática
CLI02344;27/06/2024;648,91;Móveis
CLI02344;19/07/2024;1334,46;Informática
CLI02344;30/07/2024;526,98;Informática
CLI02344;09/12/2024;306,68;Eletro
CLI02345;18/07/2025;938,41;Informática
CLI02346;12/01/2024;421,53;Informática
CLI02346;26/09/2024;1498,89;Cama/Mesa/Banho
CLI02347;08/02/2024;785,42;Cama/Mesa/Banho
CLI02347;20/02/2024;1235,25;Móveis
CLI02348;06/05/2025;401,08;Cama/Mesa/Banho
CLI02349;08/08/2023;439,64;Eletro
CLI02349;12/04/2025;1585,62;Móveis
CLI02349;03/10/2025;357,61;Cama/Mesa/Banho
CLI02350;02/11/2023;890,35;Cama/Mesa/Banho
CLI02350;11/08/2024;1413,37;Informática
CLI02350;01/09/2024;2776,66;Cama/Mesa/Banho
CLI02352;16/06/2023;240,06;Informática
CLI02352;23/11/2023;1232,62;Móveis
CLI02352;11/01/2024;794,43;Móveis
CLI02352;24/03/2024;364,45;Eletro
CLI02353;07/01/2024;1408,03;Eletro
CLI02353;09/03/2024;544,52;Cama/Mesa/Banho
CLI02353;20/04/2024;1671,1;Informática
CLI02353;25/01/2025;1023,8;Móveis
CLI02353;23/10/2025;323,59;Eletro
CLI02354;05/10/2023;306,45;Móveis
CLI02354;08/10/2023;1429,27;Móveis
CLI02354;13/10/2024;814,91;Cama/Mesa/Banho
CLI02358;24/09/2023;659,24;Móveis
CLI02358;06/11/2023;328,78;Eletro
CLI02358;09/11/2023;699,34;Cama/Mesa/Banho
CLI02358;28/12/2023;440,08;Cama/Mesa/Banho
CLI02358;26/09/2024;808,03;Cama/Mesa/Banho
CLI02358;27/11/2024;852,63;Móveis
CLI02358;18/04/2025;915,01;Eletro
CLI02358;28/09/2025;1797,63;Cama/Mesa/Banho
CLI02359;19/02/2024;361,68;Eletro
CLI02360;29/07/2023;585,64;Cama/Mesa/Banho
CLI02360;05/08/2025;551,3;Móveis
CLI02363;08/08/2024;843,59;Eletro
CLI02363;23/08/2025;1535,57;Cama/Mesa/Banho
CLI02363;10/01/2026;330,71;Cama/Mesa/Banho
CLI02365;29/08/2023;462,74;Eletro
CLI02366;01/12/2025;200,05;Cama/Mesa/Banho
CLI02366;04/02/2026;2114,62;Informática
CLI02368;13/05/2025;1051,71;Eletro
CLI02371;28/03/2024;424,38;Cama/Mesa/Banho
CLI02371;16/12/2025;751,89;Cama/Mesa/Banho
CLI02372;30/09/2024;1267,8;Eletro
CLI02372;09/03/2026;1327,91;Eletro
CLI02373;20/07/2023;624,83;Cama/Mesa/Banho
CLI02373;08/11/2023;1947,51;Informática
CLI02373;13/01/2024;1212,7;Informática
CLI02375;06/12/2025;693,93;Eletro
CLI02377;18/02/2024;2331,4;Móveis
CLI02377;05/03/2024;2074,4;Eletro
CLI02377;18/10/2024;440,22;Móveis
CLI02377;11/02/2025;680,98;Cama/Mesa/Banho
CLI02379;27/01/2025;303,74;Informática
CLI02380;26/03/2023;870,7;Informática
CLI02381;24/10/2023;283,39;Eletro
CLI02381;05/04/2024;1136,11;Móveis
CLI02381;10/05/2024;275,23;Informática
CLI02381;10/04/2025;1619,38;Móveis
CLI02381;30/09/2025;954,86;Informática
CLI02381;30/11/2025;1230,17;Eletro
CLI02381;08/02/2026;1018,8;Informática
CLI02386;28/06/2023;1484,41;Informática
CLI02386;07/07/2024;891,95;Informática
CLI02387;02/03/2025;2561,47;Informática
CLI02387;02/05/2025;457,81;Eletro
CLI02387;13/08/2025;1855,18;Eletro
CLI02387;19/09/2025;3899,95;Eletro
CLI02390;04/01/2024;472,25;Cama/Mesa/Banho
CLI02390;09/04/2024;585,57;Cama/Mesa/Banho
CLI02390;04/08/2025;580,12;Eletro
CLI02390;25/02/2026;1777,48;Informática
CLI02391;17/04/2025;290,59;Móveis
CLI02396;07/04/2024;654,36;Eletro
CLI02396;26/06/2024;1445,55;Informática
CLI02398;01/12/2023;652,88;Cama/Mesa/Banho
CLI02398;11/07/2024;2680,24;Eletro
CLI02398;24/01/2025;343,73;Cama/Mesa/Banho
CLI02398;19/08/2025;2284,67;Cama/Mesa/Banho
CLI02398;01/03/2026;1187,54;Eletro
CLI02399;30/07/2023;1006,17;Eletro
CLI02399;28/06/2024;560,39;Cama/Mesa/Banho
CLI02401;18/09/2023;924,09;Informática
CLI02401;04/08/2025;330,08;Cama/Mesa/Banho
CLI02402;25/04/2024;923,7;Cama/Mesa/Banho
CLI02402;06/08/2025;907,6;Eletro
CLI02403;10/03/2025;1578,27;Eletro
CLI02404;06/12/2022;983,74;Informática
CLI02404;31/01/2023;627,29;Cama/Mesa/Banho
CLI02404;19/06/2023;433,44;Cama/Mesa/Banho
CLI02404;17/11/2023;1398,14;Cama/Mesa/Banho
CLI02404;10/06/2025;1135,23;Cama/Mesa/Banho
CLI02405;23/01/2024;916,94;Eletro
CLI02405;26/04/2024;791,28;Móveis
CLI02405;12/07/2024;561,86;Eletro
CLI02406;09/04/2023;517,99;Cama/Mesa/Banho
CLI02407;25/02/2025;280,96;Cama/Mesa/Banho
CLI02408;17/09/2024;3153,09;Cama/Mesa/Banho
CLI02409;20/02/2024;359,52;Cama/Mesa/Banho
CLI02409;03/04/2025;1885,26;Cama/Mesa/Banho
CLI02410;11/09/2023;287,83;Eletro
CLI02411;11/11/2023;215,21;Móveis
CLI02413;17/07/2025;980,87;Eletro
CLI02417;03/04/2024;327,1;Cama/Mesa/Banho
CLI02418;01/03/2024;613,92;Móveis
CLI02419;09/10/2023;241,21;Móveis
CLI02419;06/02/2025;760,16;Cama/Mesa/Banho
CLI02419;26/04/2025;1245,49;Informática
CLI02419;07/07/2025;1668,91;Cama/Mesa/Banho
CLI02419;13/02/2026;511,49;Eletro
CLI02420;21/08/2023;603,67;Eletro
CLI02423;29/05/2024;632,12;Móveis
CLI02423;26/01/2026;798,06;Cama/Mesa/Banho
CLI02424;01/02/2024;3319,72;Informática
CLI02424;14/09/2024;866,27;Móveis
CLI02424;15/08/2025;435,74;Informática
CLI02433;05/02/2023;815,18;Informática
CLI02433;24/11/2023;544,88;Móveis
CLI02433;04/10/2024;402,19;Informática
CLI02433;19/07/2025;3184,15;Cama/Mesa/Banho
CLI02433;02/10/2025;1252,82;Eletro
CLI02433;10/12/2025;506,57;Eletro
CLI02434;02/07/2023;478,13;Cama/Mesa/Banho
CLI02434;19/12/2023;949,91;Informática
CLI02434;26/03/2024;376,53;Móveis
CLI02434;19/09/2024;899,76;Cama/Mesa/Banho
CLI02434;19/05/2025;959,14;Eletro
CLI02434;14/08/2025;746,72;Cama/Mesa/Banho
CLI02435;02/02/2023;5360,41;Informática
CLI02435;23/11/2023;865,62;Cama/Mesa/Banho
CLI02435;17/02/2025;401,5;Informática
CLI02436;13/03/2023;604,24;Cama/Mesa/Banho
CLI02436;21/04/2023;807,97;Móveis
CLI02436;13/04/2024;169,18;Informática
CLI02438;26/07/2023;1119,48;Cama/Mesa/Banho
CLI02438;13/08/2024;755,54;Móveis
CLI02438;21/04/2025;2707,2;Informática
CLI02438;09/11/2025;513,8;Eletro
CLI02440;18/07/2025;833,62;Cama/Mesa/Banho
CLI02441;05/10/2023;325,05;Cama/Mesa/Banho
CLI02441;28/09/2024;1232,22;Móveis
CLI02442;17/07/2024;2022,68;Cama/Mesa/Banho
CLI02442;21/02/2026;523,8;Móveis
CLI02443;07/11/2024;351,21;Informática
CLI02444;01/02/2025;510,4;Informática
CLI02446;25/09/2024;1311,15;Informática
CLI02447;13/10/2023;393,18;Eletro
CLI02447;06/11/2023;544,55;Móveis
CLI02447;21/09/2024;281,75;Informática
CLI02447;10/06/2025;265,82;Informática
CLI02448;15/01/2024;326,98;Informática
CLI02448;06/05/2024;2098,1;Cama/Mesa/Banho
CLI02448;05/07/2025;2981,49;Móveis
CLI02449;15/08/2022;126,86;Cama/Mesa/Banho
CLI02449;25/10/2023;226,06;Móveis
CLI02449;27/04/2025;574,19;Informática
CLI02449;11/03/2026;516,26;Móveis
CLI02452;07/04/2023;599,96;Informática
CLI02453;19/03/2023;3119,21;Informática
CLI02453;27/10/2023;705,93;Eletro
CLI02453;10/02/2025;424,12;Cama/Mesa/Banho
CLI02453;08/08/2025;1025,48;Móveis
CLI02454;27/11/2023;1456,85;Móveis
CLI02454;09/01/2024;531,7;Móveis
CLI02454;22/02/2024;1187,49;Eletro
CLI02454;09/03/2024;256,91;Informática
CLI02454;14/03/2026;678,28;Móveis
CLI02456;25/12/2023;852,77;Móveis
CLI02456;17/11/2024;1556,7;Eletro
CLI02456;08/01/2026;880,14;Móveis
CLI02456;09/03/2026;3369,06;Eletro
CLI02457;10/04/2023;391,33;Informática
CLI02458;31/07/2024;2384,41;Móveis
CLI02458;17/08/2024;487,71;Móveis
CLI02458;05/06/2025;1289,84;Eletro
CLI02459;11/08/2024;1082,97;Móveis
CLI02460;04/04/2025;1078,86;Móveis
CLI02460;03/05/2025;2852,22;Informática
CLI02462;25/01/2025;167,09;Cama/Mesa/Banho
CLI02462;05/06/2025;487,18;Cama/Mesa/Banho
CLI02463;04/11/2023;647,42;Informática
CLI02463;03/06/2024;161,67;Cama/Mesa/Banho
CLI02463;23/12/2024;1315,09;Eletro
CLI02464;20/05/2024;330,89;Cama/Mesa/Banho
CLI02464;05/12/2024;105,78;Eletro
CLI02464;05/12/2024;3218,29;Cama/Mesa/Banho
CLI02464;25/10/2025;1223,21;Informática
CLI02464;31/10/2025;587,68;Informática
CLI02464;30/01/2026;343,66;Eletro
CLI02465;30/05/2024;1790,67;Cama/Mesa/Banho
CLI02465;06/11/2025;83,47;Informática
CLI02470;11/08/2023;601,68;Informática
CLI02470;13/08/2024;833,03;Informática
CLI02470;01/11/2025;1272,88;Móveis
CLI02473;09/03/2024;906,17;Móveis
CLI02473;13/10/2024;455,5;Informática
CLI02474;23/08/2024;935,09;Móveis
CLI02474;05/03/2025;510,93;Cama/Mesa/Banho
CLI02475;03/06/2023;772,82;Eletro
CLI02475;08/06/2023;678,65;Móveis
CLI02475;27/12/2023;354,39;Móveis
CLI02475;09/04/2024;1510,69;Móveis
CLI02475;15/02/2025;993,73;Eletro
CLI02475;27/05/2025;112,57;Eletro
CLI02477;16/05/2024;809,17;Cama/Mesa/Banho
CLI02477;01/08/2025;632,89;Cama/Mesa/Banho
CLI02477;23/10/2025;1311,14;Informática
CLI02477;03/12/2025;328,55;Móveis
CLI02482;03/01/2024;214,66;Eletro
CLI02482;20/11/2025;2097,76;Cama/Mesa/Banho
CLI02483;27/07/2025;1061,69;Cama/Mesa/Banho
CLI02483;16/11/2025;1036,08;Móveis
CLI02484;21/03/2024;3013,84;Cama/Mesa/Banho
CLI02484;01/05/2024;555,36;Eletro
CLI02484;30/11/2024;3773,46;Informática
CLI02484;18/12/2024;1342,08;Móveis
CLI02484;24/11/2025;1126,06;Móveis
CLI02485;04/05/2024;772,55;Eletro
CLI02485;09/10/2024;1791,73;Eletro
CLI02486;12/09/2023;877,61;Eletro
CLI02487;26/04/2023;468,57;Cama/Mesa/Banho
CLI02487;05/11/2023;887,73;Móveis
CLI02487;19/03/2025;258,84;Eletro
CLI02489;24/07/2025;1166,94;Móveis
CLI02494;17/09/2023;1638,84;Móveis
CLI02494;30/11/2023;1498,9;Móveis
CLI02494;02/11/2024;379,96;Eletro
CLI02496;20/12/2023;518,16;Móveis
CLI02496;07/03/2024;1273,49;Informática
CLI02496;12/03/2024;160,31;Informática
CLI02496;29/12/2024;1260,07;Móveis
CLI02496;15/02/2025;853,8;Móveis
CLI02496;22/07/2025;531,52;Cama/Mesa/Banho
CLI02496;24/11/2025;1106,1;Cama/Mesa/Banho
CLI02499;04/10/2025;492,91;Móveis
CLI02501;06/01/2025;1716,36;Cama/Mesa/Banho
CLI02503;07/08/2024;1616,56;Eletro
CLI02503;22/03/2025;1449,62;Informática
CLI02503;25/10/2025;538,59;Cama/Mesa/Banho
CLI02506;20/05/2024;263,95;Informática
CLI02506;15/11/2024;298,13;Eletro
CLI02507;17/08/2024;1057,99;Eletro
CLI02508;13/12/2023;646,95;Cama/Mesa/Banho
CLI02508;17/12/2025;154,74;Informática
CLI02510;18/10/2023;2761,44;Móveis
CLI02512;19/11/2025;5019,23;Informática
CLI02513;17/10/2024;2020,66;Eletro
CLI02516;28/11/2024;306,56;Informática
CLI02516;03/02/2025;503,14;Informática
CLI02516;27/04/2025;841,07;Móveis
CLI02517;17/11/2025;610,56;Informática
CLI02517;17/02/2026;736,58;Móveis
CLI02517;07/03/2026;1501,24;Informática
CLI02517;07/03/2026;429,89;Eletro
CLI02518;25/07/2024;532,48;Móveis
CLI02518;22/07/2025;627,7;Eletro
CLI02518;05/11/2025;528,29;Informática
CLI02519;07/11/2023;165,86;Móveis
CLI02521;05/02/2023;1217,64;Eletro
CLI02521;30/08/2023;726,41;Informática
CLI02521;12/12/2023;362,21;Eletro
CLI02521;27/06/2024;2517,81;Informática
CLI02521;30/09/2024;873,34;Informática
CLI02523;13/04/2023;105,94;Móveis
CLI02523;31/05/2024;683,05;Eletro
CLI02523;03/10/2025;1461,0;Informática
CLI02524;25/07/2024;873,34;Informática
CLI02524;26/05/2025;202,05;Cama/Mesa/Banho
CLI02524;18/12/2025;630,2;Cama/Mesa/Banho
CLI02525;19/05/2024;1304,51;Cama/Mesa/Banho
CLI02525;27/07/2024;767,07;Móveis
CLI02525;26/05/2025;1763,3;Cama/Mesa/Banho
CLI02525;11/08/2025;392,47;Eletro
CLI02526;17/09/2025;937,29;Informática
CLI02531;05/01/2025;505,29;Informática
CLI02531;01/04/2025;972,68;Eletro
CLI02531;20/04/2025;279,34;Informática
CLI02537;24/12/2023;1781,39;Informática
CLI02537;16/07/2024;1094,83;Informática
CLI02539;31/12/2023;527,65;Eletro
CLI02539;16/04/2024;1410,26;Cama/Mesa/Banho
CLI02539;07/12/2024;910,97;Cama/Mesa/Banho
CLI02539;12/05/2025;2610,74;Cama/Mesa/Banho
CLI02540;22/08/2023;671,67;Móveis
CLI02540;30/07/2025;2273,98;Informática
CLI02541;07/05/2025;1004,69;Informática
CLI02541;15/05/2025;741,05;Informática
CLI02541;27/06/2025;1929,2;Eletro
CLI02541;12/02/2026;254,22;Móveis
CLI02545;23/10/2025;492,78;Informática
CLI02547;29/09/2023;394,25;Móveis
CLI02547;11/12/2024;2005,05;Cama/Mesa/Banho
CLI02549;06/07/2024;1085,0;Cama/Mesa/Banho
CLI02549;16/09/2024;1238,78;Eletro
CLI02550;07/09/2024;1643,59;Cama/Mesa/Banho
CLI02551;15/02/2025;943,15;Informática
CLI02551;25/07/2025;496,21;Eletro
CLI02552;21/10/2023;796,28;Informática
CLI02552;07/11/2024;714,53;Eletro
CLI02552;20/07/2025;651,91;Informática
CLI02553;19/02/2023;701,15;Informática
CLI02553;15/08/2023;1148,02;Móveis
CLI02553;03/12/2023;740,27;Cama/Mesa/Banho
CLI02553;25/06/2024;576,97;Cama/Mesa/Banho
CLI02553;14/04/2025;487,74;Cama/Mesa/Banho
CLI02553;09/10/2025;388,17;Eletro
CLI02555;30/03/2024;380,31;Cama/Mesa/Banho
CLI02557;02/03/2024;900,0;Informática
CLI02557;02/12/2024;651,34;Eletro
CLI02558;24/10/2025;631,82;Informática
CLI02558;09/03/2026;500,11;Cama/Mesa/Banho
CLI02559;01/12/2024;1154,91;Eletro
CLI02561;08/04/2024;1387,93;Eletro
CLI02562;20/02/2025;296,07;Eletro
CLI02563;13/06/2023;237,25;Móveis
CLI02563;09/07/2023;2408,79;Cama/Mesa/Banho
CLI02564;28/10/2023;1088,81;Informática
CLI02564;10/11/2023;443,68;Informática
CLI02564;15/05/2024;250,43;Informática
CLI02564;18/03/2025;2143,13;Móveis
CLI02564;09/09/2025;583,89;Móveis
CLI02564;26/11/2025;542,51;Eletro
CLI02564;21/01/2026;1791,92;Informática
CLI02571;11/04/2025;452,64;Cama/Mesa/Banho
CLI02575;15/12/2023;4488,59;Informática
CLI02575;29/06/2024;1209,79;Informática
CLI02575;19/01/2025;344,42;Informática
CLI02576;07/02/2026;2143,51;Cama/Mesa/Banho
CLI02578;07/08/2025;574,73;Cama/Mesa/Banho
CLI02578;27/09/2025;2040,01;Cama/Mesa/Banho
CLI02578;07/02/2026;615,46;Eletro
CLI02579;05/11/2023;647,23;Informática
CLI02579;07/02/2025;1437,56;Informática
CLI02579;01/07/2025;235,8;Eletro
CLI02579;04/08/2025;976,45;Informática
CLI02580;31/01/2025;1232,55;Móveis
CLI02580;21/01/2026;618,95;Móveis
CLI02584;15/03/2026;541,5;Móveis
CLI02587;09/09/2023;775,89;Cama/Mesa/Banho
CLI02588;30/10/2025;600,25;Cama/Mesa/Banho
CLI02589;22/11/2023;1039,6;Móveis
CLI02589;16/12/2024;932,41;Eletro
CLI02589;31/05/2025;939,29;Eletro
CLI02589;07/03/2026;595,86;Informática
CLI02594;12/09/2023;226,92;Eletro
CLI02594;25/08/2025;576,11;Informática
CLI02596;11/01/2023;568,76;Móveis
CLI02596;20/04/2024;553,13;Cama/Mesa/Banho
CLI02596;04/08/2024;706,34;Móveis
CLI02596;07/09/2025;984,52;Móveis
CLI02597;28/08/2023;836,56;Eletro
CLI02597;04/02/2024;895,07;Informática
CLI02597;22/08/2024;864,73;Móveis
CLI02597;19/06/2025;968,71;Móveis
CLI02597;26/01/2026;1289,82;Móveis
CLI02599;03/09/2025;1177,9;Móveis
CLI02599;12/09/2025;286,62;Cama/Mesa/Banho
CLI02602;01/05/2024;1562,83;Informática
CLI02602;10/08/2024;1446,56;Eletro
CLI02602;09/06/2025;889,72;Eletro
CLI02603;20/04/2024;613,64;Eletro
CLI02603;05/01/2025;2565,03;Cama/Mesa/Banho
CLI02604;17/09/2023;1112,33;Móveis
CLI02604;02/10/2023;1319,26;Informática
CLI02604;14/12/2024;2242,4;Cama/Mesa/Banho
CLI02604;11/03/2025;103,17;Cama/Mesa/Banho
CLI02604;08/06/2025;258,95;Móveis
CLI02604;10/09/2025;528,27;Cama/Mesa/Banho
CLI02604;04/12/2025;964,43;Móveis
CLI02604;31/12/2025;1940,9;Informática
CLI02604;15/02/2026;997,58;Cama/Mesa/Banho
CLI02608;24/08/2023;814,13;Móveis
CLI02609;17/11/2024;616,54;Informática
CLI02609;05/12/2024;1514,95;Eletro
CLI02609;21/02/2025;940,28;Informática
CLI02610;02/04/2023;1262,37;Cama/Mesa/Banho
CLI02611;17/09/2023;698,41;Eletro
CLI02611;01/10/2023;229,51;Móveis
CLI02611;01/06/2024;1015,77;Informática
CLI02611;16/12/2025;177,01;Cama/Mesa/Banho
CLI02612;01/12/2025;671,15;Eletro
CLI02612;29/01/2026;1673,34;Cama/Mesa/Banho
CLI02616;24/09/2023;1726,04;Móveis
CLI02616;06/11/2024;423,88;Informática
CLI02616;07/08/2025;845,96;Cama/Mesa/Banho
CLI02616;26/10/2025;1074,07;Cama/Mesa/Banho
CLI02617;17/08/2025;643,3;Móveis
CLI02619;26/12/2023;1140,16;Eletro
CLI02620;04/08/2024;342,56;Móveis
CLI02620;27/09/2024;1129,02;Móveis
CLI02622;27/06/2024;1095,67;Eletro
CLI02623;06/09/2023;1009,22;Informática
CLI02624;09/09/2023;454,73;Eletro
CLI02626;01/01/2025;762,88;Informática
CLI02626;31/08/2025;910,2;Móveis
CLI02629;01/02/2024;74,66;Cama/Mesa/Banho
CLI02629;09/05/2025;1044,78;Informática
CLI02629;27/08/2025;1367,29;Eletro
CLI02629;04/02/2026;316,92;Móveis
CLI02634;08/09/2023;811,79;Cama/Mesa/Banho
CLI02634;22/08/2024;548,64;Informática
CLI02634;04/01/2025;1729,54;Móveis
CLI02634;02/04/2025;4179,86;Informática
CLI02634;02/10/2025;723,0;Informática
CLI02634;13/03/2026;666,55;Cama/Mesa/Banho
CLI02636;18/04/2023;975,26;Eletro
CLI02636;23/07/2023;652,46;Cama/Mesa/Banho
CLI02637;31/08/2024;393,08;Informática
CLI02637;03/01/2025;701,46;Informática
CLI02637;03/07/2025;6221,75;Cama/Mesa/Banho
CLI02637;24/02/2026;1113,83;Cama/Mesa/Banho
CLI02638;05/10/2023;2113,2;Móveis
CLI02638;04/09/2024;1121,49;Móveis
CLI02639;28/03/2025;318,02;Informática
CLI02645;30/08/2025;483,26;Eletro
CLI02645;13/01/2026;385,57;Móveis
CLI02647;23/10/2023;673,52;Móveis
CLI02647;12/09/2025;784,08;Eletro
CLI02651;11/06/2024;1831,37;Cama/Mesa/Banho
CLI02651;12/08/2024;465,28;Cama/Mesa/Banho
CLI02651;08/11/2025;605,52;Eletro
CLI02653;18/08/2023;1003,04;Móveis
CLI02653;01/04/2024;185,23;Informática
CLI02654;09/10/2023;821,1;Eletro
CLI02654;29/12/2023;620,14;Eletro
CLI02654;01/11/2024;1142,0;Eletro
CLI02654;22/01/2025;983,78;Informática
CLI02654;02/02/2026;2160,43;Móveis
CLI02654;14/03/2026;1486,19;Móveis
CLI02655;16/11/2023;195,03;Informática
CLI02655;27/12/2023;1782,22;Móveis
CLI02655;24/04/2025;409,21;Móveis
CLI02656;29/06/2023;435,49;Móveis
CLI02657;11/01/2024;543,3;Cama/Mesa/Banho
CLI02657;26/01/2024;902,75;Móveis
CLI02657;07/05/2024;1200,57;Informática
CLI02657;13/03/2025;925,13;Móveis
CLI02657;23/07/2025;612,69;Móveis
CLI02657;17/09/2025;1934,88;Móveis
CLI02658;09/01/2026;317,18;Móveis
CLI02660;27/12/2023;152,08;Informática
CLI02661;07/02/2024;356,91;Informática
CLI02661;20/07/2025;429,0;Móveis
CLI02661;12/02/2026;835,42;Cama/Mesa/Banho
CLI02662;15/08/2025;853,15;Informática
CLI02662;23/02/2026;487,61;Móveis
CLI02667;23/11/2023;804,21;Informática
CLI02667;21/02/2025;647,86;Móveis
CLI02667;23/02/2025;1528,54;Móveis
CLI02667;09/03/2025;845,29;Informática
CLI02667;13/11/2025;1260,7;Eletro
CLI02669;20/09/2023;739,02;Móveis
CLI02669;04/08/2024;546,39;Cama/Mesa/Banho
CLI02669;27/09/2024;1041,72;Informática
CLI02669;04/03/2026;4790,62;Informática
CLI02670;21/01/2024;1382,09;Eletro
CLI02670;16/09/2024;479,14;Eletro
CLI02670;25/10/2025;2674,96;Informática
CLI02671;28/12/2024;371,63;Informática
CLI02671;26/04/2025;198,58;Eletro
CLI02671;29/06/2025;1005,12;Informática
CLI02675;02/07/2023;443,39;Cama/Mesa/Banho
CLI02675;10/04/2024;668,19;Informática
CLI02675;25/06/2024;190,24;Eletro
CLI02675;20/02/2025;836,85;Cama/Mesa/Banho
CLI02675;22/08/2025;898,58;Eletro
CLI02675;07/11/2025;461,42;Cama/Mesa/Banho
CLI02676;06/06/2024;2111,7;Móveis
CLI02676;09/02/2025;2154,24;Cama/Mesa/Banho
CLI02676;16/04/2025;867,48;Informática
CLI02676;23/04/2025;955,48;Eletro
CLI02682;17/09/2023;820,45;Móveis
CLI02682;01/12/2024;713,75;Eletro
CLI02682;18/01/2025;639,46;Eletro
CLI02682;29/12/2025;1723,13;Móveis
CLI02685;03/09/2023;195,14;Cama/Mesa/Banho
CLI02685;15/10/2023;919,0;Informática
CLI02685;22/05/2024;676,05;Cama/Mesa/Banho
CLI02685;08/06/2024;994,22;Informática
CLI02685;02/02/2026;859,42;Móveis
CLI02687;18/05/2024;297,7;Informática
CLI02687;23/08/2024;841,67;Eletro
CLI02687;17/10/2024;364,52;Cama/Mesa/Banho
CLI02687;20/06/2025;1022,34;Informática
CLI02687;22/07/2025;1259,96;Informática
CLI02688;23/01/2024;3742,42;Móveis
CLI02688;19/08/2024;287,06;Cama/Mesa/Banho
CLI02689;30/09/2025;334,28;Cama/Mesa/Banho
CLI02690;28/10/2024;461,39;Informática
CLI02690;16/08/2025;200,57;Móveis
CLI02691;24/10/2025;266,0;Cama/Mesa/Banho
CLI02692;29/03/2023;549,67;Informática
CLI02692;17/02/2025;736,61;Eletro
CLI02692;26/09/2025;1567,63;Móveis
CLI02694;24/09/2023;1094,87;Cama/Mesa/Banho
CLI02694;24/02/2025;558,1;Eletro
CLI02696;25/09/2023;1055,21;Cama/Mesa/Banho
CLI02696;21/02/2024;1831,8;Eletro
CLI02696;22/04/2024;496,58;Informática
CLI02696;11/01/2025;1162,36;Eletro
CLI02696;14/12/2025;1794,59;Móveis
CLI02698;21/03/2025;634,56;Informática
CLI02698;10/10/2025;962,79;Informática
CLI02699;27/05/2024;650,19;Eletro
CLI02699;28/10/2024;840,18;Informática
CLI02699;26/12/2024;423,89;Informática
CLI02699;03/03/2025;476,52;Informática
CLI02699;06/06/2025;295,74;Eletro
CLI02700;18/07/2023;707,93;Móveis
CLI02700;26/03/2025;751,32;Informática
CLI02700;05/06/2025;1058,15;Móveis
CLI02701;01/02/2024;515,26;Cama/Mesa/Banho
CLI02701;26/03/2025;1091,1;Móveis
CLI02701;11/02/2026;1610,85;Eletro
CLI02707;16/08/2023;513,93;Cama/Mesa/Banho
CLI02707;26/11/2024;2634,0;Móveis
CLI02708;13/10/2023;455,56;Eletro
CLI02708;12/03/2024;1709,76;Eletro
CLI02708;08/06/2024;1061,61;Móveis
CLI02708;30/06/2025;690,48;Eletro
CLI02708;14/10/2025;487,13;Informática
CLI02710;27/07/2023;730,08;Informática
CLI02710;27/12/2023;389,49;Cama/Mesa/Banho
CLI02710;06/04/2024;1794,58;Eletro
CLI02711;08/05/2024;2616,49;Informática
CLI02711;06/07/2025;1221,08;Eletro
CLI02711;24/08/2025;321,89;Informática
CLI02713;25/10/2024;1056,67;Informática
CLI02713;24/02/2025;614,49;Cama/Mesa/Banho
CLI02713;10/05/2025;646,0;Móveis
CLI02713;26/09/2025;152,01;Móveis
CLI02716;07/09/2025;343,37;Móveis
CLI02717;30/03/2024;220,73;Eletro
CLI02718;22/10/2023;637,34;Informática
CLI02718;05/05/2024;7875,53;Informática
CLI02718;15/10/2024;286,73;Cama/Mesa/Banho
CLI02718;05/10/2025;910,12;Eletro
CLI02719;13/11/2024;1619,0;Cama/Mesa/Banho
CLI02719;12/05/2025;1858,74;Móveis
CLI02719;26/07/2025;706,12;Eletro
CLI02722;28/01/2024;1159,62;Móveis
CLI02722;30/01/2026;285,58;Eletro
CLI02723;25/08/2024;733,61;Móveis
CLI02725;06/02/2024;2463,5;Móveis
CLI02725;24/01/2026;477,28;Informática
CLI02725;17/02/2026;693,03;Informática
CLI02727;11/11/2023;774,24;Móveis
CLI02727;20/04/2024;849,34;Informática
CLI02727;11/12/2025;790,43;Cama/Mesa/Banho
CLI02731;12/01/2025;689,55;Informática
CLI02734;24/04/2024;298,16;Informática
CLI02734;10/05/2024;956,63;Informática
CLI02734;01/09/2024;1130,83;Eletro
CLI02734;15/10/2024;1418,02;Cama/Mesa/Banho
CLI02734;26/11/2024;304,95;Cama/Mesa/Banho
CLI02735;07/05/2024;1068,17;Informática
CLI02735;29/10/2024;815,28;Móveis
CLI02735;04/03/2026;270,96;Informática
CLI02743;08/03/2023;1045,4;Informática
CLI02743;01/07/2023;1060,6;Eletro
CLI02743;25/02/2024;542,28;Eletro
CLI02743;21/09/2024;2543,28;Informática
CLI02743;22/10/2024;879,35;Informática
CLI02743;26/02/2025;711,49;Informática
CLI02743;16/06/2025;1280,37;Móveis
CLI02746;27/12/2023;312,35;Móveis
CLI02746;06/01/2024;155,07;Informática
CLI02746;18/04/2024;1082,64;Informática
CLI02746;05/07/2025;1118,31;Móveis
CLI02746;05/09/2025;1090,69;Eletro
CLI02746;07/10/2025;707,54;Cama/Mesa/Banho
CLI02746;08/01/2026;319,1;Cama/Mesa/Banho
CLI02746;15/01/2026;1818,64;Móveis
CLI02747;20/08/2023;763,1;Móveis
CLI02747;17/03/2024;684,28;Cama/Mesa/Banho
CLI02748;26/06/2023;271,35;Informática
CLI02748;11/08/2023;1906,66;Informática
CLI02751;01/03/2023;1227,03;Cama/Mesa/Banho
CLI02751;08/06/2023;1623,75;Informática
CLI02751;09/09/2023;548,94;Móveis
CLI02751;29/10/2023;1674,02;Móveis
CLI02751;27/03/2024;2476,28;Informática
CLI02751;17/07/2024;747,64;Informática
CLI02752;24/11/2024;827,43;Eletro
CLI02752;01/05/2025;841,98;Informática
CLI02752;08/10/2025;601,56;Cama/Mesa/Banho
CLI02754;07/09/2023;429,53;Cama/Mesa/Banho
CLI02754;17/05/2024;986,53;Cama/Mesa/Banho
CLI02754;10/11/2024;361,16;Cama/Mesa/Banho
CLI02754;15/10/2025;329,78;Eletro
CLI02754;06/02/2026;482,71;Móveis
CLI02756;04/12/2023;143,18;Informática
CLI02756;03/02/2025;1096,23;Informática
CLI02757;04/02/2025;325,92;Informática
CLI02757;09/12/2025;2597,04;Informática
CLI02761;25/08/2023;520,87;Informática
CLI02761;09/04/2025;350,55;Cama/Mesa/Banho
CLI02763;16/05/2024;582,84;Cama/Mesa/Banho
CLI02765;06/01/2023;2402,79;Eletro
CLI02765;07/01/2025;1053,74;Eletro
CLI02765;23/01/2025;781,42;Eletro
CLI02769;03/01/2024;392,87;Eletro
CLI02769;24/10/2024;396,18;Móveis
CLI02769;10/07/2025;331,32;Eletro
CLI02771;29/01/2024;488,71;Cama/Mesa/Banho
CLI02772;03/11/2023;1550,72;Informática
CLI02773;15/08/2023;546,94;Eletro
CLI02773;30/09/2023;940,8;Informática
CLI02773;27/11/2023;380,18;Eletro
CLI02773;19/01/2024;774,33;Móveis
CLI02773;20/03/2024;367,17;Cama/Mesa/Banho
CLI02773;30/10/2024;417,65;Móveis
CLI02773;16/07/2025;823,51;Cama/Mesa/Banho
CLI02773;04/10/2025;379,27;Eletro
CLI02775;20/10/2023;775,95;Eletro
CLI02775;14/02/2024;752,24;Móveis
CLI02775;10/05/2024;190,52;Informática
CLI02775;03/02/2025;1616,89;Móveis
CLI02779;02/11/2023;256,85;Móveis
CLI02779;01/01/2025;879,74;Móveis
CLI02779;25/05/2025;242,01;Móveis
CLI02779;14/07/2025;634,54;Móveis
CLI02779;13/09/2025;346,48;Eletro
CLI02779;13/11/2025;990,63;Cama/Mesa/Banho
CLI02780;15/06/2024;284,55;Eletro
CLI02781;28/11/2023;1358,18;Eletro
CLI02781;22/12/2025;371,14;Informática
CLI02781;26/01/2026;454,69;Cama/Mesa/Banho
CLI02782;30/12/2023;2240,45;Eletro
CLI02784;26/12/2023;977,16;Informática
CLI02788;17/12/2023;2730,8;Cama/Mesa/Banho
CLI02788;10/11/2024;3379,94;Cama/Mesa/Banho
CLI02788;14/10/2025;658,05;Móveis
