id_contrato;id_cliente;data_venda;loja;canal_venda;valor_total;n_parcelas;valor_parcela;bairro;sexo;idade;renda_declarada;status_contrato;data_snapshot
C00001;CLI00533;04/05/2025;Centro;Loja física;1014,95;10;101,5;Jardim América;F;27;6104,01;Quitado;15/03/2026
C00003;CLI00116;16/03/2025;Zona Leste;Site;2494,27;12;207,86;Vila Progresso;F;61;3944,55;Quitado;15/03/2026
C00004;CLI00930;16/11/2024;Zona Leste;Loja física;1516,74;10;151,67;Alto da Serra;M;39;1492,09;Inadimplente;15/03/2026
C00005;CLI02675;15/09/2024;Centro;Site;9349,93;12;779,16;Cidade Nova;M;34;2230,13;Inadimplente;15/03/2026
C00007;CLI00506;11/05/2025;Shopping Norte;Loja física;1974,4;12;164,53;Jardim América;M;27;1861,14;Inadimplente;15/03/2026
C00008;CLI02207;23/11/2024;Online;Loja física;3407,65;18;189,31;Cidade Nova;M;36;3337,85;Em dia;15/03/2026
C00009;CLI01444;10/02/2025;Shopping Norte;Televendas;2032,89;6;338,82;Parque das Flores;M;45;2976,42;Inadimplente;15/03/2026
C00010;CLI01892;18/06/2024;Zona Leste;Loja física;1323,77;12;110,31;Alto da Serra;M;40;1996,69;Quitado;15/03/2026
C00012;CLI00993;24/09/2024;Zona Leste;Loja física;1466,7;10;146,67;Vila Progresso;M;29;3817,89;Quitado;15/03/2026
C00013;CLI01305;07/10/2024;Online;Loja física;3652,6;18;202,92;Cidade Nova;M;18;3919,16;Inadimplente;15/03/2026
C00014;CLI01984;21/06/2025;Zona Leste;Loja física;1606,26;18;89,24;Vila Progresso;F;33;4675,92;Inadimplente;15/03/2026
C00015;CLI01701;01/11/2025;Zona Leste;Loja física;1955,35;18;108,63;Jardim Botânico;M;45;1973,2;Em dia;15/03/2026
C00016;CLI00715;14/09/2024;Shopping Norte;Loja física;2039,37;18;113,3;Bela Vista;F;54;2095,82;Inadimplente;15/03/2026
C00017;CLI00827;25/09/2025;Online;Loja física;3051,53;12;254,29;Cidade Nova;F;48;4632,83;Inadimplente;15/03/2026
C00018;CLI02112;07/11/2025;Online;Loja física;4393,32;10;439,33;Jardim América;M;43;1414,77;Inadimplente;15/03/2026
C00019;CLI02101;10/09/2025;Zona Leste;Loja física;863,86;10;86,39;Centro;F;52;3108,39;Inadimplente;15/03/2026
C00020;CLI01145;28/08/2025;Centro;Loja física;1745,38;6;290,9;Centro;F;52;2283,33;Quitado;15/03/2026
C00021;CLI01278;04/06/2025;Zona Leste;Televendas;3670,38;6;611,73;Vila Progresso;M;18;9243,37;Inadimplente;15/03/2026
C00022;CLI01227;18/09/2024;Shopping Norte;Loja física;3506,19;24;146,09;Jardim América;F;43;2112,06;Em dia;15/03/2026
C00023;CLI01990;30/09/2025;Shopping Norte;Loja física;2211,15;18;122,84;Vila Progresso;F;78;4230,53;Inadimplente;15/03/2026
C00024;CLI01400;30/08/2025;Centro;Loja física;2107,76;10;210,78;Jd. America;F;56;3024,79;Em dia;15/03/2026
C00025;CLI02088;23/02/2025;Centro;Loja física;1741,14;18;96,73;Centro;F;71;1604,78;Em dia;15/03/2026
C00026;CLI00358;18/07/2024;Zona Leste;Televendas;5571,17;24;232,13;Jardim América;F;47;5892,46;Em dia;15/03/2026
C00027;CLI01773;31/01/2025;Centro;Loja física;14000,0;10;1400,0;Jardim América;M;43;3401,61;Inadimplente;15/03/2026
C00028;CLI02656;05/11/2024;Shopping Norte;Loja física;4192,32;10;419,23;Jardim América;M;56;3303,66;Inadimplente;15/03/2026
C00029;CLI01900;21/06/2025;Centro;Site;791,93;12;65,99;Vila Progresso;F;32;4234,96;Inadimplente;15/03/2026
C00030;CLI01614;07/12/2024;Zona Leste;Televendas;989,43;18;54,97;Vila Progresso;M;42;2915,72;Em dia;15/03/2026
C00031;CLI02438;08/04/2025;Centro;Televendas;1230,8;10;123,08;Parque das Flores;F;39;4657,57;Inadimplente;15/03/2026
C00032;CLI00209;01/09/2024;Centro;Loja física;3383,14;6;563,86;Jardim Botânico;M;39;1384,1;Inadimplente;15/03/2026
C00033;CLI01853;17/06/2025;Zona Leste;Televendas;2157,57;24;89,9;Parque das Flores;F;47;4443,84;Em dia;15/03/2026
C00034;CLI01907;21/08/2024;Online;Loja física;2009,43;12;167,45;Jardim América;M;51;1801,53;Inadimplente;15/03/2026
C00035;CLI00344;31/05/2025;Zona Leste;Loja física;1411,68;12;117,64;Jardim América;F;31;1582,5;Em dia;15/03/2026
C00036;CLI01444;24/01/2025;Centro;Loja física;4252,14;6;708,69;Bela Vista;M;41;2934,54;Inadimplente;15/03/2026
C00037;CLI02115;23/03/2025;Shopping Norte;Loja física;1459,15;6;243,19;Jardim Botânico;F;31;4504,23;Quitado;15/03/2026
C00038;CLI01080;30/06/2024;Centro;Televendas;1774,87;24;73,95;Jardim Botânico;F;41;1814,39;Em dia;15/03/2026
C00039;CLI00003;22/01/2025;Shopping Norte;Loja física;4759,38;12;396,62;Vila Progresso;F;34;2902,17;Inadimplente;15/03/2026
C00040;CLI02694;14/02/2025;Online;Loja física;1236,3;6;206,05;Alto da Serra;M;30;1488,84;Inadimplente;15/03/2026
C00041;CLI00134;18/11/2024;Zona Leste;Loja física;1012,87;12;84,41;Jardim Botânico;F;27;3819,5;Quitado;15/03/2026
C00042;CLI00286;16/08/2025;Centro;Loja física;1154,11;12;96,18;Jardim América;M;47;2405,54;Em dia;15/03/2026
C00043;CLI01319;31/10/2025;Shopping Norte;Loja física;2122,54;12;176,88;Vila Progresso;M;49;2844,25;Inadimplente;15/03/2026
C00044;CLI01100;25/08/2024;Shopping Norte;Loja física;1108,75;18;61,6;Jardim América;M;34;3815,58;Quitado;15/03/2026
C00045;CLI02448;09/03/2025;Centro;Loja física;4789,11;12;399,09;Parque das Flores;F;64;2340,61;Quitado;15/03/2026
C00046;CLI00660;15/04/2025;Centro;Televendas;1722,14;6;287,02;Alto da Serra;F;36;1378,87;Inadimplente;15/03/2026
C00047;CLI00469;19/02/2025;Shopping Norte;Site;1988,0;12;165,67;Centro;M;44;4675,5;Quitado;15/03/2026
C00048;CLI00680;07/11/2025;Shopping Norte;Loja física;5385,01;18;299,17;Vila Progresso;M;29;1311,11;Inadimplente;15/03/2026
C00049;CLI01263;07/12/2024;Zona Leste;Loja física;1607,38;12;133,95;Cidade Nova;M;50;4080,78;Inadimplente;15/03/2026
C00050;CLI02742;04/12/2024;Centro;Site;1554,2;12;129,52;Vila Progresso;M;46;2104,46;Inadimplente;15/03/2026
C00051;CLI00048;15/11/2024;Online;Loja física;1721,36;24;71,72;Vila Progresso;M;30;3085,28;Em dia;15/03/2026
C00052;CLI01279;07/03/2025;Shopping Norte;Site;1523,54;12;126,96;Jardim América;M;37;1604,94;Inadimplente;15/03/2026
C00053;CLI00780;05/10/2025;Shopping Norte;Site;1619,96;18;90,0;Jd. America;M;22;1815,05;Em dia;15/03/2026
C00054;CLI02689;19/09/2025;Shopping Norte;Loja física;6266,38;12;522,2;Bela Vista;M;33;5109,21;Em dia;15/03/2026
C00055;CLI01133;28/06/2025;Zona Leste;Loja física;6227,43;10;622,74;Parque das Flores;F;58;2864,29;Inadimplente;15/03/2026
C00056;CLI01048;17/06/2025;Shopping Norte;Loja física;2169,79;6;361,63;Vila Progresso;F;58;2054,17;Inadimplente;15/03/2026
C00057;CLI02734;22/02/2025;Zona Leste;Loja física;1695,25;12;141,27;Jd. America;F;38;2176,0;Quitado;15/03/2026
C00058;CLI00827;17/09/2025;Shopping Norte;Loja física;1346,61;10;134,66;Centro;F;47;1692,27;Em dia;15/03/2026
C00059;CLI01924;16/05/2025;Centro;Loja física;2157,96;18;119,89;Vila Progresso;M;27;4719,74;Em dia;15/03/2026
C00060;CLI01490;20/10/2025;Shopping Norte;Loja física;984,53;18;54,7;Jardim América;F;108;1354,76;Inadimplente;15/03/2026
C00061;CLI01818;15/07/2024;Shopping Norte;Loja física;4975,61;6;829,27;Jardim Botânico;M;55;4709,41;Quitado;15/03/2026
C00062;CLI00583;13/09/2025;Centro;Loja física;2078,83;18;115,49;Vila Progresso;F;32;2731,73;Inadimplente;15/03/2026
C00063;CLI01770;07/12/2024;Zona Leste;Site;4270,6;24;177,94;Bela Vista;F;56;4935,69;Inadimplente;15/03/2026
C00065;CLI01318;04/03/2025;Centro;Televendas;2114,69;12;176,22;Vila Progresso;F;47;3193,19;Quitado;15/03/2026
C00068;CLI01173;21/06/2024;Centro;Site;2202,93;24;91,79;Jardim América;F;20;2957,23;Inadimplente;15/03/2026
C00069;CLI01163;23/06/2024;Online;Site;1526,35;12;127,2;Vila Progresso;F;46;4655,7;Inadimplente;15/03/2026
C00070;CLI00493;26/09/2024;Shopping Norte;Loja física;710,93;24;29,62;Parque das Flores;M;47;2628,07;Em dia;15/03/2026
C00071;CLI00304;22/05/2025;Zona Leste;Loja física;1244,56;24;51,86;Jardim Botânico;F;41;1388,61;Em dia;15/03/2026
C00072;CLI00293;23/01/2025;Centro;Loja física;3231,78;12;269,32;Jd. America;F;38;1761,12;Inadimplente;15/03/2026
C00073;CLI01870;01/11/2024;Online;Loja física;849,88;10;84,99;Cidade Nova;M;30;1209,82;Inadimplente;15/03/2026
C00074;CLI02399;28/12/2024;Zona Leste;Loja física;3379,66;6;563,28;Jardim América;F;57;5321,92;Inadimplente;15/03/2026
C00075;CLI01352;18/12/2024;Zona Leste;Loja física;2278,0;18;126,56;Bela Vista;F;31;6092,87;Em dia;15/03/2026
C00076;CLI00426;07/07/2024;Centro;Loja física;853,03;24;35,54;Parque das Flores;M;54;3014,02;Em dia;15/03/2026
C00077;CLI02441;02/10/2025;Centro;Loja física;990,72;18;55,04;Cidade Nova;F;18;4063,94;Inadimplente;15/03/2026
C00078;CLI02589;01/11/2025;Centro;Televendas;1920,62;12;160,05;Bela Vista;F;52;2682,19;Em dia;15/03/2026
C00080;CLI00033;28/06/2025;Zona Leste;Loja física;4466,73;12;372,23;Bela Vista;F;39;1956,31;Em dia;15/03/2026
C00081;CLI00724;06/07/2024;Shopping Norte;Site;2680,14;6;446,69;Alto da Serra;M;65;3010,44;Inadimplente;15/03/2026
C00083;CLI00279;19/07/2024;Online;Loja física;6197,44;10;619,74;Parque das Flores;F;33;2671,85;Inadimplente;15/03/2026
C00086;CLI00163;24/04/2025;Zona Leste;Loja física;951,01;10;95,1;Jardim América;F;48;4398,58;Quitado;15/03/2026
C00087;CLI01860;15/09/2024;Centro;Televendas;4678,32;12;389,86;Bela Vista;M;46;2821,12;Inadimplente;15/03/2026
C00088;CLI01840;09/09/2024;Online;Televendas;2424,86;12;202,07;Alto da Serra;F;47;4141,75;Quitado;15/03/2026
C00089;CLI02456;26/06/2025;Shopping Norte;Site;2151,39;12;179,28;Vila Progresso;F;44;3329,77;Inadimplente;15/03/2026
C00090;CLI01492;01/08/2025;Zona Leste;Site;2559,97;18;142,22;Centro;F;46;3097,3;Inadimplente;15/03/2026
C00091;CLI02589;22/04/2025;Zona Leste;Loja física;1738,82;18;96,6;Jardim América;F;46;4460,33;Em dia;15/03/2026
C00092;CLI02494;27/01/2025;Online;Loja física;1274,84;10;127,48;Parque das Flores;F;37;2395,12;Quitado;15/03/2026
C00093;CLI00947;04/10/2025;Shopping Norte;Loja física;2068,81;12;172,4;Parque das Flores;M;53;3643,11;Em dia;15/03/2026
C00094;CLI02765;01/10/2025;Online;Loja física;485,92;12;40,49;Cidade Nova;M;21;3843,89;Em dia;15/03/2026
C00095;CLI02068;29/10/2025;Zona Leste;Televendas;1236,54;10;123,65;Vila Progresso;F;62;1075,49;Inadimplente;15/03/2026
C00096;CLI00502;01/07/2025;Zona Leste;Loja física;688,49;12;57,37;Bela Vista;F;57;1129,48;Em dia;15/03/2026
C00097;CLI00327;30/08/2024;Centro;Loja física;966,42;6;161,07;Alto da Serra;F;26;2832,47;Quitado;15/03/2026
C00099;CLI02096;02/10/2025;Centro;Loja física;2362,2;6;393,7;Parque das Flores;F;31;5183,08;Em dia;15/03/2026
C00100;CLI01724;26/07/2024;Shopping Norte;Televendas;2049,0;12;170,75;Bela Vista;F;42;2589,65;Quitado;15/03/2026
C00101;CLI00241;29/03/2025;Centro;Loja física;3591,46;12;299,29;Jardim Botânico;F;33;2157,63;Inadimplente;15/03/2026
C00102;CLI00333;07/11/2024;Centro;Televendas;2256,5;10;225,65;Jardim América;M;29;2616,64;Quitado;15/03/2026
C00103;CLI00015;07/06/2025;Centro;Loja física;1039,7;18;57,76;Alto da Serra;F;48;3705,84;Em dia;15/03/2026
C00104;CLI02155;03/05/2025;Shopping Norte;Site;3344,39;10;334,44;Jd. America;F;53;2117,18;Inadimplente;15/03/2026
C00105;CLI01481;07/07/2024;Shopping Norte;Site;2114,83;18;117,49;Jardim Botânico;M;47;3644,85;Quitado;15/03/2026
C00106;CLI00130;27/05/2025;Shopping Norte;Televendas;1506,14;12;125,51;Bela Vista;M;39;5081,81;Em dia;15/03/2026
C00107;CLI00028;26/10/2024;Online;Loja física;1924,37;18;106,91;Jardim Botânico;M;52;2621,68;Inadimplente;15/03/2026
C00108;CLI01571;08/08/2025;Shopping Norte;Televendas;656,42;12;54,7;Jardim Botânico;F;32;4392,36;Em dia;15/03/2026
C00109;CLI01385;02/07/2025;Zona Leste;Loja física;926,1;6;154,35;Jardim América;M;18;5320,7;Inadimplente;15/03/2026
C00110;CLI01984;23/08/2024;Zona Leste;Loja física;1162,77;10;116,28;Vila Progresso;M;37;2995,31;Quitado;15/03/2026
C00111;CLI02647;23/02/2025;Shopping Norte;Loja física;1591,93;18;88,44;Vila Progresso;M;22;1331,6;Inadimplente;15/03/2026
C00112;CLI01169;02/11/2024;Zona Leste;Loja física;1653,71;6;275,62;Vila Progresso;F;44;5288,74;Inadimplente;15/03/2026
C00113;CLI02539;21/05/2025;Centro;Loja física;1872,14;12;156,01;Jd. America;F;48;1937,37;Inadimplente;15/03/2026
C00114;CLI01095;04/08/2025;Shopping Norte;Site;1511,53;10;151,15;Vila Progresso;M;18;985,99;Inadimplente;15/03/2026
C00115;CLI00207;27/10/2025;Centro;Loja física;2038,71;12;169,89;Jardim Botânico;F;51;1507,03;Em dia;15/03/2026
C00116;CLI02341;04/11/2025;Zona Leste;Loja física;1310,28;10;131,03;Jardim América;F;20;4393,41;Em dia;15/03/2026
C00117;CLI02526;15/05/2025;Centro;Loja física;4590,32;18;255,02;Bela Vista;M;38;5400,41;Em dia;15/03/2026
C00118;CLI02354;08/07/2025;Centro;Loja física;2684,92;10;268,49;Parque das Flores;M;56;2013,2;Inadimplente;15/03/2026
C00119;CLI00737;23/10/2024;Shopping Norte;Televendas;2032,83;6;338,8;Cidade Nova;F;36;3353,67;Inadimplente;15/03/2026
C00120;CLI02107;06/08/2025;Centro;Loja física;2173,54;18;120,75;Centro;F;33;2429,23;Inadimplente;15/03/2026
C00121;CLI02149;04/09/2025;Online;Loja física;2208,42;18;122,69;Jardim América;M;42;2632,17;Em dia;15/03/2026
C00122;CLI01828;20/07/2024;Zona Leste;Loja física;2227,09;10;222,71;Vila Progresso;F;48;1840,96;Inadimplente;15/03/2026
C00123;CLI01593;26/10/2025;Zona Leste;Televendas;1478,06;24;61,59;Cidade Nova;F;47;900,0;Inadimplente;15/03/2026
C00124;CLI01254;05/11/2024;Zona Leste;Loja física;5477,21;18;304,29;Centro;F;48;4264,42;Em dia;15/03/2026
C00125;CLI00463;12/09/2025;Zona Leste;Loja física;1169,47;6;194,91;Vila Progresso;M;18;1712,04;Inadimplente;15/03/2026
C00126;CLI02483;12/05/2025;Zona Leste;Loja física;1584,59;12;132,05;Bela Vista;M;53;2067,86;Inadimplente;15/03/2026
C00127;CLI01682;28/11/2024;Shopping Norte;Loja física;2485,23;10;248,52;Parque das Flores;F;34;2850,68;Inadimplente;15/03/2026
C00128;CLI01476;19/07/2025;Zona Leste;Loja física;1269,61;12;105,8;Jd. America;M;32;2890,94;Inadimplente;15/03/2026
C00129;CLI01539;04/09/2025;Online;Loja física;1948,23;12;162,35;Vila Progresso;M;40;2216,27;Inadimplente;15/03/2026
C00130;CLI02302;05/09/2025;Zona Leste;Loja física;1475,66;24;61,49;Alto da Serra;F;47;5096,01;Em dia;15/03/2026
C00131;CLI00980;06/08/2024;Zona Leste;Televendas;2880,72;6;480,12;Jardim Botânico;M;50;1739,35;Quitado;15/03/2026
C00132;CLI00540;29/06/2024;Shopping Norte;Loja física;1110,21;10;111,02;Alto da Serra;M;48;1297,11;Inadimplente;15/03/2026
C00133;CLI01904;04/08/2024;Centro;Loja física;2332,91;12;194,41;Vila Progresso;M;57;3366,09;Inadimplente;15/03/2026
C00134;CLI01443;25/02/2025;Centro;Televendas;2771,2;12;230,93;Bela Vista;F;57;2666,33;Inadimplente;15/03/2026
C00135;CLI00749;22/08/2024;Zona Leste;Loja física;3521,51;6;586,92;Cidade Nova;F;32;3256,2;Quitado;15/03/2026
C00136;CLI01694;03/08/2025;Zona Leste;Loja física;2098,12;18;116,56;Centro;F;27;3002,97;Inadimplente;15/03/2026
C00138;CLI00894;06/10/2024;Shopping Norte;Loja física;3588,67;10;358,87;Jardim América;M;50;3348,71;Inadimplente;15/03/2026
C00139;CLI01328;17/08/2024;Zona Leste;Site;829,09;10;82,91;Parque das Flores;M;61;1944,18;Quitado;15/03/2026
C00140;CLI01306;04/04/2025;Zona Leste;Site;1713,7;12;142,81;Cidade Nova;F;53;3551,91;Em dia;15/03/2026
C00141;CLI02552;25/08/2024;Shopping Norte;Televendas;3285,09;10;328,51;Centro;F;18;2624,96;Inadimplente;15/03/2026
C00142;CLI01683;01/07/2025;Shopping Norte;Loja física;1311,83;18;72,88;Parque das Flores;F;47;2437,12;Inadimplente;15/03/2026
C00144;CLI02391;09/08/2024;Shopping Norte;Loja física;4174,69;6;695,78;Jardim América;F;55;4793,28;Inadimplente;15/03/2026
C00146;CLI01695;23/07/2024;Shopping Norte;Site;2895,04;12;241,25;Centro;M;62;4494,9;Quitado;15/03/2026
C00149;CLI02685;30/07/2025;Online;Site;2480,08;10;248,01;Jardim América;F;46;2283,31;Em dia;15/03/2026
C00150;CLI00987;04/01/2025;Zona Leste;Loja física;841,03;18;46,72;Jardim Botânico;F;41;2919,4;Em dia;15/03/2026
C00151;CLI00132;12/03/2025;Zona Leste;Loja física;1120,53;12;93,38;Jardim América;F;28;4647,21;Quitado;15/03/2026
C00152;CLI00921;30/05/2025;Shopping Norte;Loja física;2477,46;12;206,46;Jardim Botânico;M;18;2031,62;Em dia;15/03/2026
C00153;CLI00323;02/10/2024;Centro;Loja física;1747,84;12;145,65;Centro;F;39;2665,15;Inadimplente;15/03/2026
C00154;CLI00120;09/10/2024;Zona Leste;Loja física;1000,56;10;100,06;Cidade Nova;F;52;1809,9;Inadimplente;15/03/2026
C00155;CLI02496;03/05/2025;Zona Leste;Loja física;2545,12;18;141,4;Alto da Serra;F;44;4603,39;Em dia;15/03/2026
C00156;CLI01066;24/10/2024;Zona Leste;Loja física;706,0;18;39,22;Cidade Nova;M;43;1835,68;Em dia;15/03/2026
C00158;CLI02678;13/10/2024;Online;Loja física;2955,85;18;164,21;Cidade Nova;F;45;1820,26;Inadimplente;15/03/2026
C00159;CLI02336;22/02/2025;Shopping Norte;Loja física;1968,49;18;109,36;Jardim América;M;28;2384,09;Em dia;15/03/2026
C00160;CLI00965;13/10/2025;Online;Loja física;1019,17;18;56,62;Vila Progresso;F;23;3504,65;Inadimplente;15/03/2026
C00161;CLI00250;25/01/2025;Zona Leste;Televendas;588,58;18;32,7;Jardim América;M;33;4987,28;Em dia;15/03/2026
C00162;CLI02423;31/05/2025;Centro;Site;1897,64;10;189,76;Parque das Flores;F;52;5215,51;Em dia;15/03/2026
C00163;CLI01440;08/05/2025;Shopping Norte;Site;1862,48;18;103,47;Vila Progresso;F;34;3172,44;Inadimplente;15/03/2026
C00164;CLI02331;18/08/2024;Centro;Site;2243,11;12;186,93;Jd. America;F;30;1758,14;Inadimplente;15/03/2026
C00165;CLI00632;23/07/2025;Zona Leste;Televendas;3662,64;24;152,61;Vila Progresso;M;42;2329,52;Inadimplente;15/03/2026
C00167;CLI00595;15/04/2025;Centro;Loja física;4367,4;24;181,98;Jd. America;F;33;1656,06;Inadimplente;15/03/2026
C00168;CLI00303;05/08/2025;Zona Leste;Site;1431,6;12;119,3;Parque das Flores;F;19;2963,42;Inadimplente;15/03/2026
C00169;CLI00216;03/03/2025;Shopping Norte;Loja física;6963,81;18;386,88;Centro;M;28;2904,39;Inadimplente;15/03/2026
C00170;CLI00343;10/07/2025;Online;Site;1353,91;6;225,65;Jardim Botânico;F;26;2373,58;Quitado;15/03/2026
C00171;CLI02463;17/02/2025;Zona Leste;Loja física;3100,36;12;258,36;Jardim Botânico;M;55;3015,92;Quitado;15/03/2026
C00172;CLI00971;13/07/2024;Shopping Norte;Loja física;3096,36;6;516,06;Parque das Flores;M;20;1935,92;Inadimplente;15/03/2026
C00173;CLI01580;17/06/2025;Online;Loja física;1899,09;6;316,52;Jardim América;M;26;3998,57;Quitado;15/03/2026
C00176;CLI00370;08/07/2024;Shopping Norte;Loja física;1797,4;10;179,74;Centro;F;68;2085,95;Inadimplente;15/03/2026
C00178;CLI01692;13/08/2025;Online;Loja física;2134,02;10;213,4;Vila Progresso;M;18;2054,38;Inadimplente;15/03/2026
C00179;CLI02129;18/09/2025;Zona Leste;Televendas;2253,07;12;187,76;Alto da Serra;M;33;3324,8;Inadimplente;15/03/2026
C00180;CLI00684;20/07/2024;Centro;Loja física;1603,45;6;267,24;Alto da Serra;F;42;3145,22;Inadimplente;15/03/2026
C00181;CLI02682;15/09/2024;Shopping Norte;Loja física;3441,72;12;286,81;Bela Vista;F;49;2638,62;Quitado;15/03/2026
C00183;CLI00764;22/03/2025;Centro;Loja física;1034,9;12;86,24;Parque das Flores;M;40;5108,51;Em dia;15/03/2026
C00184;CLI00493;24/09/2024;Zona Leste;Loja física;1624,79;10;162,48;Alto da Serra;F;57;3011,97;Quitado;15/03/2026
C00185;CLI00266;01/02/2025;Shopping Norte;Loja física;1150,45;18;63,91;Jardim Botânico;M;47;1401,77;Inadimplente;15/03/2026
C00186;CLI00517;19/11/2024;Online;Site;4418,8;18;245,49;Vila Progresso;F;32;5236,18;Em dia;15/03/2026
C00187;CLI02073;01/10/2024;Shopping Norte;Loja física;3408,98;24;142,04;Vila Progresso;M;57;1684,21;Em dia;15/03/2026
C00188;CLI00095;11/07/2025;Centro;Loja física;1063,27;12;88,61;Parque das Flores;M;39;2688,76;Em dia;15/03/2026
C00189;CLI02576;17/09/2024;Shopping Norte;Loja física;963,13;24;40,13;Jardim América;F;28;2444,99;Inadimplente;15/03/2026
C00190;CLI00888;14/06/2024;Centro;Loja física;3354,76;24;139,78;Alto da Serra;F;44;5108,95;Em dia;15/03/2026
C00191;CLI00310;12/12/2024;Centro;Loja física;1664,09;10;166,41;Centro;M;43;2937,23;Quitado;15/03/2026
C00193;CLI01284;04/09/2024;Shopping Norte;Loja física;4044,15;10;404,42;Cidade Nova;F;29;1140,5;Inadimplente;15/03/2026
C00194;CLI01551;29/07/2025;Shopping Norte;Loja física;2020,11;6;336,68;Alto da Serra;M;52;2359,12;Inadimplente;15/03/2026
C00195;CLI02773;08/11/2024;Centro;Loja física;3753,49;10;375,35;Jardim América;M;56;2161,61;Quitado;15/03/2026
C00196;CLI02274;03/08/2025;Zona Leste;Televendas;2468,42;10;246,84;Cidade Nova;F;53;1443,5;Em dia;15/03/2026
C00197;CLI00645;15/09/2024;Zona Leste;Loja física;571,98;12;47,66;Jardim América;F;33;3343,73;Inadimplente;15/03/2026
C00198;CLI02499;14/01/2025;Online;Televendas;3371,9;12;280,99;Alto da Serra;F;73;4771,86;Quitado;15/03/2026
C00199;CLI01014;17/11/2024;Centro;Loja física;1023,11;18;56,84;Bela Vista;M;38;1942,45;Em dia;15/03/2026
C00200;CLI00308;06/05/2025;Zona Leste;Site;1347,38;12;112,28;Jardim América;F;24;2525,51;Em dia;15/03/2026
C00201;CLI01150;09/09/2025;Centro;Site;7420,88;12;618,41;Alto da Serra;F;42;2632,52;Inadimplente;15/03/2026
C00202;CLI00331;23/09/2024;Centro;Site;5809,01;24;242,04;Jardim América;M;39;4607,32;Inadimplente;15/03/2026
C00204;CLI02499;21/08/2025;Zona Leste;Loja física;1363,62;12;113,64;Parque das Flores;F;38;4328,27;Em dia;15/03/2026
C00205;CLI00882;19/05/2025;Centro;Loja física;1591,35;24;66,31;Jardim América;M;52;6106,58;Inadimplente;15/03/2026
C00206;CLI02306;18/05/2025;Shopping Norte;Loja física;4451,2;12;370,93;Bela Vista;F;54;3137,46;Inadimplente;15/03/2026
C00207;CLI02588;15/02/2025;Shopping Norte;Televendas;1775,46;6;295,91;Jd. America;F;43;4999,32;Quitado;15/03/2026
C00208;CLI00891;22/02/2025;Zona Leste;Loja física;1545,25;6;257,54;Cidade Nova;M;48;2167,79;Quitado;15/03/2026
C00210;CLI01876;15/11/2025;Centro;Loja física;2456,77;12;204,73;Bela Vista;F;44;5605,8;Em dia;15/03/2026
C00211;CLI00944;20/05/2025;Shopping Norte;Loja física;869,13;10;86,91;Vila Progresso;F;18;1880,49;Em dia;15/03/2026
C00212;CLI01613;25/04/2025;Zona Leste;Site;3374,22;12;281,18;Parque das Flores;F;50;1992,48;Inadimplente;15/03/2026
C00213;CLI02474;10/09/2025;Zona Leste;Loja física;2904,39;10;290,44;Parque das Flores;F;51;2425,13;Inadimplente;15/03/2026
C00215;CLI01759;04/03/2025;Zona Leste;Loja física;1828,94;6;304,82;Jardim Botânico;M;50;1495,53;Inadimplente;15/03/2026
C00216;CLI02559;05/11/2025;Centro;Loja física;1998,96;18;111,05;Jardim América;M;33;5926,15;Em dia;15/03/2026
C00217;CLI01154;12/10/2024;Zona Leste;Loja física;1953,96;12;162,83;Jardim América;F;49;3828,66;Inadimplente;15/03/2026
C00219;CLI00804;27/02/2025;Zona Leste;Site;3376,85;24;140,7;Alto da Serra;M;36;2357,06;Inadimplente;15/03/2026
C00220;CLI01275;18/01/2025;Zona Leste;Loja física;956,39;10;95,64;Alto da Serra;F;34;2892,53;Quitado;15/03/2026
C00221;CLI02126;24/09/2025;Online;Site;3413,38;18;189,63;Vila Progresso;F;44;1731,76;Inadimplente;15/03/2026
C00222;CLI00534;19/01/2025;Centro;Loja física;1508,35;6;251,39;Vila Progresso;F;50;2612,5;Inadimplente;15/03/2026
C00223;CLI00549;31/08/2025;Centro;Loja física;2860,89;12;238,41;Jardim Botânico;F;33;1706,67;Inadimplente;15/03/2026
C00224;CLI02782;07/08/2025;Zona Leste;Loja física;1068,28;24;44,51;Centro;F;41;1505,48;Inadimplente;15/03/2026
C00225;CLI01631;18/10/2024;Zona Leste;Loja física;1028,0;10;102,8;Vila Progresso;M;27;3317,77;Quitado;15/03/2026
C00226;CLI01401;10/12/2024;Centro;Loja física;1778,47;24;74,1;Parque das Flores;F;54;3294,73;Em dia;15/03/2026
C00227;CLI00250;25/12/2024;Shopping Norte;Loja física;2927,22;12;243,93;Cidade Nova;M;33;3426,3;Inadimplente;15/03/2026
C00228;CLI00219;09/11/2025;Online;Loja física;3316,63;24;138,19;Vila Progresso;F;65;2239,66;Inadimplente;15/03/2026
C00229;CLI02352;28/10/2024;Centro;Loja física;1067,74;6;177,96;Jardim Botânico;M;39;3188,22;Quitado;15/03/2026
C00230;CLI00351;04/07/2024;Zona Leste;Loja física;10054,38;6;1675,73;Parque das Flores;M;49;2542,6;Inadimplente;15/03/2026
C00231;CLI00717;16/05/2025;Shopping Norte;Loja física;1916,86;24;79,87;Jardim América;F;42;4024,16;Em dia;15/03/2026
C00232;CLI02698;15/12/2024;Shopping Norte;Televendas;1420,56;18;78,92;Centro;M;32;2877,16;Inadimplente;15/03/2026
C00233;CLI00477;25/06/2024;Zona Leste;Loja física;1037,17;10;103,72;Vila Progresso;F;59;3731,98;Quitado;15/03/2026
C00234;CLI02729;15/07/2024;Centro;Site;1374,49;24;57,27;Centro;M;50;3190,23;Inadimplente;15/03/2026
C00235;CLI00187;23/02/2025;Centro;Loja física;2148,36;6;358,06;Jardim Botânico;F;36;1497,12;Quitado;15/03/2026
C00236;CLI00042;08/11/2024;Online;Loja física;925,37;12;77,11;Vila Progresso;F;39;1724,83;Quitado;15/03/2026
C00237;CLI01512;28/09/2025;Zona Leste;Site;1329,34;12;110,78;Parque das Flores;M;25;3661,62;Em dia;15/03/2026
C00238;CLI00902;02/10/2024;Shopping Norte;Loja física;3987,94;6;664,66;Parque das Flores;M;29;5077,08;Inadimplente;15/03/2026
C00239;CLI01598;29/05/2025;Online;Loja física;1657,33;6;276,22;Vila Progresso;M;45;3244,49;Quitado;15/03/2026
C00240;CLI02689;28/08/2024;Online;Site;1506,23;10;150,62;Jardim Botânico;M;65;2246,82;Quitado;15/03/2026
C00241;CLI00981;29/09/2024;Centro;Site;3794,45;6;632,41;Alto da Serra;F;30;2874,97;Quitado;15/03/2026
C00242;CLI00026;06/10/2025;Shopping Norte;Loja física;1788,94;12;149,08;Centro;F;23;1704,44;Inadimplente;15/03/2026
C00244;CLI02647;03/09/2024;Shopping Norte;Loja física;3460,42;12;288,37;Vila Progresso;M;24;2368,09;Quitado;15/03/2026
C00245;CLI01152;11/03/2025;Centro;Loja física;4386,55;18;243,7;Parque das Flores;M;65;2719,3;Inadimplente;15/03/2026
C00246;CLI02781;30/09/2025;Zona Leste;Loja física;3660,68;6;610,11;Bela Vista;F;54;3762,26;Em dia;15/03/2026
C00247;CLI01143;26/01/2025;Shopping Norte;Site;1731,79;24;72,16;Jardim América;F;49;2586,92;Em dia;15/03/2026
C00248;CLI00196;14/02/2025;Centro;Loja física;1854,61;24;77,28;Alto da Serra;F;30;1801,25;Em dia;15/03/2026
C00250;CLI00155;20/03/2025;Shopping Norte;Televendas;2578,75;18;143,26;Vila Progresso;M;38;3508,7;Em dia;15/03/2026
C00251;CLI01352;09/02/2025;Centro;Site;1163,78;18;64,65;Cidade Nova;F;51;2660,6;Inadimplente;15/03/2026
C00252;CLI01442;27/06/2024;Centro;Loja física;3552,53;12;296,04;Cidade Nova;M;34;4501,07;Quitado;15/03/2026
C00253;CLI01494;31/08/2024;Centro;Loja física;996,85;6;166,14;Alto da Serra;F;40;2444,18;Quitado;15/03/2026
C00256;CLI02238;18/02/2025;Zona Leste;Loja física;2397,68;12;199,81;Centro;M;19;2040,07;Inadimplente;15/03/2026
C00257;CLI01177;29/06/2025;Centro;Site;2074,41;24;86,43;Vila Progresso;M;26;4140,64;Em dia;15/03/2026
C00258;CLI01929;24/10/2025;Online;Loja física;1145,32;6;190,89;Cidade Nova;F;67;2938,0;Inadimplente;15/03/2026
C00259;CLI00654;30/11/2024;Shopping Norte;Televendas;3669,23;6;611,54;Cidade Nova;M;50;2039,95;Inadimplente;15/03/2026
C00260;CLI00743;03/07/2024;Zona Leste;Loja física;1689,13;6;281,52;Bela Vista;F;34;2072,54;Inadimplente;15/03/2026
C00261;CLI00484;12/11/2025;Centro;Loja física;2670,6;12;222,55;Centro;F;29;2222,78;Em dia;15/03/2026
C00262;CLI01693;28/06/2025;Online;Site;3761,76;12;313,48;Jardim América;F;36;2336,66;Inadimplente;15/03/2026
C00263;CLI01870;06/12/2024;Online;Loja física;2846,47;10;284,65;Jardim Botânico;M;33;2957,84;Quitado;15/03/2026
C00265;CLI02691;03/07/2025;Shopping Norte;Televendas;1850,6;10;185,06;Vila Progresso;F;43;3537,14;Inadimplente;15/03/2026
C00266;CLI02078;23/05/2025;Shopping Norte;Loja física;768,8;10;76,88;Parque das Flores;F;50;1332,85;Inadimplente;15/03/2026
C00267;CLI02602;07/09/2024;Centro;Loja física;2293,8;18;127,43;Centro;M;46;1535,97;Quitado;15/03/2026
C00268;CLI01267;30/06/2024;Centro;Site;1376,95;12;114,75;Parque das Flores;M;47;5177,81;Quitado;15/03/2026
C00269;CLI02102;17/02/2025;Online;Loja física;2844,88;12;237,07;Bela Vista;M;44;2250,97;Inadimplente;15/03/2026
C00270;CLI02692;28/09/2024;Online;Loja física;1473,07;6;245,51;Jardim América;M;48;1617,8;Inadimplente;15/03/2026
C00272;CLI00358;06/10/2024;Zona Leste;Loja física;1192,07;10;119,21;Jd. America;F;54;1635,77;Em dia;15/03/2026
C00273;CLI02731;05/11/2025;Zona Leste;Site;1690,15;24;70,42;Centro;F;48;2985,61;Em dia;15/03/2026
C00275;CLI02746;19/06/2025;Shopping Norte;Televendas;795,4;12;66,28;Jd. America;F;31;7507,21;Inadimplente;15/03/2026
C00276;CLI02114;20/09/2025;Online;Loja física;919,32;18;51,07;Vila Progresso;M;39;12114,83;Inadimplente;15/03/2026
C00277;CLI00416;24/01/2025;Zona Leste;Loja física;1945,67;10;194,57;Bela Vista;M;52;4286,3;Quitado;15/03/2026
C00278;CLI01777;07/09/2024;Shopping Norte;Loja física;3517,35;24;146,56;Bela Vista;F;42;1463,58;Em dia;15/03/2026
C00280;CLI01279;22/06/2024;Zona Leste;Site;722,03;6;120,34;Centro;M;28;7718,76;Quitado;15/03/2026
C00281;CLI00539;20/10/2025;Centro;Televendas;5172,98;10;517,3;Bela Vista;F;52;4722,75;Em dia;15/03/2026
C00282;CLI01531;30/12/2024;Online;Loja física;4557,75;12;379,81;Bela Vista;F;28;4817,61;Inadimplente;15/03/2026
C00283;CLI00642;05/07/2024;Zona Leste;Loja física;2680,46;6;446,74;Jardim América;M;31;2200,12;Inadimplente;15/03/2026
C00284;CLI01414;09/06/2025;Zona Leste;Loja física;1510,08;10;151,01;Jardim América;M;18;3950,48;Em dia;15/03/2026
C00285;CLI00148;25/08/2024;Zona Leste;Loja física;1880,65;10;188,06;Jardim Botânico;F;37;1884,03;Quitado;15/03/2026
C00286;CLI00906;05/08/2025;Zona Leste;Site;1498,99;10;149,9;Alto da Serra;F;32;3640,78;Inadimplente;15/03/2026
C00287;CLI02373;13/03/2025;Centro;Loja física;4109,02;12;342,42;Centro;M;61;2366,68;Inadimplente;15/03/2026
C00288;CLI02117;14/08/2025;Centro;Televendas;1831,26;6;305,21;Jardim América;M;23;2924,02;Quitado;15/03/2026
C00290;CLI01575;04/10/2025;Zona Leste;Loja física;2525,63;12;210,47;Alto da Serra;F;19;2070,26;Inadimplente;15/03/2026
C00291;CLI00072;09/10/2025;Online;Loja física;1299,8;12;108,32;Cidade Nova;F;25;4543,17;Em dia;15/03/2026
C00292;CLI02183;28/03/2025;Centro;Loja física;2849,1;18;158,28;Parque das Flores;F;37;3786,77;Inadimplente;15/03/2026
C00293;CLI00068;24/04/2025;Centro;Site;1981,75;6;330,29;Jd. America;F;33;3032,04;Inadimplente;15/03/2026
C00294;CLI00711;14/06/2024;Centro;Loja física;907,27;10;90,73;Jd. America;M;50;3253,44;Inadimplente;15/03/2026
C00295;CLI02284;22/04/2025;Centro;Site;4139,9;12;344,99;Jd. America;M;28;3114,12;Inadimplente;15/03/2026
C00296;CLI01048;06/03/2025;Centro;Loja física;3960,4;10;396,04;Cidade Nova;F;58;3604,65;Quitado;15/03/2026
C00297;CLI00622;21/04/2025;Online;Loja física;2154,25;12;179,52;Cidade Nova;F;50;1300,27;Em dia;15/03/2026
C00298;CLI02444;20/07/2025;Zona Leste;Loja física;2519,02;12;209,92;Vila Progresso;F;42;4440,45;Inadimplente;15/03/2026
C00299;CLI02735;11/02/2025;Zona Leste;Site;1393,33;18;77,41;Jardim América;F;19;2671,25;Em dia;15/03/2026
C00300;CLI02118;11/02/2025;Zona Leste;Site;2372,09;18;131,78;Jardim América;M;61;2422,97;Inadimplente;15/03/2026
C00302;CLI02616;11/10/2025;Online;Loja física;2668,17;18;148,23;Cidade Nova;M;35;7163,26;Em dia;15/03/2026
C00304;CLI02338;11/07/2025;Centro;Site;1574,17;18;87,45;Alto da Serra;F;71;1711,81;Inadimplente;15/03/2026
C00305;CLI00156;10/01/2025;Shopping Norte;Loja física;1532,65;24;63,86;Jardim Botânico;M;46;2354,8;Em dia;15/03/2026
C00306;CLI01844;31/07/2024;Online;Televendas;2548,85;6;424,81;Vila Progresso;F;34;1568,27;Inadimplente;15/03/2026
C00307;CLI00111;22/02/2025;Zona Leste;Site;2939,11;6;489,85;Cidade Nova;F;52;4300,52;Quitado;15/03/2026
C00308;CLI01683;30/01/2025;Shopping Norte;Loja física;908,58;24;37,86;Jardim América;M;34;3078,24;Em dia;15/03/2026
C00310;CLI01588;25/09/2025;Centro;Loja física;1646,61;6;274,44;Parque das Flores;F;28;2765,01;Inadimplente;15/03/2026
C00311;CLI01690;02/09/2025;Zona Leste;Loja física;1209,45;18;67,19;Parque das Flores;F;39;3182,36;Em dia;15/03/2026
C00312;CLI00872;05/11/2025;Zona Leste;Televendas;2271,41;24;94,64;Bela Vista;F;41;1289,65;Inadimplente;15/03/2026
C00313;CLI00073;16/10/2024;Centro;Loja física;1916,39;18;106,47;Vila Progresso;F;47;3027,1;Em dia;15/03/2026
C00314;CLI01071;12/06/2025;Centro;Loja física;2852,99;24;118,87;Cidade Nova;M;61;5313,21;Em dia;15/03/2026
C00315;CLI00778;14/10/2024;Zona Leste;Site;1759,1;10;175,91;Centro;F;55;3972,11;Inadimplente;15/03/2026
C00316;CLI00936;31/07/2024;Shopping Norte;Loja física;1985,62;18;110,31;Jd. America;F;48;2978,54;Inadimplente;15/03/2026
C00317;CLI01554;20/10/2024;Centro;Loja física;10433,44;6;1738,91;Parque das Flores;F;38;2162,81;Inadimplente;15/03/2026
C00318;CLI02611;04/08/2025;Centro;Loja física;955,37;10;95,54;Parque das Flores;F;21;2281,57;Em dia;15/03/2026
C00319;CLI00594;14/12/2024;Online;Loja física;1311,67;12;109,31;Parque das Flores;F;40;2424,37;Quitado;15/03/2026
C00320;CLI00321;21/06/2024;Zona Leste;Loja física;915,24;12;76,27;Jardim Botânico;M;47;2354,66;Inadimplente;15/03/2026
C00321;CLI00552;24/07/2025;Zona Leste;Loja física;2643,7;12;220,31;Cidade Nova;M;35;2815,97;Em dia;15/03/2026
C00322;CLI01354;02/10/2024;Shopping Norte;Loja física;2068,26;24;86,18;Vila Progresso;F;27;3566,58;Inadimplente;15/03/2026
C00324;CLI00527;10/04/2025;Shopping Norte;Loja física;1701,68;12;141,81;Jardim Botânico;F;63;3927,76;Inadimplente;15/03/2026
C00326;CLI00612;15/06/2025;Zona Leste;Loja física;4633,58;10;463,36;Jardim Botânico;M;59;1313,76;Inadimplente;15/03/2026
C00327;CLI00602;19/04/2025;Shopping Norte;Site;1630,68;18;90,59;Alto da Serra;F;49;2125,89;Inadimplente;15/03/2026
C00328;CLI00837;03/11/2024;Shopping Norte;Televendas;1938,8;12;161,57;Bela Vista;F;32;5421,71;Inadimplente;15/03/2026
C00329;CLI01642;30/05/2025;Zona Leste;Loja física;2379,6;12;198,3;Cidade Nova;F;46;4022,58;Inadimplente;15/03/2026
C00330;CLI00475;05/11/2025;Online;Loja física;3027,4;12;252,28;Centro;F;49;2906,0;Em dia;15/03/2026
C00331;CLI00388;11/09/2024;Centro;Loja física;2488,44;18;138,25;Parque das Flores;F;24;2467,46;Quitado;15/03/2026
C00332;CLI02452;09/07/2024;Shopping Norte;Televendas;808,22;12;67,35;Cidade Nova;M;39;3454,85;Quitado;15/03/2026
C00333;CLI00795;21/09/2025;Centro;Loja física;4300,1;6;716,68;Cidade Nova;M;44;1369,27;Inadimplente;15/03/2026
C00335;CLI00669;05/02/2025;Shopping Norte;Televendas;7124,66;10;712,47;Parque das Flores;F;46;4659,52;Inadimplente;15/03/2026
C00336;CLI02773;13/09/2024;Zona Leste;Loja física;1034,43;6;172,4;Alto da Serra;M;28;6340,03;Quitado;15/03/2026
C00337;CLI02123;17/08/2024;Centro;Loja física;4410,51;12;367,54;Cidade Nova;F;55;990,32;Inadimplente;15/03/2026
C00338;CLI02132;17/10/2025;Shopping Norte;Loja física;1909,15;18;106,06;Jardim Botânico;F;18;2059,06;Em dia;15/03/2026
C00339;CLI02589;06/04/2025;Zona Leste;Loja física;1915,6;10;191,56;Bela Vista;M;48;2840,18;Quitado;15/03/2026
C00340;CLI02504;28/06/2025;Centro;Loja física;395,58;12;32,96;Jardim Botânico;F;39;2685,11;Em dia;15/03/2026
C00342;CLI01579;30/06/2024;Shopping Norte;Loja física;788,87;6;131,48;Centro;F;57;2966,06;Quitado;15/03/2026
C00343;CLI00670;12/07/2024;Online;Loja física;2994,36;18;166,35;Alto da Serra;M;22;2968,59;Inadimplente;15/03/2026
C00344;CLI00333;31/01/2025;Shopping Norte;Loja física;5315,94;10;531,59;Cidade Nova;F;51;1500,17;Inadimplente;15/03/2026
C00345;CLI02588;28/10/2025;Centro;Loja física;1082,38;18;60,13;Vila Progresso;M;48;3356,18;Inadimplente;15/03/2026
C00346;CLI01126;27/10/2025;Zona Leste;Loja física;2915,81;24;121,49;Parque das Flores;M;47;3959,91;Inadimplente;15/03/2026
C00347;CLI01741;08/06/2025;Zona Leste;Loja física;4097,06;12;341,42;Jardim América;F;32;2200,66;Em dia;15/03/2026
C00348;CLI00972;12/04/2025;Centro;Site;2093,42;12;174,45;Alto da Serra;F;33;2417,77;Em dia;15/03/2026
C00349;CLI02326;28/10/2024;Shopping Norte;Loja física;768,62;10;76,86;Jardim América;M;46;1919,19;Inadimplente;15/03/2026
C00350;CLI01478;13/04/2025;Shopping Norte;Loja física;2092,88;24;87,2;Alto da Serra;F;44;1864,41;Inadimplente;15/03/2026
C00351;CLI02259;21/09/2024;Centro;Televendas;1492,9;6;248,82;Vila Progresso;F;41;4426,79;Quitado;15/03/2026
C00352;CLI00896;05/03/2025;Zona Leste;Loja física;2313,9;12;192,82;Jardim Botânico;M;52;2683,19;Quitado;15/03/2026
C00354;CLI00168;29/09/2025;Centro;Televendas;2912,56;24;121,36;Vila Progresso;F;55;3143,81;Inadimplente;15/03/2026
C00355;CLI00189;26/03/2025;Centro;Loja física;1181,38;12;98,45;Parque das Flores;F;20;1408,24;Inadimplente;15/03/2026
C00356;CLI02387;16/08/2025;Shopping Norte;Televendas;10186,68;24;424,44;Vila Progresso;M;51;4832,14;Em dia;15/03/2026
C00357;CLI01073;26/04/2025;Centro;Loja física;1387,86;12;115,65;Centro;F;37;4433,79;Em dia;15/03/2026
C00362;CLI02457;17/02/2025;Shopping Norte;Site;4968,56;6;828,09;Cidade Nova;F;37;2379,03;Inadimplente;15/03/2026
C00363;CLI01944;06/02/2025;Centro;Site;2848,62;10;284,86;Jd. America;M;35;3384,1;Quitado;15/03/2026
C00364;CLI00948;20/10/2025;Zona Leste;Loja física;2001,78;12;166,82;Centro;F;43;3326,95;Inadimplente;15/03/2026
C00365;CLI00480;10/04/2025;Centro;Loja física;1309,51;18;72,75;Jardim Botânico;M;40;2981,37;Inadimplente;15/03/2026
C00366;CLI02089;23/11/2024;Online;Loja física;3652,26;24;152,18;Centro;M;25;2867,21;Em dia;15/03/2026
C00367;CLI01996;21/10/2025;Online;Loja física;478,65;12;39,89;Bela Vista;F;55;2986,36;Inadimplente;15/03/2026
C00368;CLI01983;08/07/2024;Centro;Loja física;2360,26;12;196,69;Cidade Nova;F;46;7198,88;Inadimplente;15/03/2026
C00371;CLI01796;02/05/2025;Zona Leste;Loja física;887,59;6;147,93;Parque das Flores;F;43;1699,84;Quitado;15/03/2026
C00372;CLI02344;24/11/2024;Zona Leste;Loja física;1357,76;18;75,43;Jardim América;F;48;2454,96;Inadimplente;15/03/2026
C00373;CLI02276;25/07/2024;Shopping Norte;Site;2923,69;24;121,82;Jardim América;F;46;1697,17;Inadimplente;15/03/2026
C00375;CLI02272;02/09/2024;Online;Loja física;3568,25;24;148,68;Bela Vista;F;18;1468,03;Em dia;15/03/2026
C00376;CLI01347;13/01/2025;Centro;Televendas;1424,04;18;79,11;Vila Progresso;F;31;3279,02;Em dia;15/03/2026
C00377;CLI01405;31/10/2025;Shopping Norte;Loja física;1756,83;6;292,8;Parque das Flores;M;20;1515,99;Em dia;15/03/2026
C00378;CLI01517;02/10/2024;Zona Leste;Site;3825,17;18;212,51;Jd. America;F;35;3625,61;Em dia;15/03/2026
C00379;CLI00626;07/10/2025;Centro;Loja física;4642,46;24;193,44;Centro;M;49;1149,14;Inadimplente;15/03/2026
C00380;CLI00716;02/11/2024;Shopping Norte;Site;1184,75;18;65,82;Jardim Botânico;F;43;2160,27;Em dia;15/03/2026
C00381;CLI01998;21/10/2024;Shopping Norte;Loja física;4162,81;10;416,28;Jardim América;M;50;1740,95;Inadimplente;15/03/2026
C00382;CLI02316;15/07/2024;Online;Loja física;1179,65;12;98,3;Alto da Serra;M;42;1628,47;Quitado;15/03/2026
C00383;CLI02442;30/06/2025;Zona Leste;Site;1603,48;24;66,81;Parque das Flores;F;36;1852,01;Em dia;15/03/2026
C00384;CLI02120;07/07/2025;Centro;Site;3731,74;12;310,98;Vila Progresso;F;55;3445,05;Inadimplente;15/03/2026
C00385;CLI02453;13/10/2024;Shopping Norte;Loja física;4488,17;10;448,82;Vila Progresso;M;46;1914,73;Inadimplente;15/03/2026
C00386;CLI01978;22/07/2025;Zona Leste;Loja física;4282,31;18;237,91;Jardim América;F;29;3940,27;Em dia;15/03/2026
C00387;CLI01893;02/10/2025;Shopping Norte;Loja física;1443,32;12;120,28;Jardim Botânico;M;45;4245,36;Em dia;15/03/2026
C00388;CLI00476;10/10/2025;Online;Televendas;1404,49;6;234,08;Parque das Flores;F;64;2273,23;Em dia;15/03/2026
C00389;CLI01100;09/04/2025;Online;Loja física;4821,71;12;401,81;Vila Progresso;M;53;4422,6;Em dia;15/03/2026
C00390;CLI00733;23/06/2024;Centro;Loja física;2452,38;12;204,36;Centro;F;41;900,0;Inadimplente;15/03/2026
C00391;CLI01846;03/10/2024;Shopping Norte;Loja física;3057,79;18;169,88;Centro;M;42;1901,47;Em dia;15/03/2026
C00392;CLI00892;20/09/2024;Centro;Televendas;4980,37;10;498,04;Parque das Flores;M;32;1886,95;Quitado;15/03/2026
C00393;CLI00480;09/09/2025;Centro;Loja física;511,59;12;42,63;Jardim América;F;42;2803,1;Inadimplente;15/03/2026
C00394;CLI01596;08/11/2024;Zona Leste;Loja física;2486,55;12;207,21;Jardim América;M;53;2220,27;Quitado;15/03/2026
C00395;CLI01608;15/06/2024;Centro;Loja física;386,16;18;21,45;Vila Progresso;F;18;4645,43;Quitado;15/03/2026
C00396;CLI00128;28/07/2025;Zona Leste;Site;949,9;10;94,99;Cidade Nova;M;47;2148,19;Em dia;15/03/2026
C00397;CLI01803;24/04/2025;Shopping Norte;Loja física;2640,85;12;220,07;Centro;F;30;2241,62;Inadimplente;15/03/2026
C00398;CLI00180;27/06/2025;Shopping Norte;Loja física;2011,98;10;201,2;Vila Progresso;F;35;1765,98;Inadimplente;15/03/2026
C00399;CLI01710;27/10/2024;Centro;Loja física;1715,1;6;285,85;Jardim América;M;35;4457,2;Quitado;15/03/2026
C00400;CLI02245;01/02/2025;Shopping Norte;Loja física;6440,36;6;1073,39;Jd. America;M;58;2041,91;Inadimplente;15/03/2026
C00401;CLI01110;24/12/2024;Online;Loja física;2656,69;12;221,39;Jd. America;F;37;2523,37;Inadimplente;15/03/2026
C00402;CLI02752;24/07/2024;Zona Leste;Loja física;2955,58;18;164,2;Alto da Serra;M;53;3228,28;Quitado;15/03/2026
C00403;CLI00429;29/06/2024;Online;Loja física;4184,2;12;348,68;Parque das Flores;F;47;2833,57;Quitado;15/03/2026
C00404;CLI01664;05/11/2024;Zona Leste;Loja física;1551,45;18;86,19;Vila Progresso;F;28;2585,92;Em dia;15/03/2026
C00405;CLI01410;27/06/2025;Online;Loja física;1224,44;12;102,04;Vila Progresso;M;21;3080,69;Em dia;15/03/2026
C00407;CLI01610;02/11/2024;Centro;Loja física;2005,91;18;111,44;Cidade Nova;M;24;4979,45;Em dia;15/03/2026
C00408;CLI02645;19/12/2024;Centro;Loja física;2785,11;12;232,09;Cidade Nova;M;47;2844,56;Quitado;15/03/2026
C00409;CLI02267;26/06/2024;Zona Leste;Loja física;4030,32;12;335,86;Jd. America;F;59;3736,42;Inadimplente;15/03/2026
C00410;CLI00204;22/04/2025;Shopping Norte;Loja física;2102,09;10;210,21;Bela Vista;M;54;2249,53;Quitado;15/03/2026
C00411;CLI01860;04/07/2025;Zona Leste;Site;11331,87;6;1888,65;Jardim Botânico;M;32;2482,65;Inadimplente;15/03/2026
C00412;CLI02517;14/01/2025;Zona Leste;Televendas;1286,66;12;107,22;Jardim América;M;25;2249,86;Quitado;15/03/2026
C00413;CLI02603;04/03/2025;Online;Loja física;998,73;10;99,87;Cidade Nova;F;20;4364,0;Quitado;15/03/2026
C00414;CLI02525;08/07/2025;Centro;Loja física;2018,45;12;168,2;Parque das Flores;M;53;3030,69;Inadimplente;15/03/2026
C00415;CLI00388;23/07/2025;Shopping Norte;Site;8279,44;6;1379,91;Vila Progresso;F;61;2278,99;Inadimplente;15/03/2026
C00416;CLI00909;30/06/2024;Zona Leste;Loja física;1116,61;18;62,03;Parque das Flores;M;36;1840,66;Inadimplente;15/03/2026
C00417;CLI01683;11/06/2025;Zona Leste;Loja física;2229,23;10;222,92;Jd. America;F;21;1650,06;Em dia;15/03/2026
C00418;CLI01294;26/03/2025;Centro;Loja física;4464,51;10;446,45;Jardim Botânico;F;27;2940,46;Quitado;15/03/2026
C00420;CLI01361;06/01/2025;Online;Televendas;5870,93;18;326,16;Parque das Flores;F;40;1964,09;Inadimplente;15/03/2026
C00421;CLI02095;10/10/2024;Zona Leste;Televendas;1511,14;18;83,95;Jardim América;M;39;2550,01;Em dia;15/03/2026
C00422;CLI01453;05/08/2025;Centro;Site;2120,96;6;353,49;Jd. America;F;28;2608,74;Quitado;15/03/2026
C00423;CLI02212;13/04/2025;Shopping Norte;Loja física;1048,47;6;174,74;Parque das Flores;M;18;4223,28;Quitado;15/03/2026
C00424;CLI02196;10/08/2025;Centro;Loja física;3501,09;12;291,76;Jardim América;M;30;1862,97;Em dia;15/03/2026
C00425;CLI02097;30/04/2025;Centro;Loja física;588,57;6;98,1;Jd. America;M;59;2100,03;Quitado;15/03/2026
C00427;CLI02174;15/07/2025;Online;Site;2567,92;10;256,79;Bela Vista;F;41;1548,48;Inadimplente;15/03/2026
C00428;CLI00426;30/04/2025;Centro;Site;1456,48;12;121,37;Vila Progresso;F;45;2545,7;Em dia;15/03/2026
C00429;CLI02698;14/10/2025;Shopping Norte;Loja física;4538,66;10;453,87;Jardim Botânico;F;33;2786,5;Inadimplente;15/03/2026
C00430;CLI00082;09/08/2024;Shopping Norte;Loja física;2818,37;6;469,73;Vila Progresso;F;54;2488,45;Inadimplente;15/03/2026
C00431;CLI00071;02/12/2024;Shopping Norte;Loja física;1127,92;12;93,99;Jardim América;F;47;4746,34;Quitado;15/03/2026
C00432;CLI00156;03/07/2025;Shopping Norte;Loja física;3184,75;18;176,93;Centro;M;56;3142,79;Em dia;15/03/2026
C00433;CLI02579;26/06/2024;Centro;Loja física;2421,48;10;242,15;Centro;F;41;3623,87;Quitado;15/03/2026
C00435;CLI02460;07/08/2024;Centro;Televendas;1137,7;12;94,81;Vila Progresso;F;18;2737,07;Quitado;15/03/2026
C00436;CLI01260;05/04/2025;Centro;Televendas;1439,53;6;239,92;Jardim Botânico;F;48;1715,12;Inadimplente;15/03/2026
C00437;CLI02247;05/12/2024;Centro;Loja física;831,14;24;34,63;Alto da Serra;F;52;1670,47;Em dia;15/03/2026
C00438;CLI01237;25/10/2024;Shopping Norte;Loja física;1604,13;12;133,68;Bela Vista;M;41;3484,04;Quitado;15/03/2026
C00439;CLI00898;20/08/2024;Centro;Loja física;1866,51;12;155,54;Parque das Flores;F;52;3035,13;Inadimplente;15/03/2026
C00440;CLI02464;04/04/2025;Shopping Norte;Loja física;4412,55;10;441,26;Parque das Flores;F;48;3729,69;Quitado;15/03/2026
C00441;CLI01845;29/10/2024;Online;Loja física;3797,5;12;316,46;Jardim Botânico;M;18;1525,67;Inadimplente;15/03/2026
C00442;CLI00479;18/09/2025;Shopping Norte;Loja física;1630,62;12;135,88;Jardim Botânico;M;27;2791,84;Inadimplente;15/03/2026
C00443;CLI02193;15/07/2025;Centro;Loja física;2062,4;12;171,87;Jardim Botânico;M;55;1613,94;Inadimplente;15/03/2026
C00444;CLI01505;11/11/2025;Zona Leste;Loja física;1368,96;24;57,04;Jd. America;M;39;5550,77;Em dia;15/03/2026
C00445;CLI01089;16/03/2025;Shopping Norte;Loja física;2029,16;24;84,55;Parque das Flores;M;19;4290,22;Em dia;15/03/2026
C00446;CLI01150;22/06/2024;Shopping Norte;Loja física;4954,68;12;412,89;Centro;F;27;3252,4;Inadimplente;15/03/2026
C00447;CLI01010;20/04/2025;Online;Loja física;1067,48;18;59,3;Cidade Nova;F;46;4289,19;Em dia;15/03/2026
C00448;CLI02549;07/07/2025;Zona Leste;Loja física;1682,83;10;168,28;Parque das Flores;M;47;4192,66;Em dia;15/03/2026
C00449;CLI00742;02/06/2025;Zona Leste;Loja física;1758,97;18;97,72;Jardim América;F;45;3729,71;Em dia;15/03/2026
C00451;CLI00697;08/10/2024;Shopping Norte;Loja física;1928,4;6;321,4;Jd. America;F;41;4253,59;Inadimplente;15/03/2026
C00452;CLI01884;28/01/2025;Shopping Norte;Loja física;1775,03;12;147,92;Bela Vista;M;46;1855,69;Quitado;15/03/2026
C00453;CLI02272;04/05/2025;Online;Loja física;1393,52;6;232,25;Bela Vista;F;46;3874,4;Quitado;15/03/2026
C00454;CLI02487;19/09/2024;Shopping Norte;Loja física;1522,42;12;126,87;Jd. America;F;40;2098,08;Inadimplente;15/03/2026
C00455;CLI00057;06/03/2025;Zona Leste;Televendas;544,75;24;22,7;Jardim América;F;20;3153,86;Inadimplente;15/03/2026
C00456;CLI00612;30/04/2025;Zona Leste;Loja física;1616,39;18;89,8;Cidade Nova;M;52;3762,49;Inadimplente;15/03/2026
C00457;CLI00148;06/04/2025;Centro;Loja física;2978,09;12;248,17;Cidade Nova;F;41;2034,27;Inadimplente;15/03/2026
C00461;CLI02144;27/08/2025;Shopping Norte;Televendas;1963,38;12;163,62;Jd. America;F;29;4144,73;Inadimplente;15/03/2026
C00463;CLI02387;20/06/2024;Zona Leste;Loja física;646,86;12;53,9;Jardim Botânico;M;46;2969,07;Inadimplente;15/03/2026
C00464;CLI01749;30/08/2024;Zona Leste;Televendas;1003,26;10;100,33;Jd. America;M;41;3036,31;Quitado;15/03/2026
C00465;CLI00039;30/10/2024;Zona Leste;Loja física;663,05;12;55,25;Parque das Flores;M;43;3676,86;Inadimplente;15/03/2026
C00466;CLI02688;15/06/2024;Shopping Norte;Loja física;1571,78;12;130,98;Vila Progresso;F;23;4244,66;Quitado;15/03/2026
C00467;CLI02593;16/07/2024;Shopping Norte;Site;2396,27;6;399,38;Jd. America;F;39;1058,93;Inadimplente;15/03/2026
C00468;CLI00321;07/11/2024;Online;Loja física;1306,9;12;108,91;Jardim Botânico;F;62;2828,96;Quitado;15/03/2026
C00469;CLI00200;02/08/2024;Centro;Loja física;513,09;12;42,76;Parque das Flores;F;63;1905,99;Quitado;15/03/2026
C00470;CLI00699;21/06/2024;Centro;Loja física;1439,03;12;119,92;Cidade Nova;F;18;4747,92;Inadimplente;15/03/2026
C00471;CLI02256;08/07/2025;Zona Leste;Loja física;4138,38;12;344,86;Jardim América;M;48;2056,62;Em dia;15/03/2026
C00472;CLI01407;26/10/2024;Centro;Televendas;1628,62;10;162,86;Jd. America;F;51;3045,3;Quitado;15/03/2026
C00473;CLI01453;28/06/2025;Centro;Site;1040,24;18;57,79;Vila Progresso;F;34;1936,13;Em dia;15/03/2026
C00474;CLI01481;15/10/2025;Shopping Norte;Site;3389,37;10;338,94;Jd. America;M;49;2933,61;Inadimplente;15/03/2026
C00475;CLI00756;30/11/2024;Centro;Loja física;2590,67;10;259,07;Centro;F;36;3634,51;Quitado;15/03/2026
C00476;CLI00766;17/10/2025;Centro;Loja física;1506,83;10;150,68;Bela Vista;F;52;2133,45;Inadimplente;15/03/2026
C00477;CLI01485;16/03/2025;Centro;Loja física;2609,16;10;260,92;Jardim América;F;53;3479,23;Inadimplente;15/03/2026
C00479;CLI01353;06/02/2025;Shopping Norte;Site;3321,35;18;184,52;Vila Progresso;M;45;2772,39;Inadimplente;15/03/2026
C00480;CLI00991;25/07/2024;Centro;Loja física;2878,65;18;159,93;Cidade Nova;M;29;3821,81;Quitado;15/03/2026
C00481;CLI00217;22/12/2024;Centro;Loja física;803,72;18;44,65;Cidade Nova;M;45;1581,68;Inadimplente;15/03/2026
C00482;CLI01133;02/10/2025;Zona Leste;Loja física;906,97;18;50,39;Vila Progresso;F;57;1953,78;Em dia;15/03/2026
C00483;CLI02722;05/05/2025;Online;Site;1693,82;12;141,15;Jd. America;M;32;3571,69;Inadimplente;15/03/2026
C00484;CLI00540;05/11/2024;Shopping Norte;Loja física;764,08;6;127,35;Centro;M;18;1881,42;Quitado;15/03/2026
C00485;CLI00193;06/07/2025;Centro;Televendas;3217,79;18;178,77;Centro;F;30;3998,63;Em dia;15/03/2026
C00486;CLI01292;17/10/2025;Shopping Norte;Site;1849,57;6;308,26;Jardim América;M;31;4116,09;Em dia;15/03/2026
C00488;CLI02673;24/09/2025;Shopping Norte;Loja física;3672,06;18;204,0;Jardim América;M;45;4194,91;Em dia;15/03/2026
C00489;CLI02580;14/11/2025;Online;Site;2322,6;10;232,26;Vila Progresso;M;39;1856,61;Inadimplente;15/03/2026
C00490;CLI01379;25/10/2024;Online;Loja física;752,58;6;125,43;Jd. America;M;31;3283,71;Quitado;15/03/2026
C00491;CLI01047;19/07/2024;Shopping Norte;Loja física;1168,42;6;194,74;Vila Progresso;M;45;4283,45;Quitado;15/03/2026
C00492;CLI00705;25/02/2025;Zona Leste;Loja física;3746,35;12;312,2;Alto da Serra;F;36;0,0;Quitado;15/03/2026
C00493;CLI00350;31/08/2025;Centro;Loja física;3572,64;12;297,72;Parque das Flores;F;51;2582,9;Inadimplente;15/03/2026
C00494;CLI02725;08/11/2024;Online;Site;2360,21;12;196,68;Alto da Serra;M;47;1344,94;Inadimplente;15/03/2026
C00495;CLI01679;05/11/2025;Centro;Loja física;1726,13;6;287,69;Jardim Botânico;M;40;2602,25;Em dia;15/03/2026
C00496;CLI01013;10/10/2025;Zona Leste;Loja física;3003,59;24;125,15;Centro;M;53;3489,18;Em dia;15/03/2026
C00497;CLI01993;28/09/2025;Centro;Site;4503,49;12;375,29;Cidade Nova;F;37;3233,91;Em dia;15/03/2026
C00498;CLI02074;17/07/2024;Zona Leste;Loja física;2375,32;6;395,89;Jd. America;M;37;1820,31;Inadimplente;15/03/2026
C00499;CLI01427;24/09/2025;Shopping Norte;Televendas;2562,29;24;106,76;Centro;F;62;2564,21;Inadimplente;15/03/2026
C00500;CLI01245;11/09/2024;Shopping Norte;Loja física;1360,27;24;56,68;Jardim Botânico;M;44;2895,85;Em dia;15/03/2026
C00501;CLI00205;12/05/2025;Shopping Norte;Loja física;3102,57;10;310,26;Jardim América;F;40;2535,87;Inadimplente;15/03/2026
C00502;CLI01173;20/08/2024;Zona Leste;Televendas;1040,5;6;173,42;Parque das Flores;F;39;3880,88;Inadimplente;15/03/2026
C00503;CLI02053;03/01/2025;Zona Leste;Televendas;1859,5;12;154,96;Jardim América;F;47;1820,68;Inadimplente;15/03/2026
C00504;CLI01138;12/10/2025;Shopping Norte;Loja física;1525,15;12;127,1;Parque das Flores;F;41;2871,39;Em dia;15/03/2026
C00505;CLI01691;19/01/2025;Shopping Norte;Loja física;1521,5;12;126,79;Centro;M;56;4891,72;Inadimplente;15/03/2026
C00506;CLI01922;22/11/2024;Zona Leste;Loja física;2085,36;6;347,56;Jd. America;M;34;3971,94;Inadimplente;15/03/2026
C00507;CLI00509;23/03/2025;Zona Leste;Site;762,6;6;127,1;Jd. America;F;45;1068,03;Inadimplente;15/03/2026
C00509;CLI00101;21/03/2025;Centro;Loja física;679,07;12;56,59;Bela Vista;M;53;1876,94;Em dia;15/03/2026
C00512;CLI00308;11/10/2024;Shopping Norte;Loja física;4480,12;10;448,01;Bela Vista;F;30;3336,02;Inadimplente;15/03/2026
C00513;CLI00944;01/10/2024;Centro;Televendas;2005,73;12;167,14;Vila Progresso;F;33;2372,6;Quitado;15/03/2026
C00514;CLI00845;22/04/2025;Online;Loja física;873,12;12;72,76;Cidade Nova;M;47;2237,53;Em dia;15/03/2026
C00515;CLI00938;30/10/2024;Shopping Norte;Loja física;3156,1;12;263,01;Vila Progresso;M;36;2262,82;Inadimplente;15/03/2026
C00516;CLI01889;25/10/2024;Zona Leste;Televendas;2273,68;18;126,32;Bela Vista;M;25;1471,18;Inadimplente;15/03/2026
C00517;CLI02200;27/04/2025;Zona Leste;Loja física;828,64;24;34,53;Cidade Nova;F;59;4528,01;Inadimplente;15/03/2026
C00518;CLI00338;05/06/2025;Shopping Norte;Site;2049,21;18;113,84;Vila Progresso;M;42;4753,63;Quitado;15/03/2026
C00519;CLI02708;07/08/2025;Shopping Norte;Loja física;1923,89;10;192,39;Centro;F;61;2116,92;Inadimplente;15/03/2026
C00520;CLI00506;15/07/2025;Zona Leste;Loja física;2364,87;18;131,38;Centro;F;43;3463,6;Em dia;15/03/2026
C00521;CLI02127;02/09/2025;Shopping Norte;Loja física;1137,03;12;94,75;Vila Progresso;F;29;2948,13;Inadimplente;15/03/2026
C00522;CLI01852;12/09/2024;Centro;Loja física;4869,43;18;270,52;Vila Progresso;F;32;2581,57;Inadimplente;15/03/2026
C00523;CLI00479;12/08/2025;Centro;Loja física;3279,56;12;273,3;Vila Progresso;F;39;2759,97;Em dia;15/03/2026
C00524;CLI01160;18/10/2024;Shopping Norte;Loja física;1035,14;10;103,51;Bela Vista;F;53;4547,45;Quitado;15/03/2026
C00525;CLI01406;07/11/2025;Centro;Loja física;1064,78;18;59,15;Jardim América;M;38;1655,86;Em dia;15/03/2026
C00526;CLI01766;26/12/2024;Centro;Loja física;737,66;24;30,74;Jardim Botânico;M;30;2750,62;Em dia;15/03/2026
C00529;CLI01924;11/05/2025;Shopping Norte;Loja física;1376,37;18;76,46;Alto da Serra;M;46;2665,17;Em dia;15/03/2026
C00530;CLI01454;28/08/2024;Zona Leste;Loja física;1838,75;10;183,88;Centro;F;37;1940,17;Quitado;15/03/2026
C00531;CLI01632;14/08/2024;Zona Leste;Loja física;3003,46;12;250,29;Vila Progresso;F;42;1741,19;Inadimplente;15/03/2026
C00532;CLI00230;05/02/2025;Shopping Norte;Loja física;2370,35;12;197,53;Cidade Nova;F;58;2376,07;Quitado;15/03/2026
C00533;CLI00143;30/08/2024;Online;Televendas;6292,1;12;524,34;Jardim Botânico;F;65;3665,4;Inadimplente;15/03/2026
C00534;CLI00120;17/07/2024;Shopping Norte;Loja física;5255,08;18;291,95;Jardim América;F;37;3801,88;Inadimplente;15/03/2026
C00535;CLI00619;11/05/2025;Zona Leste;Loja física;1117,12;12;93,09;Jd. America;F;26;2059,38;Inadimplente;15/03/2026
C00537;CLI00508;13/01/2025;Zona Leste;Loja física;4171,84;12;347,65;Parque das Flores;F;44;3289,69;Inadimplente;15/03/2026
C00538;CLI01188;31/07/2024;Shopping Norte;Site;3542,22;12;295,18;Vila Progresso;M;70;6553,72;Inadimplente;15/03/2026
C00539;CLI00646;12/02/2025;Zona Leste;Loja física;2227,12;6;371,19;Jd. America;M;42;3083,75;Inadimplente;15/03/2026
C00540;CLI02678;14/10/2024;Centro;Loja física;2254,17;10;225,42;Jardim América;M;40;2248,52;Quitado;15/03/2026
C00541;CLI01178;19/09/2024;Zona Leste;Loja física;4571,65;18;253,98;Jardim América;M;47;5108,82;Quitado;15/03/2026
C00542;CLI01399;13/11/2024;Shopping Norte;Loja física;1739,07;12;144,92;Centro;M;57;2532,78;Inadimplente;15/03/2026
C00543;CLI02223;08/09/2024;Zona Leste;Televendas;968,91;10;96,89;Cidade Nova;M;48;3248,22;Inadimplente;15/03/2026
C00544;CLI02114;26/10/2025;Centro;Loja física;3251,03;24;135,46;Jardim Botânico;F;71;3370,52;Inadimplente;15/03/2026
C00548;CLI00127;06/07/2024;Zona Leste;Loja física;2562,91;12;213,58;Parque das Flores;F;57;4645,88;Inadimplente;15/03/2026
C00549;CLI00421;08/03/2025;Zona Leste;Loja física;873,88;10;87,39;Jd. America;F;24;3643,12;Quitado;15/03/2026
C00550;CLI01973;19/10/2025;Online;Site;994,4;18;55,24;Vila Progresso;F;60;3675,54;Inadimplente;15/03/2026
C00551;CLI02696;06/10/2025;Shopping Norte;Site;380,0;24;15,83;Parque das Flores;F;48;5239,24;Inadimplente;15/03/2026
C00553;CLI02304;27/05/2025;Shopping Norte;Loja física;1959,26;6;326,54;Parque das Flores;F;48;1136,89;Inadimplente;15/03/2026
C00554;CLI02713;27/10/2024;Online;Loja física;4019,37;10;401,94;Centro;F;42;5982,05;Em dia;15/03/2026
C00555;CLI01970;08/09/2025;Centro;Loja física;1974,2;24;82,26;Jardim Botânico;F;49;1411,06;Inadimplente;15/03/2026
C00556;CLI02016;20/10/2025;Online;Loja física;2554,29;12;212,86;Jardim América;F;33;1793,09;Em dia;15/03/2026
C00557;CLI02478;22/08/2024;Shopping Norte;Televendas;1373,56;12;114,46;Alto da Serra;F;50;4055,91;Inadimplente;15/03/2026
C00558;CLI00784;19/07/2025;Shopping Norte;Loja física;2798,07;10;279,81;Centro;F;29;1514,58;Inadimplente;15/03/2026
C00559;CLI00918;22/02/2025;Shopping Norte;Televendas;1408,44;6;234,74;Cidade Nova;M;52;2886,63;Quitado;15/03/2026
C00560;CLI01800;23/08/2025;Centro;Loja física;2262,63;6;377,1;Alto da Serra;F;72;4566,64;Quitado;15/03/2026
C00561;CLI01770;06/08/2024;Shopping Norte;Loja física;3276,17;18;182,01;Centro;F;53;4218,42;Quitado;15/03/2026
C00562;CLI01783;05/08/2025;Online;Loja física;3463,82;24;144,33;Jardim América;F;44;2768,92;Em dia;15/03/2026
C00563;CLI00716;17/09/2025;Zona Leste;Loja física;5697,86;24;237,41;Jd. America;F;45;2883,58;Inadimplente;15/03/2026
C00564;CLI00753;20/04/2025;Online;Loja física;2796,45;24;116,52;Parque das Flores;M;40;2399,76;Inadimplente;15/03/2026
C00565;CLI00496;12/04/2025;Shopping Norte;Site;1105,12;10;110,51;Cidade Nova;F;49;1948,84;Inadimplente;15/03/2026
C00566;CLI00224;29/06/2025;Centro;Loja física;923,37;6;153,9;Vila Progresso;F;36;4381,98;Inadimplente;15/03/2026
C00568;CLI01383;27/11/2024;Shopping Norte;Loja física;2251,2;12;187,6;Jardim Botânico;F;45;2194,26;Quitado;15/03/2026
C00569;CLI01666;27/06/2024;Centro;Loja física;638,52;24;26,6;Centro;F;54;1573,32;Em dia;15/03/2026
C00570;CLI01838;20/01/2025;Shopping Norte;Loja física;4336,09;18;240,89;Bela Vista;F;51;3433,55;Inadimplente;15/03/2026
C00571;CLI00448;27/12/2024;Zona Leste;Loja física;4704,57;24;196,02;Vila Progresso;F;43;1559,34;Inadimplente;15/03/2026
C00572;CLI02557;05/08/2025;Centro;Televendas;3514,54;12;292,88;Jd. America;F;18;4425,37;Inadimplente;15/03/2026
C00574;CLI01999;01/05/2025;Shopping Norte;Loja física;1061,66;12;88,47;Jd. America;M;30;5530,0;Em dia;15/03/2026
C00575;CLI02211;03/11/2025;Zona Leste;Loja física;3365,35;10;336,54;Centro;F;48;3979,14;Em dia;15/03/2026
C00577;CLI02045;12/08/2024;Centro;Televendas;2951,25;18;163,96;Vila Progresso;M;45;2634,42;Inadimplente;15/03/2026
C00579;CLI02665;10/08/2024;Zona Leste;Loja física;709,81;12;59,15;Alto da Serra;M;20;2243,13;Quitado;15/03/2026
C00580;CLI01672;02/03/2025;Zona Leste;Loja física;3969,34;6;661,56;Alto da Serra;M;30;4237,79;Quitado;15/03/2026
C00581;CLI01402;23/08/2024;Centro;Loja física;1807,91;12;150,66;Centro;F;49;1815,07;Inadimplente;15/03/2026
C00582;CLI02746;11/09/2024;Shopping Norte;Loja física;8680,22;12;723,35;Cidade Nova;F;63;7163,0;Quitado;15/03/2026
C00583;CLI01622;07/11/2025;Online;Loja física;3984,87;10;398,49;Centro;M;36;4676,01;Em dia;15/03/2026
C00584;CLI02433;24/07/2025;Zona Leste;Televendas;4923,96;12;410,33;Jardim América;M;61;3573,39;Em dia;15/03/2026
C00585;CLI01451;10/03/2025;Online;Loja física;2969,03;18;164,95;Parque das Flores;M;36;1586,51;Inadimplente;15/03/2026
C00586;CLI01071;19/06/2024;Centro;Loja física;5024,27;12;418,69;Jardim Botânico;M;35;3170,82;Inadimplente;15/03/2026
C00587;CLI02286;25/06/2025;Shopping Norte;Loja física;1419,4;10;141,94;Bela Vista;F;40;2850,63;Em dia;15/03/2026
C00588;CLI00276;22/01/2025;Shopping Norte;Site;1071,74;18;59,54;Vila Progresso;M;50;3199,59;Em dia;15/03/2026
C00589;CLI02462;08/08/2025;Centro;Loja física;1016,16;10;101,62;Jardim Botânico;F;45;2503,59;Inadimplente;15/03/2026
C00590;CLI01686;19/10/2024;Centro;Loja física;5000,78;10;500,08;Jardim América;F;42;1452,4;Inadimplente;15/03/2026
C00591;CLI02553;26/12/2024;Zona Leste;Site;2787,85;10;278,78;Jardim América;M;64;3240,05;Quitado;15/03/2026
C00592;CLI01226;07/07/2024;Shopping Norte;Site;3352,28;18;186,24;Jd. America;M;54;5613,26;Quitado;15/03/2026
C00593;CLI00175;02/04/2025;Centro;Site;1841,67;12;153,47;Bela Vista;F;39;2742,98;Inadimplente;15/03/2026
C00595;CLI01647;08/09/2024;Zona Leste;Loja física;1906,45;10;190,64;Jardim Botânico;M;43;2936,25;Inadimplente;15/03/2026
C00597;CLI02398;01/10/2025;Shopping Norte;Loja física;1853,79;6;308,96;Centro;M;52;4249,49;Em dia;15/03/2026
C00598;CLI02016;06/09/2025;Zona Leste;Loja física;2511,21;6;418,54;Cidade Nova;M;23;3526,41;Quitado;15/03/2026
C00599;CLI02154;05/10/2024;Centro;Loja física;1175,21;12;97,93;Vila Progresso;F;42;4236,86;Quitado;15/03/2026
C00600;CLI02594;22/04/2025;Shopping Norte;Loja física;2879,78;24;119,99;Alto da Serra;M;56;2686,55;Inadimplente;15/03/2026
C00601;CLI02353;16/11/2024;Zona Leste;Site;3373,15;10;337,32;Centro;M;26;2410,83;Inadimplente;15/03/2026
C00602;CLI01696;18/07/2024;Centro;Loja física;1946,51;18;108,14;Jardim Botânico;F;46;2316,57;Quitado;15/03/2026
C00603;CLI02369;03/11/2024;Shopping Norte;Site;2596,07;18;144,23;Jardim América;F;34;2340,35;Inadimplente;15/03/2026
C00604;CLI00986;27/07/2025;Online;Site;1957,81;24;81,58;Centro;F;42;3223,41;Em dia;15/03/2026
C00605;CLI00079;16/09/2025;Shopping Norte;Loja física;1944,93;12;162,08;Cidade Nova;M;59;1812,86;Inadimplente;15/03/2026
C00606;CLI00258;18/10/2024;Zona Leste;Loja física;2706,06;18;150,34;Jardim América;F;43;3599,99;Inadimplente;15/03/2026
C00607;CLI02037;01/10/2024;Zona Leste;Loja física;1645,82;10;164,58;Jardim América;M;51;3392,53;Inadimplente;15/03/2026
C00608;CLI00502;27/06/2025;Shopping Norte;Loja física;2041,74;6;340,29;Parque das Flores;M;26;2705,07;Inadimplente;15/03/2026
C00609;CLI01563;24/10/2024;Shopping Norte;Loja física;1712,58;24;71,36;Jardim América;F;53;3727,2;Em dia;15/03/2026
C00610;CLI00258;22/04/2025;Centro;Site;2666,82;10;266,68;Jardim Botânico;M;20;2992,23;Quitado;15/03/2026
C00611;CLI02521;08/08/2025;Zona Leste;Loja física;1947,18;10;194,72;Jd. America;M;22;2997,24;Em dia;15/03/2026
C00613;CLI00503;04/03/2025;Zona Leste;Loja física;3601,8;12;300,15;Cidade Nova;F;55;2664,44;Quitado;15/03/2026
C00614;CLI02503;27/10/2024;Zona Leste;Loja física;380,0;10;38,0;Vila Progresso;F;27;1820,8;Inadimplente;15/03/2026
C00616;CLI01658;31/08/2024;Online;Loja física;1498,98;18;83,28;Jd. America;F;55;1641,76;Inadimplente;15/03/2026
C00617;CLI00048;12/09/2025;Zona Leste;Loja física;2159,38;18;119,97;Parque das Flores;F;33;2204,88;Em dia;15/03/2026
C00618;CLI00773;05/07/2024;Shopping Norte;Loja física;2017,13;12;168,09;Jardim América;F;48;2455,51;Quitado;15/03/2026
C00619;CLI02158;20/06/2025;Centro;Loja física;9619,97;6;1603,33;Bela Vista;F;41;2250,57;Inadimplente;15/03/2026
C00620;CLI00566;28/07/2024;Shopping Norte;Site;1850,14;12;154,18;Jardim Botânico;M;46;2798,58;Quitado;15/03/2026
C00621;CLI02551;11/11/2025;Zona Leste;Loja física;1801,91;24;75,08;Bela Vista;F;42;3587,41;Em dia;15/03/2026
C00622;CLI00758;10/09/2025;Shopping Norte;Loja física;1045,72;6;174,29;Vila Progresso;F;46;2673,72;Em dia;15/03/2026
C00623;CLI02399;13/11/2024;Centro;Loja física;1370,12;12;114,18;Jd. America;F;18;2953,83;Quitado;15/03/2026
C00625;CLI01741;22/02/2025;Online;Loja física;4938,22;12;411,52;Centro;F;31;3223,88;Quitado;15/03/2026
C00626;CLI01797;23/10/2024;Shopping Norte;Loja física;1632,76;18;90,71;Parque das Flores;F;24;3677,64;Em dia;15/03/2026
C00627;CLI01737;02/09/2024;Centro;Loja física;1520,73;24;63,36;Jardim América;F;58;1604,27;Em dia;15/03/2026
C00628;CLI01375;12/11/2024;Centro;Loja física;1230,39;18;68,36;Vila Progresso;F;41;4295,44;Em dia;15/03/2026
C00629;CLI01873;05/11/2025;Zona Leste;Loja física;2835,57;12;236,3;Jardim Botânico;M;48;3945,26;Inadimplente;15/03/2026
C00630;CLI01801;18/08/2025;Zona Leste;Televendas;2554,48;10;255,45;Vila Progresso;M;45;5423,9;Em dia;15/03/2026
C00632;CLI00768;12/02/2025;Centro;Loja física;3772,64;24;157,19;Cidade Nova;M;34;2442,38;Em dia;15/03/2026
C00633;CLI01542;16/11/2024;Shopping Norte;Loja física;422,52;6;70,42;Cidade Nova;M;39;2802,31;Quitado;15/03/2026
C00634;CLI00051;29/06/2024;Zona Leste;Loja física;1517,5;18;84,31;Cidade Nova;F;67;3119,98;Quitado;15/03/2026
C00636;CLI00297;12/03/2025;Centro;Loja física;1020,48;18;56,69;Vila Progresso;M;44;2300,88;Inadimplente;15/03/2026
C00637;CLI00106;10/09/2024;Shopping Norte;Site;4743,14;6;790,52;Jardim Botânico;F;22;900,0;Inadimplente;15/03/2026
C00638;CLI00127;03/03/2025;Centro;Site;1435,68;18;79,76;Jd. America;M;40;3511,03;Em dia;15/03/2026
C00639;CLI01503;04/07/2025;Online;Loja física;2543,93;6;423,99;Jardim Botânico;M;25;1734,71;Inadimplente;15/03/2026
C00640;CLI01885;17/10/2025;Centro;Loja física;2551,61;24;106,32;Parque das Flores;M;33;1966,43;Em dia;15/03/2026
C00641;CLI00272;14/11/2024;Shopping Norte;Loja física;3585,2;24;149,38;Parque das Flores;F;39;2285,13;Em dia;15/03/2026
C00642;CLI02531;14/11/2025;Centro;Loja física;1500,87;24;62,54;Vila Progresso;F;78;2236,1;Em dia;15/03/2026
C00643;CLI00440;12/09/2024;Centro;Loja física;1529,23;10;152,92;Cidade Nova;M;49;2662,01;Quitado;15/03/2026
C00644;CLI00867;31/08/2024;Centro;Site;1632,11;10;163,21;Vila Progresso;F;38;3118,8;Inadimplente;15/03/2026
C00645;CLI00140;10/07/2025;Shopping Norte;Loja física;2744,87;10;274,49;Jardim Botânico;M;29;3322,9;Em dia;15/03/2026
C00646;CLI01348;28/02/2025;Zona Leste;Loja física;1232,52;24;51,36;Jardim América;M;66;1701,36;Em dia;15/03/2026
C00647;CLI00931;07/05/2025;Zona Leste;Loja física;1635,72;6;272,62;Bela Vista;F;55;2037,65;Quitado;15/03/2026
C00648;CLI01229;03/05/2025;Zona Leste;Loja física;1916,49;18;106,47;Cidade Nova;M;41;3042,21;Inadimplente;15/03/2026
C00649;CLI00972;01/07/2025;Zona Leste;Loja física;2571,98;10;257,2;Parque das Flores;F;38;1946,28;Em dia;15/03/2026
C00650;CLI01257;14/11/2024;Online;Site;1890,68;12;157,56;Vila Progresso;F;44;5013,16;Quitado;15/03/2026
C00651;CLI01423;10/02/2025;Online;Loja física;3172,53;12;264,38;Bela Vista;F;44;3652,1;Quitado;15/03/2026
C00652;CLI01444;20/07/2025;Centro;Site;2808,37;12;234,03;Centro;M;27;2580,37;Em dia;15/03/2026
C00653;CLI01032;29/11/2024;Centro;Loja física;2894,55;12;241,21;Parque das Flores;F;50;917,25;Inadimplente;15/03/2026
C00655;CLI00094;14/04/2025;Zona Leste;Site;415,9;12;34,66;Parque das Flores;M;46;2674,19;Inadimplente;15/03/2026
C00656;CLI01228;24/09/2025;Centro;Loja física;2661,62;18;147,87;Bela Vista;M;50;2310,65;Em dia;15/03/2026
C00657;CLI00857;28/08/2024;Centro;Loja física;5709,06;6;951,51;Parque das Flores;F;37;3005,13;Inadimplente;15/03/2026
C00658;CLI02496;28/04/2025;Shopping Norte;Site;749,08;12;62,42;Vila Progresso;F;44;2330,16;Em dia;15/03/2026
C00659;CLI00544;27/05/2025;Centro;Loja física;1233,8;12;102,82;Jd. America;F;44;2753,56;Inadimplente;15/03/2026
C00660;CLI01052;03/07/2024;Centro;Site;3206,71;6;534,45;Vila Progresso;F;19;2212,06;Inadimplente;15/03/2026
C00661;CLI02036;04/09/2024;Zona Leste;Televendas;2037,11;10;203,71;Cidade Nova;M;38;2476,27;Inadimplente;15/03/2026
C00662;CLI01920;05/11/2024;Zona Leste;Site;863,37;10;86,34;Cidade Nova;M;52;3939,3;Quitado;15/03/2026
C00663;CLI00427;11/07/2024;Shopping Norte;Loja física;1020,32;10;102,03;Cidade Nova;F;58;3385,45;Quitado;15/03/2026
C00664;CLI00131;30/05/2025;Centro;Loja física;1815,5;6;302,58;Centro;F;49;1850,51;Quitado;15/03/2026
C00665;CLI00547;19/04/2025;Centro;Loja física;1362,77;24;56,78;Jd. America;F;39;3287,32;Em dia;15/03/2026
C00666;CLI02454;13/12/2024;Centro;Site;1426,19;10;142,62;Centro;M;51;2375,98;Em dia;15/03/2026
C00667;CLI00142;08/07/2025;Shopping Norte;Televendas;3456,27;10;345,63;Parque das Flores;F;65;3475,53;Em dia;15/03/2026
C00668;CLI02503;15/06/2024;Zona Leste;Site;2232,06;24;93,0;Jardim América;F;18;3809,99;Inadimplente;15/03/2026
C00669;CLI01574;28/06/2024;Centro;Loja física;5539,26;12;461,6;Centro;F;43;5832,26;Quitado;15/03/2026
C00670;CLI01274;23/03/2025;Zona Leste;Loja física;1161,02;24;48,38;Alto da Serra;F;43;2450,15;Em dia;15/03/2026
C00671;CLI01293;22/01/2025;Centro;Loja física;3437,27;12;286,44;Centro;M;54;2035,42;Inadimplente;15/03/2026
C00672;CLI01045;08/08/2024;Centro;Loja física;1273,73;24;53,07;Jd. America;F;44;5771,23;Inadimplente;15/03/2026
C00673;CLI02241;22/10/2025;Shopping Norte;Loja física;3723,33;12;310,28;Parque das Flores;M;36;3500,66;Quitado;15/03/2026
C00675;CLI00470;11/06/2025;Zona Leste;Loja física;3660,69;12;305,06;Vila Progresso;M;52;1805,87;Inadimplente;15/03/2026
C00676;CLI00081;08/06/2025;Shopping Norte;Loja física;2197,78;12;183,15;Jardim América;M;45;2165,32;Inadimplente;15/03/2026
C00677;CLI00166;21/09/2025;Online;Site;1929,24;12;160,77;Alto da Serra;M;48;4277,94;Em dia;15/03/2026
C00678;CLI01660;02/07/2024;Centro;Loja física;1285,11;24;53,55;Vila Progresso;F;57;3754,77;Em dia;15/03/2026
C00679;CLI00760;22/09/2024;Centro;Loja física;1423,85;12;118,65;Vila Progresso;M;54;2197,69;Inadimplente;15/03/2026
C00680;CLI01833;17/01/2025;Zona Leste;Televendas;1029,06;24;42,88;Vila Progresso;F;34;1986,22;Em dia;15/03/2026
C00681;CLI01721;01/06/2025;Zona Leste;Loja física;1465,01;24;61,04;Jardim Botânico;F;46;1328,04;Em dia;15/03/2026
C00682;CLI01449;22/03/2025;Online;Loja física;2418,64;18;134,37;Jd. America;M;20;1528,45;Em dia;15/03/2026
C00683;CLI00122;22/06/2024;Shopping Norte;Televendas;1194,93;12;99,58;Jardim América;M;52;3428,58;Quitado;15/03/2026
C00684;CLI02015;29/07/2024;Shopping Norte;Site;960,48;10;96,05;Bela Vista;F;47;3719,64;Inadimplente;15/03/2026
C00685;CLI01358;11/11/2025;Zona Leste;Loja física;753,03;10;75,3;Parque das Flores;F;64;4271,24;Inadimplente;15/03/2026
C00687;CLI00670;03/03/2025;Centro;Loja física;1242,65;12;103,55;Bela Vista;M;51;2581,58;Quitado;15/03/2026
C00688;CLI00549;13/10/2024;Centro;Loja física;1610,25;12;134,19;Vila Progresso;M;53;2722,61;Inadimplente;15/03/2026
C00689;CLI00175;26/07/2024;Zona Leste;Loja física;1984,32;12;165,36;Bela Vista;M;57;1789,87;Inadimplente;15/03/2026
C00691;CLI00362;13/03/2025;Centro;Loja física;906,36;12;75,53;Jd. America;F;35;1389,62;Inadimplente;15/03/2026
C00692;CLI01947;24/08/2025;Centro;Loja física;2556,59;6;426,1;Jardim Botânico;M;51;1747,14;Inadimplente;15/03/2026
C00693;CLI01338;25/10/2024;Centro;Site;1441,46;10;144,15;Cidade Nova;F;40;1890,84;Quitado;15/03/2026
C00694;CLI02079;21/09/2024;Online;Site;1530,82;6;255,14;Parque das Flores;M;50;2305,49;Quitado;15/03/2026
C00695;CLI02484;28/06/2025;Centro;Loja física;3934,46;6;655,74;Jardim América;M;38;3106,49;Inadimplente;15/03/2026
C00696;CLI02778;16/06/2025;Centro;Loja física;5218,68;10;521,87;Alto da Serra;M;46;1956,9;Inadimplente;15/03/2026
C00697;CLI02671;09/08/2024;Zona Leste;Loja física;1223,95;10;122,4;Alto da Serra;M;21;2607,22;Inadimplente;15/03/2026
C00698;CLI01522;06/02/2025;Zona Leste;Site;1556,48;18;86,47;Parque das Flores;F;40;5097,38;Em dia;15/03/2026
C00699;CLI00056;15/12/2024;Online;Loja física;1898,42;18;105,47;Vila Progresso;F;48;3442,11;Em dia;15/03/2026
C00700;CLI01508;06/09/2025;Zona Leste;Loja física;744,96;10;74,5;Cidade Nova;F;37;2333,74;Em dia;15/03/2026
C00701;CLI02381;02/08/2025;Shopping Norte;Loja física;948,87;18;52,72;Centro;M;25;2283,74;Inadimplente;15/03/2026
C00702;CLI02018;26/08/2025;Shopping Norte;Loja física;2095,43;10;209,54;Vila Progresso;M;56;3407,75;Inadimplente;15/03/2026
C00704;CLI02637;27/11/2024;Zona Leste;Televendas;1440,1;12;120,01;Jd. America;F;28;2738,23;Inadimplente;15/03/2026
C00705;CLI01862;28/08/2024;Shopping Norte;Loja física;826,57;10;82,66;Alto da Serra;M;41;2854,18;Quitado;15/03/2026
C00706;CLI01889;04/11/2025;Zona Leste;Loja física;1839,97;10;184,0;Jardim América;F;39;1867,38;Em dia;15/03/2026
C00707;CLI02108;26/04/2025;Online;Loja física;3490,74;24;145,45;Jardim América;F;72;3035,8;Inadimplente;15/03/2026
C00708;CLI02378;24/09/2025;Centro;Loja física;1633,2;10;163,32;Jardim Botânico;F;28;4705,66;Inadimplente;15/03/2026
C00709;CLI02449;31/07/2024;Online;Loja física;2234,4;6;372,4;Parque das Flores;M;26;1535,59;Inadimplente;15/03/2026
C00710;CLI00497;19/03/2025;Centro;Loja física;704,4;10;70,44;Jardim América;F;49;4505,78;Quitado;15/03/2026
C00711;CLI01826;09/06/2025;Centro;Loja física;1222,23;12;101,85;Vila Progresso;F;23;2870,51;Em dia;15/03/2026
C00712;CLI01745;24/07/2024;Centro;Site;1249,8;12;104,15;Alto da Serra;M;34;1587,63;Quitado;15/03/2026
C00713;CLI00791;11/07/2024;Shopping Norte;Site;4743,46;18;263,53;Centro;F;30;3266,69;Inadimplente;15/03/2026
C00714;CLI01041;07/02/2025;Centro;Loja física;3221,02;12;268,42;Vila Progresso;M;35;2301,17;Quitado;15/03/2026
C00715;CLI02636;15/10/2024;Zona Leste;Loja física;6340,07;12;528,34;Cidade Nova;F;78;3441,51;Quitado;15/03/2026
C00716;CLI01827;04/08/2025;Zona Leste;Loja física;3806,51;6;634,42;Alto da Serra;M;52;3232,57;Inadimplente;15/03/2026
C00717;CLI01376;20/06/2024;Centro;Loja física;5569,56;18;309,42;Alto da Serra;M;61;4872,92;Inadimplente;15/03/2026
C00718;CLI00339;11/08/2024;Online;Loja física;3715,43;6;619,24;Bela Vista;F;24;3740,99;Quitado;15/03/2026
C00719;CLI01751;16/04/2025;Zona Leste;Loja física;1549,9;10;154,99;Centro;M;20;1740,93;Quitado;15/03/2026
C00720;CLI02662;30/04/2025;Shopping Norte;Loja física;1863,7;24;77,65;Vila Progresso;M;51;1581,76;Em dia;15/03/2026
C00721;CLI00503;17/02/2025;Centro;Loja física;3710,1;18;206,12;Cidade Nova;M;39;1252,9;Inadimplente;15/03/2026
C00722;CLI01621;07/06/2025;Centro;Loja física;2207,08;24;91,96;Cidade Nova;F;39;1539,31;Inadimplente;15/03/2026
C00723;CLI00803;06/09/2024;Online;Televendas;2087,65;12;173,97;Parque das Flores;M;31;7020,34;Quitado;15/03/2026
C00724;CLI02690;10/02/2025;Online;Loja física;3036,93;6;506,16;Bela Vista;F;54;2035,8;Inadimplente;15/03/2026
C00725;CLI02159;01/11/2025;Shopping Norte;Loja física;2060,73;18;114,48;Cidade Nova;F;55;2203,62;Inadimplente;15/03/2026
C00726;CLI02719;14/12/2024;Zona Leste;Loja física;1199,07;12;99,92;Centro;F;37;2550,33;Quitado;15/03/2026
C00727;CLI02244;22/05/2025;Zona Leste;Site;1151,74;6;191,96;Jardim América;F;24;2238,57;Inadimplente;15/03/2026
C00728;CLI02250;23/11/2024;Centro;Loja física;1462,78;12;121,9;Cidade Nova;F;42;5481,3;Quitado;15/03/2026
C00729;CLI01470;20/11/2024;Zona Leste;Loja física;2024,74;12;168,73;Jd. America;F;29;2727,57;Quitado;15/03/2026
C00730;CLI00671;02/05/2025;Centro;Site;1443,31;10;144,33;Jardim Botânico;F;47;3623,86;Em dia;15/03/2026
C00731;CLI01826;26/04/2025;Shopping Norte;Site;1144,84;18;63,6;Jardim Botânico;F;49;5718,63;Inadimplente;15/03/2026
C00732;CLI00115;13/09/2025;Zona Leste;Site;5795,98;18;322,0;Jardim América;F;39;5817,14;Em dia;15/03/2026
C00734;CLI02578;24/07/2024;Zona Leste;Loja física;2330,56;24;97,11;Bela Vista;M;49;3899,66;Em dia;15/03/2026
C00735;CLI01605;11/04/2025;Shopping Norte;Site;2351,73;18;130,65;Jardim América;F;50;4448,12;Inadimplente;15/03/2026
C00736;CLI02060;11/07/2025;Zona Leste;Loja física;2860,94;18;158,94;Jardim América;M;36;2089,52;Em dia;15/03/2026
C00737;CLI01420;03/03/2025;Shopping Norte;Loja física;1748,38;10;174,84;Centro;F;18;4948,58;Inadimplente;15/03/2026
C00738;CLI00505;07/07/2025;Online;Loja física;2447,95;24;102,0;Cidade Nova;M;50;1900,21;Em dia;15/03/2026
C00739;CLI01373;26/10/2025;Online;Site;2587,48;24;107,81;Centro;M;43;2273,96;Inadimplente;15/03/2026
C00740;CLI01033;24/02/2025;Zona Leste;Loja física;638,37;18;35,47;Jardim América;F;21;3111,3;Em dia;15/03/2026
C00741;CLI00255;17/12/2024;Centro;Loja física;823,88;24;34,33;Parque das Flores;M;24;2888,66;Em dia;15/03/2026
C00742;CLI00744;15/11/2025;Centro;Site;2880,1;24;120,0;Alto da Serra;M;47;1296,7;Em dia;15/03/2026
C00743;CLI01845;11/02/2025;Zona Leste;Loja física;3522,97;12;293,58;Parque das Flores;F;34;6184,17;Inadimplente;15/03/2026
C00744;CLI00238;05/07/2025;Shopping Norte;Televendas;2580,35;18;143,35;Centro;M;20;2973,15;Em dia;15/03/2026
C00745;CLI00719;17/06/2025;Zona Leste;Loja física;1163,8;18;64,66;Alto da Serra;M;50;2714,98;Inadimplente;15/03/2026
C00746;CLI00173;11/07/2024;Shopping Norte;Loja física;1250,35;12;104,2;Jardim América;M;59;2710,59;Inadimplente;15/03/2026
C00747;CLI02564;06/01/2025;Shopping Norte;Site;1709,34;10;170,93;Parque das Flores;F;61;2434,11;Quitado;15/03/2026
C00750;CLI00103;31/01/2025;Zona Leste;Loja física;2533,93;10;253,39;Jardim Botânico;M;48;5928,2;Inadimplente;15/03/2026
C00751;CLI00577;13/10/2024;Zona Leste;Site;1819,93;18;101,11;Parque das Flores;F;47;5175,11;Em dia;15/03/2026
C00753;CLI02316;26/02/2025;Zona Leste;Loja física;1492,54;10;149,25;Parque das Flores;M;32;1729,62;Quitado;15/03/2026
C00755;CLI01699;25/07/2025;Zona Leste;Televendas;1483,51;10;148,35;Jardim Botânico;F;28;3364,98;Em dia;15/03/2026
C00756;CLI00881;22/09/2024;Centro;Loja física;2814,81;10;281,48;Parque das Flores;M;18;3411,61;Quitado;15/03/2026
C00757;CLI00499;08/11/2025;Online;Site;1948,59;12;162,38;Parque das Flores;F;36;2279,77;Inadimplente;15/03/2026
C00758;CLI01803;19/08/2024;Zona Leste;Loja física;825,12;12;68,76;Centro;F;51;2419,99;Inadimplente;15/03/2026
C00759;CLI01596;13/07/2024;Shopping Norte;Loja física;3871,6;12;322,63;Jardim América;F;34;2324,11;Inadimplente;15/03/2026
C00760;CLI02643;11/02/2025;Zona Leste;Loja física;610,72;6;101,79;Jardim Botânico;F;30;1826,85;Quitado;15/03/2026
C00761;CLI01924;29/08/2025;Zona Leste;Loja física;2261,38;18;125,63;Parque das Flores;F;44;1700,23;Em dia;15/03/2026
C00762;CLI01398;13/02/2025;Zona Leste;Loja física;2388,85;10;238,88;Parque das Flores;M;19;2796,16;Inadimplente;15/03/2026
C00763;CLI01587;07/11/2025;Shopping Norte;Loja física;734,85;24;30,62;Bela Vista;M;61;2182,19;Em dia;15/03/2026
C00764;CLI02084;19/06/2025;Shopping Norte;Site;1348,89;6;224,82;Jardim América;M;53;2640,8;Inadimplente;15/03/2026
C00765;CLI00402;13/10/2024;Shopping Norte;Televendas;2241,8;10;224,18;Vila Progresso;F;59;2837,07;Quitado;15/03/2026
C00768;CLI01361;05/11/2024;Centro;Loja física;1065,38;12;88,78;Parque das Flores;M;42;2668,1;Quitado;15/03/2026
C00769;CLI00373;25/04/2025;Centro;Site;1800,15;24;75,01;Jardim América;F;56;2327,15;Inadimplente;15/03/2026
C00770;CLI00114;19/08/2025;Zona Leste;Televendas;3268,02;10;326,8;Bela Vista;M;18;2695,31;Inadimplente;15/03/2026
C00771;CLI02146;28/10/2024;Centro;Loja física;2359,84;12;196,65;Alto da Serra;M;35;1429,59;Quitado;15/03/2026
C00772;CLI02564;05/03/2025;Online;Loja física;1979,12;10;197,91;Parque das Flores;F;40;1601,02;Inadimplente;15/03/2026
C00773;CLI01866;28/01/2025;Online;Loja física;1142,38;18;63,47;Jardim América;F;39;3100,46;Inadimplente;15/03/2026
C00774;CLI02246;06/05/2025;Shopping Norte;Loja física;2535,15;12;211,26;Centro;F;34;2191,53;Inadimplente;15/03/2026
C00775;CLI02193;18/07/2024;Zona Leste;Loja física;2439,34;12;203,28;Cidade Nova;M;28;1900,93;Quitado;15/03/2026
C00776;CLI01083;24/06/2024;Zona Leste;Loja física;1384,43;10;138,44;Jardim América;M;18;4886,89;Quitado;15/03/2026
C00777;CLI01548;02/03/2025;Shopping Norte;Televendas;4634,55;12;386,21;Bela Vista;F;37;3323,13;Quitado;15/03/2026
C00778;CLI01915;05/03/2025;Centro;Loja física;637,23;12;53,1;Centro;M;46;4532,77;Quitado;15/03/2026
C00779;CLI01242;29/07/2025;Centro;Site;3546,05;12;295,5;Jardim América;M;26;2931,66;Inadimplente;15/03/2026
C00781;CLI02687;27/07/2024;Zona Leste;Loja física;1768,84;12;147,4;Bela Vista;F;52;1606,56;Quitado;15/03/2026
C00782;CLI00839;18/07/2025;Centro;Loja física;1775,98;12;148,0;Centro;F;60;3143,6;Inadimplente;15/03/2026
C00783;CLI02314;24/09/2024;Centro;Site;3653,32;24;152,22;Alto da Serra;F;53;1995,75;Em dia;15/03/2026
C00784;CLI01296;10/06/2025;Shopping Norte;Loja física;1010,46;24;42,1;Bela Vista;F;34;2144,42;Em dia;15/03/2026
C00785;CLI01722;20/09/2024;Centro;Televendas;850,62;10;85,06;Cidade Nova;M;50;2150,41;Quitado;15/03/2026
C00786;CLI00608;30/08/2025;Shopping Norte;Loja física;2940,14;18;163,34;Alto da Serra;M;52;2252,18;Inadimplente;15/03/2026
C00787;CLI01664;20/02/2025;Online;Loja física;1589,19;10;158,92;Cidade Nova;F;41;3847,51;Inadimplente;15/03/2026
C00788;CLI02241;18/10/2024;Shopping Norte;Loja física;1932,66;18;107,37;Jd. America;M;31;1689,81;Em dia;15/03/2026
C00789;CLI00018;21/12/2024;Shopping Norte;Loja física;834,07;10;83,41;Alto da Serra;F;39;2316,98;Inadimplente;15/03/2026
C00790;CLI00536;30/06/2025;Centro;Televendas;2730,08;6;455,01;Alto da Serra;M;22;4004,77;Quitado;15/03/2026
C00791;CLI02170;07/08/2024;Shopping Norte;Loja física;3809,85;6;634,98;Vila Progresso;F;35;3691,9;Inadimplente;15/03/2026
C00793;CLI01962;26/12/2024;Zona Leste;Loja física;2650,24;12;220,85;Alto da Serra;F;56;3893,87;Quitado;15/03/2026
C00794;CLI02437;21/10/2025;Zona Leste;Televendas;3470,66;24;144,61;Jd. America;M;18;1282,74;Em dia;15/03/2026
C00795;CLI00216;20/07/2025;Centro;Loja física;1438,79;10;143,88;Vila Progresso;M;55;3087,34;Inadimplente;15/03/2026
C00796;CLI02204;02/02/2025;Shopping Norte;Site;1452,92;10;145,29;Jardim América;F;41;5576,67;Inadimplente;15/03/2026
C00797;CLI02580;14/01/2025;Zona Leste;Loja física;5581,97;10;558,2;Bela Vista;M;63;3011,11;Inadimplente;15/03/2026
C00798;CLI01304;23/05/2025;Centro;Loja física;2599,85;10;259,98;Vila Progresso;F;27;3892,28;Em dia;15/03/2026
C00800;CLI00903;31/08/2025;Shopping Norte;Loja física;877,14;18;48,73;Alto da Serra;F;41;2064,61;Inadimplente;15/03/2026
C00801;CLI00190;30/06/2025;Zona Leste;Loja física;2050,88;12;170,91;Vila Progresso;F;49;1611,73;Inadimplente;15/03/2026
C00802;CLI01358;11/04/2025;Centro;Loja física;3674,97;18;204,16;Jd. America;F;62;6678,61;Em dia;15/03/2026
C00803;CLI02264;11/06/2025;Online;Loja física;1062,09;6;177,02;Parque das Flores;M;27;1459,34;Inadimplente;15/03/2026
C00804;CLI02746;12/09/2025;Online;Site;1221,62;24;50,9;Parque das Flores;F;41;2107,81;Em dia;15/03/2026
C00805;CLI00184;04/07/2024;Online;Loja física;1157,23;18;64,29;Jardim América;M;47;2907,03;Quitado;15/03/2026
C00807;CLI00726;27/05/2025;Online;Site;2506,65;6;417,78;Jd. America;F;53;2116,73;Inadimplente;15/03/2026
C00808;CLI01323;23/01/2025;Online;Site;4267,95;18;237,11;Cidade Nova;F;56;1542,92;Em dia;15/03/2026
C00809;CLI00898;30/05/2025;Centro;Site;2758,72;18;153,26;Jardim América;F;43;3829,92;Em dia;15/03/2026
C00810;CLI00922;30/04/2025;Shopping Norte;Site;3315,86;24;138,16;Jardim América;F;46;2816,48;Inadimplente;15/03/2026
C00811;CLI01523;16/03/2025;Centro;Loja física;2687,59;10;268,76;Jardim América;F;46;2216,55;Quitado;15/03/2026
C00813;CLI02508;28/01/2025;Centro;Loja física;2317,41;12;193,12;Jardim América;M;18;3036,09;Quitado;15/03/2026
C00814;CLI01137;28/01/2025;Shopping Norte;Loja física;1241,02;6;206,84;Jardim América;F;60;2189,8;Quitado;15/03/2026
C00816;CLI02310;15/11/2024;Shopping Norte;Televendas;1550,05;12;129,17;Bela Vista;M;37;2397,08;Quitado;15/03/2026
C00817;CLI00171;01/01/2025;Zona Leste;Loja física;2256,06;12;188,0;Alto da Serra;M;59;6587,84;Quitado;15/03/2026
C00818;CLI02545;24/09/2025;Shopping Norte;Loja física;740,55;12;61,71;Jardim América;F;78;2010,48;Em dia;15/03/2026
C00819;CLI02137;15/09/2025;Centro;Loja física;1171,25;6;195,21;Parque das Flores;M;36;1993,27;Quitado;15/03/2026
C00820;CLI01355;26/07/2024;Online;Televendas;954,41;24;39,77;Vila Progresso;F;48;3239,92;Em dia;15/03/2026
C00821;CLI00976;07/10/2025;Centro;Loja física;2955,81;12;246,32;Jardim América;M;50;2477,75;Inadimplente;15/03/2026
C00823;CLI02339;08/09/2025;Centro;Site;728,29;12;60,69;Parque das Flores;M;18;2247,38;Inadimplente;15/03/2026
C00824;CLI00716;25/10/2024;Centro;Loja física;639,54;18;35,53;Cidade Nova;F;30;3828,88;Inadimplente;15/03/2026
C00825;CLI01383;03/12/2024;Zona Leste;Site;922,52;12;76,88;Parque das Flores;F;45;1593,17;Quitado;15/03/2026
C00826;CLI02551;03/11/2025;Shopping Norte;Loja física;3161,7;10;316,17;Parque das Flores;M;63;1904,52;Em dia;15/03/2026
C00827;CLI02480;01/10/2025;Shopping Norte;Site;997,55;24;41,56;Alto da Serra;M;41;3580,28;Em dia;15/03/2026
C00829;CLI02267;09/11/2025;Online;Site;1031,5;6;171,92;Jardim América;F;33;3517,97;Inadimplente;15/03/2026
C00830;CLI00939;07/08/2025;Centro;Site;3351,57;6;558,6;Jd. America;F;45;1993,82;Inadimplente;15/03/2026
C00831;CLI00400;18/08/2024;Zona Leste;Loja física;2207,31;18;122,63;Jardim América;F;49;3688,12;Quitado;15/03/2026
C00832;CLI01438;17/10/2025;Online;Loja física;957,8;10;95,78;Bela Vista;F;58;3200,58;Em dia;15/03/2026
C00834;CLI02180;21/04/2025;Online;Loja física;1865,96;18;103,66;Bela Vista;M;37;1940,52;Em dia;15/03/2026
C00835;CLI00646;08/08/2024;Centro;Loja física;1640,44;10;164,04;Vila Progresso;M;45;3786,0;Inadimplente;15/03/2026
C00836;CLI01627;03/09/2025;Online;Loja física;1903,04;10;190,3;Jardim América;F;78;2363,38;Inadimplente;15/03/2026
C00837;CLI02346;13/08/2025;Centro;Loja física;2154,74;10;215,47;Centro;F;42;3383,19;Em dia;15/03/2026
C00838;CLI01753;01/12/2024;Zona Leste;Site;1884,17;18;104,68;Jd. America;M;27;2100,72;Em dia;15/03/2026
C00839;CLI01400;08/11/2025;Online;Loja física;959,22;10;95,92;Centro;M;34;3783,59;Em dia;15/03/2026
C00840;CLI01354;03/10/2025;Shopping Norte;Site;2741,07;18;152,28;Alto da Serra;F;40;1388,66;Quitado;15/03/2026
C00841;CLI01816;04/09/2025;Shopping Norte;Site;1452,59;18;80,7;Jd. America;M;36;1581,52;Em dia;15/03/2026
C00842;CLI02013;20/12/2024;Shopping Norte;Site;2863,97;10;286,4;Jardim América;M;35;3683,28;Inadimplente;15/03/2026
C00843;CLI02171;06/08/2024;Shopping Norte;Loja física;3355,08;10;335,51;Parque das Flores;F;38;1824,01;Quitado;15/03/2026
C00844;CLI00452;11/03/2025;Online;Loja física;1327,94;18;73,77;Jardim Botânico;M;43;3013,06;Inadimplente;15/03/2026
C00847;CLI02417;11/10/2024;Online;Loja física;1408,41;18;78,24;Vila Progresso;M;33;2323,21;Inadimplente;15/03/2026
C00848;CLI02315;21/06/2025;Shopping Norte;Loja física;855,75;12;71,31;Parque das Flores;F;51;3290,14;Em dia;15/03/2026
C00849;CLI02489;28/05/2025;Shopping Norte;Loja física;937,42;18;52,08;Parque das Flores;M;51;3638,11;Inadimplente;15/03/2026
C00850;CLI02691;04/12/2024;Zona Leste;Loja física;864,96;18;48,05;Jd. America;M;31;2090,62;Inadimplente;15/03/2026
C00852;CLI00717;27/11/2024;Centro;Televendas;3078,95;6;513,16;Vila Progresso;F;43;3500,37;Quitado;15/03/2026
C00853;CLI00086;01/05/2025;Centro;Loja física;879,29;10;87,93;Alto da Serra;F;57;3475,4;Inadimplente;15/03/2026
C00854;CLI01162;17/10/2024;Centro;Loja física;891,37;12;74,28;Centro;F;56;3973,07;Em dia;15/03/2026
C00855;CLI01804;03/12/2024;Zona Leste;Site;876,62;10;87,66;Parque das Flores;M;54;5676,74;Quitado;15/03/2026
C00856;CLI01902;03/02/2025;Zona Leste;Loja física;1607,85;10;160,78;Vila Progresso;M;29;2747,47;Quitado;15/03/2026
C00857;CLI01136;03/11/2025;Centro;Loja física;4116,29;12;343,02;Cidade Nova;F;38;3034,99;Em dia;15/03/2026
C00858;CLI01855;25/02/2025;Centro;Loja física;2920,14;12;243,34;Jardim América;F;27;3871,39;Inadimplente;15/03/2026
C00859;CLI00983;26/09/2025;Zona Leste;Site;2584,96;24;107,71;Parque das Flores;F;40;2294,72;Inadimplente;15/03/2026
C00860;CLI00734;02/02/2025;Zona Leste;Loja física;1298,78;18;72,15;Vila Progresso;M;58;2738,76;Inadimplente;15/03/2026
C00861;CLI01832;04/04/2025;Online;Loja física;3817,12;12;318,09;Cidade Nova;F;30;3740,68;Inadimplente;15/03/2026
C00862;CLI01536;11/09/2024;Centro;Loja física;988,65;18;54,92;Jardim Botânico;M;43;4062,07;Quitado;15/03/2026
C00863;CLI02365;10/03/2025;Shopping Norte;Televendas;2416,33;12;201,36;Cidade Nova;F;42;2311,71;Inadimplente;15/03/2026
C00864;CLI01813;13/01/2025;Zona Leste;Loja física;488,54;12;40,71;Jardim Botânico;M;47;1687,97;Quitado;15/03/2026
C00865;CLI00123;07/11/2024;Zona Leste;Televendas;3548,3;24;147,85;Parque das Flores;F;49;0,0;Em dia;15/03/2026
C00866;CLI00072;26/07/2024;Centro;Site;1926,58;18;107,03;Centro;F;41;1580,08;Inadimplente;15/03/2026
C00867;CLI00142;17/02/2025;Shopping Norte;Televendas;7408,18;18;411,57;Centro;F;27;2288,06;Inadimplente;15/03/2026
C00868;CLI00099;21/08/2024;Online;Loja física;1838,38;6;306,4;Bela Vista;M;30;1927,36;Quitado;15/03/2026
C00869;CLI00522;01/07/2025;Shopping Norte;Site;2413,72;18;134,1;Centro;M;46;3028,5;Inadimplente;15/03/2026
C00870;CLI01283;12/05/2025;Zona Leste;Loja física;424,43;12;35,37;Cidade Nova;M;31;4093,85;Inadimplente;15/03/2026
C00871;CLI02609;25/10/2024;Shopping Norte;Loja física;4877,25;10;487,72;Parque das Flores;M;55;1563,95;Inadimplente;15/03/2026
C00872;CLI00184;29/10/2025;Centro;Loja física;1744,44;10;174,44;Jd. America;F;19;6023,81;Em dia;15/03/2026
C00873;CLI02356;26/08/2025;Shopping Norte;Site;637,34;24;26,56;Jardim Botânico;F;20;2086,42;Em dia;15/03/2026
C00874;CLI02184;06/05/2025;Zona Leste;Site;1511,53;18;83,97;Vila Progresso;M;43;7523,88;Inadimplente;15/03/2026
C00875;CLI02128;09/02/2025;Zona Leste;Loja física;2809,49;24;117,06;Parque das Flores;M;44;5185,91;Em dia;15/03/2026
C00876;CLI01223;10/03/2025;Zona Leste;Loja física;622,61;18;34,59;Jd. America;M;50;951,96;Inadimplente;15/03/2026
C00877;CLI00906;31/10/2025;Centro;Loja física;5413,48;18;300,75;Centro;F;42;3956,23;Em dia;15/03/2026
C00879;CLI01271;08/12/2024;Zona Leste;Loja física;1431,77;12;119,31;Alto da Serra;F;30;3969,44;Inadimplente;15/03/2026
C00880;CLI01071;29/07/2024;Centro;Loja física;842,18;6;140,36;Jardim América;M;29;2469,6;Quitado;15/03/2026
C00881;CLI02298;09/09/2025;Centro;Loja física;2253,54;10;225,35;Jardim Botânico;F;68;4090,54;Em dia;15/03/2026
C00884;CLI02596;04/08/2024;Online;Loja física;1757,65;10;175,76;Jd. America;M;55;1564,44;Inadimplente;15/03/2026
C00885;CLI01416;15/11/2024;Centro;Loja física;1090,37;12;90,86;Jardim América;M;28;2119,18;Quitado;15/03/2026
C00886;CLI00839;06/12/2024;Shopping Norte;Loja física;1406,26;12;117,19;Jardim Botânico;F;47;3112,28;Inadimplente;15/03/2026
C00887;CLI01734;25/02/2025;Shopping Norte;Site;1603,1;6;267,18;Bela Vista;F;35;3165,2;Quitado;15/03/2026
C00889;CLI02390;10/04/2025;Zona Leste;Loja física;11693,76;18;649,65;Jardim Botânico;F;32;2683,44;Inadimplente;15/03/2026
C00890;CLI01545;20/09/2025;Shopping Norte;Loja física;4445,25;6;740,88;Centro;F;53;3953,77;Inadimplente;15/03/2026
C00891;CLI01330;08/11/2025;Shopping Norte;Loja física;4871,8;24;202,99;Jd. America;F;59;1578,29;Inadimplente;15/03/2026
C00892;CLI00362;28/06/2024;Centro;Loja física;1812,33;12;151,03;Centro;F;34;2356,73;Quitado;15/03/2026
C00894;CLI02287;18/06/2025;Zona Leste;Loja física;2281,29;12;190,11;Bela Vista;M;47;1392,85;Em dia;15/03/2026
C00895;CLI01832;25/01/2025;Shopping Norte;Loja física;1377,09;18;76,5;Cidade Nova;F;54;3902,36;Em dia;15/03/2026
C00896;CLI00573;03/09/2025;Shopping Norte;Loja física;1960,32;10;196,03;Parque das Flores;M;41;2131,41;Inadimplente;15/03/2026
C00899;CLI01038;28/12/2024;Zona Leste;Loja física;1848,39;18;102,69;Parque das Flores;F;48;6718,16;Em dia;15/03/2026
C00900;CLI01864;18/07/2025;Online;Site;4510,46;6;751,74;Centro;M;33;1930,08;Quitado;15/03/2026
C00901;CLI01467;02/09/2024;Shopping Norte;Loja física;1909,21;18;106,07;Alto da Serra;M;56;1793,22;Quitado;15/03/2026
C00902;CLI01423;26/01/2025;Zona Leste;Loja física;464,46;24;19,35;Bela Vista;F;26;1942,43;Inadimplente;15/03/2026
C00903;CLI02438;26/07/2024;Zona Leste;Loja física;2158,83;18;119,94;Centro;F;41;3622,66;Quitado;15/03/2026
C00904;CLI00706;20/10/2025;Online;Loja física;1589,91;10;158,99;Bela Vista;F;48;3104,74;Em dia;15/03/2026
C00905;CLI02012;25/06/2024;Online;Loja física;1308,89;10;130,89;Alto da Serra;M;38;4702,42;Quitado;15/03/2026
C00907;CLI00071;30/06/2024;Zona Leste;Televendas;1412,61;18;78,48;Bela Vista;M;18;3084,22;Quitado;15/03/2026
C00908;CLI01412;19/02/2025;Zona Leste;Loja física;1292,88;18;71,83;Centro;F;65;1622,01;Inadimplente;15/03/2026
C00909;CLI01483;23/02/2025;Zona Leste;Loja física;2968,19;10;296,82;Alto da Serra;M;26;2064,36;Inadimplente;15/03/2026
C00910;CLI02236;02/09/2024;Centro;Loja física;574,11;24;23,92;Jd. America;F;33;2216,32;Em dia;15/03/2026
C00911;CLI00425;02/07/2025;Centro;Televendas;1349,91;10;134,99;Bela Vista;M;30;2635,02;Em dia;15/03/2026
C00912;CLI01521;06/09/2025;Centro;Televendas;2074,74;24;86,45;Vila Progresso;M;41;1544,99;Em dia;15/03/2026
C00913;CLI02637;10/10/2025;Centro;Site;3286,13;18;182,56;Centro;F;60;3538,65;Em dia;15/03/2026
C00914;CLI00737;15/06/2025;Online;Loja física;731,75;6;121,96;Bela Vista;F;40;3967,28;Inadimplente;15/03/2026
C00916;CLI01163;13/08/2024;Online;Loja física;2508,82;18;139,38;Jardim América;M;23;1750,69;Quitado;15/03/2026
C00917;CLI02201;30/07/2025;Shopping Norte;Loja física;1447,42;10;144,74;Jardim América;M;39;5818,47;Em dia;15/03/2026
C00918;CLI00894;31/10/2025;Centro;Loja física;3122,51;24;130,1;Vila Progresso;F;39;4641,5;Em dia;15/03/2026
C00919;CLI01107;20/08/2024;Zona Leste;Televendas;1567,44;12;130,62;Jardim América;M;59;1791,2;Inadimplente;15/03/2026
C00920;CLI02230;15/06/2025;Online;Loja física;1518,71;6;253,12;Jardim Botânico;F;25;2631,29;Quitado;15/03/2026
C00921;CLI01251;01/05/2025;Shopping Norte;Loja física;1274,99;12;106,25;Cidade Nova;F;18;2472,72;Em dia;15/03/2026
C00922;CLI00365;22/09/2025;Zona Leste;Loja física;14000,0;10;1400,0;Vila Progresso;F;62;1799,16;Inadimplente;15/03/2026
C00924;CLI02511;13/10/2024;Centro;Loja física;1663,35;10;166,33;Jardim América;M;54;5174,48;Quitado;15/03/2026
C00925;CLI02751;28/09/2024;Zona Leste;Loja física;1253,1;6;208,85;Cidade Nova;F;33;3086,66;Em dia;15/03/2026
C00926;CLI01619;15/06/2024;Centro;Televendas;1041,3;24;43,39;Jd. America;F;53;10322,74;Inadimplente;15/03/2026
C00927;CLI00143;13/10/2025;Zona Leste;Loja física;1737,59;10;173,76;Bela Vista;F;45;2664,8;Em dia;15/03/2026
C00928;CLI02447;18/12/2024;Shopping Norte;Loja física;3478,54;12;289,88;Vila Progresso;M;56;2185,53;Quitado;15/03/2026
C00929;CLI01188;22/03/2025;Centro;Loja física;2816,24;6;469,37;Vila Progresso;M;31;2212,69;Inadimplente;15/03/2026
C00931;CLI01674;23/10/2025;Shopping Norte;Loja física;1073,88;12;89,49;Jardim América;F;37;3138,5;Em dia;15/03/2026
C00932;CLI02547;28/10/2025;Shopping Norte;Loja física;4990,05;24;207,92;Jardim Botânico;F;42;3537,66;Inadimplente;15/03/2026
C00933;CLI01975;24/10/2025;Shopping Norte;Loja física;5118,62;12;426,55;Jardim Botânico;M;68;1495,86;Inadimplente;15/03/2026
C00934;CLI00503;21/10/2025;Zona Leste;Televendas;1435,73;6;239,29;Centro;F;43;3841,42;Inadimplente;15/03/2026
C00935;CLI00222;15/10/2024;Online;Loja física;2534,9;10;253,49;Vila Progresso;F;32;2208,63;Quitado;15/03/2026
C00936;CLI02419;09/07/2024;Centro;Loja física;4865,43;10;486,54;Jardim Botânico;F;35;2481,16;Em dia;15/03/2026
C00937;CLI01017;02/11/2025;Centro;Loja física;1059,72;10;105,97;Cidade Nova;M;56;1870,64;Inadimplente;15/03/2026
C00938;CLI00230;25/08/2024;Centro;Loja física;2290,04;6;381,67;Centro;M;35;3709,15;Quitado;15/03/2026
C00939;CLI02219;26/09/2024;Zona Leste;Loja física;1719,09;12;143,26;Jardim América;M;51;4385,29;Quitado;15/03/2026
C00940;CLI01634;12/08/2024;Online;Loja física;383,28;18;21,29;Jardim América;F;55;4086,6;Quitado;15/03/2026
C00941;CLI01043;04/02/2025;Centro;Loja física;1632,18;10;163,22;Jardim Botânico;F;30;1574,38;Quitado;15/03/2026
C00942;CLI01662;13/09/2024;Zona Leste;Loja física;2216,42;12;184,7;Alto da Serra;F;29;5336,49;Quitado;15/03/2026
C00943;CLI01750;31/12/2024;Centro;Site;1105,06;18;61,39;Cidade Nova;F;24;2632,51;Em dia;15/03/2026
C00944;CLI01437;30/04/2025;Centro;Loja física;3238,21;10;323,82;Vila Progresso;F;52;2815,76;Quitado;15/03/2026
C00947;CLI02312;02/07/2025;Shopping Norte;Loja física;3359,37;6;559,9;Parque das Flores;F;49;5316,15;Inadimplente;15/03/2026
C00949;CLI01151;30/07/2025;Shopping Norte;Loja física;2388,02;24;99,5;Jd. America;M;56;5588,32;Inadimplente;15/03/2026
C00950;CLI01277;30/09/2024;Online;Loja física;826,59;10;82,66;Cidade Nova;F;38;2852,24;Inadimplente;15/03/2026
C00951;CLI02543;19/06/2025;Shopping Norte;Televendas;4947,21;10;494,72;Centro;M;44;4327,38;Inadimplente;15/03/2026
C00952;CLI01535;27/12/2024;Shopping Norte;Loja física;2863,78;18;159,1;Bela Vista;F;38;2033,49;Inadimplente;15/03/2026
C00953;CLI01446;28/03/2025;Online;Loja física;1854,93;10;185,49;Jardim América;F;44;1454,14;Quitado;15/03/2026
C00954;CLI00711;10/09/2024;Zona Leste;Loja física;2862,9;10;286,29;Centro;F;51;1615,83;Inadimplente;15/03/2026
C00955;CLI00475;25/08/2024;Shopping Norte;Loja física;1244,1;18;69,12;Jardim Botânico;M;25;3145,4;Inadimplente;15/03/2026
C00956;CLI02745;01/11/2025;Centro;Loja física;4178,01;6;696,34;Vila Progresso;M;18;3495,76;Inadimplente;15/03/2026
C00957;CLI01519;17/11/2024;Zona Leste;Site;4256,41;6;709,4;Bela Vista;F;41;3938,2;Inadimplente;15/03/2026
C00958;CLI00184;13/12/2024;Zona Leste;Loja física;2009,25;10;200,92;Alto da Serra;F;58;1861,32;Quitado;15/03/2026
C00959;CLI00018;05/01/2025;Shopping Norte;Loja física;1817,11;6;302,85;Jardim América;F;39;1615,14;Inadimplente;15/03/2026
C00960;CLI02175;24/02/2025;Shopping Norte;Site;2714,52;12;226,21;Jardim Botânico;M;47;3003,04;Quitado;15/03/2026
C00961;CLI01327;25/07/2024;Centro;Site;2764,83;24;115,2;Vila Progresso;F;29;2490,24;Em dia;15/03/2026
C00962;CLI02093;31/07/2025;Shopping Norte;Loja física;405,16;10;40,52;Cidade Nova;F;44;3402,89;Em dia;15/03/2026
C00963;CLI00318;26/10/2025;Shopping Norte;Televendas;7552,2;18;419,57;Parque das Flores;F;24;6134,97;Inadimplente;15/03/2026
C00964;CLI00205;12/08/2024;Centro;Loja física;2083,24;6;347,21;Centro;M;48;2472,14;Quitado;15/03/2026
C00966;CLI02358;28/09/2025;Shopping Norte;Televendas;4569,98;6;761,66;Bela Vista;M;33;6210,98;Inadimplente;15/03/2026
C00967;CLI02308;26/09/2024;Shopping Norte;Televendas;1949,19;12;162,43;Cidade Nova;M;46;4450,5;Quitado;15/03/2026
C00968;CLI01026;27/07/2025;Online;Site;1371,76;10;137,18;Vila Progresso;M;38;2043,75;Em dia;15/03/2026
C00969;CLI01671;03/12/2024;Shopping Norte;Loja física;1819,43;10;181,94;Centro;F;53;2326,8;Quitado;15/03/2026
C00970;CLI01824;30/09/2024;Shopping Norte;Loja física;846,55;10;84,66;Parque das Flores;M;39;4061,63;Inadimplente;15/03/2026
C00971;CLI01359;19/10/2025;Zona Leste;Loja física;2138,18;6;356,36;Alto da Serra;F;38;2406,08;Em dia;15/03/2026
C00972;CLI00274;06/11/2024;Centro;Loja física;532,55;12;44,38;Jardim América;F;28;3426,37;Quitado;15/03/2026
C00973;CLI00758;20/06/2025;Centro;Site;1379,28;24;57,47;Jardim Botânico;F;30;2297,29;Inadimplente;15/03/2026
C00974;CLI00383;22/01/2025;Online;Site;5183,14;12;431,93;Alto da Serra;M;30;4334,81;Inadimplente;15/03/2026
C00975;CLI00798;27/04/2025;Shopping Norte;Loja física;3047,13;10;304,71;Bela Vista;F;34;2945,02;Inadimplente;15/03/2026
C00976;CLI01667;10/11/2024;Shopping Norte;Loja física;6638,41;18;368,8;Cidade Nova;M;21;1506,52;Inadimplente;15/03/2026
C00977;CLI01171;05/07/2024;Centro;Site;1073,54;18;59,64;Bela Vista;F;56;1993,62;Quitado;15/03/2026
C00978;CLI02494;15/05/2025;Shopping Norte;Loja física;1815,02;10;181,5;Alto da Serra;M;63;3824,35;Inadimplente;15/03/2026
C00979;CLI02627;08/02/2025;Zona Leste;Loja física;568,19;24;23,67;Centro;F;29;1942,04;Inadimplente;15/03/2026
C00980;CLI00444;22/01/2025;Zona Leste;Loja física;1574,89;12;131,24;Jardim América;M;53;1914,23;Quitado;15/03/2026
C00981;CLI00856;27/01/2025;Zona Leste;Loja física;1904,94;12;158,74;Cidade Nova;M;29;1482,78;Inadimplente;15/03/2026
C00982;CLI02000;01/04/2025;Zona Leste;Loja física;525,17;10;52,52;Jardim América;F;60;3300,14;Quitado;15/03/2026
C00983;CLI00825;22/09/2025;Zona Leste;Site;4536,98;24;189,04;Centro;M;59;2525,09;Inadimplente;15/03/2026
C00984;CLI00424;14/08/2024;Shopping Norte;Loja física;415,64;18;23,09;Alto da Serra;M;48;3256,1;Inadimplente;15/03/2026
C00985;CLI01074;23/09/2025;Zona Leste;Site;2026,76;12;168,9;Centro;F;43;3834,38;Em dia;15/03/2026
C00986;CLI01341;07/10/2025;Online;Loja física;2494,87;12;207,91;Jd. America;F;32;4072,25;Em dia;15/03/2026
C00987;CLI00740;22/07/2024;Centro;Loja física;3346,28;18;185,9;Parque das Flores;M;34;3742,98;Quitado;15/03/2026
C00988;CLI02340;18/08/2024;Centro;Televendas;4571,57;10;457,16;Cidade Nova;F;44;2679,22;Inadimplente;15/03/2026
C00989;CLI01425;08/09/2025;Online;Site;2643,75;10;264,38;Vila Progresso;F;68;4606,46;Em dia;15/03/2026
C00990;CLI00695;02/10/2025;Zona Leste;Loja física;1659,64;12;138,3;Alto da Serra;M;41;2313,27;Em dia;15/03/2026
C00991;CLI00380;16/02/2025;Zona Leste;Loja física;1345,62;6;224,27;Cidade Nova;F;67;2592,75;Quitado;15/03/2026
C00992;CLI00831;29/07/2025;Zona Leste;Site;4057,78;6;676,3;Parque das Flores;M;61;2227,02;Inadimplente;15/03/2026
C00993;CLI02416;07/10/2024;Shopping Norte;Loja física;3839,76;24;159,99;Cidade Nova;F;32;2735,52;Inadimplente;15/03/2026
C00994;CLI02527;15/10/2024;Zona Leste;Televendas;2938,04;12;244,84;Parque das Flores;F;31;2308,86;Quitado;15/03/2026
C00995;CLI01632;17/10/2025;Online;Loja física;1598,34;10;159,83;Bela Vista;F;42;1753,77;Inadimplente;15/03/2026
C00996;CLI00967;27/09/2024;Centro;Loja física;3169,23;24;132,05;Vila Progresso;M;40;4491,43;Em dia;15/03/2026
C00998;CLI00239;23/09/2025;Shopping Norte;Loja física;800,39;24;33,35;Centro;F;49;4297,8;Inadimplente;15/03/2026
C00999;CLI02199;15/03/2025;Zona Leste;Loja física;6932,97;18;385,16;Parque das Flores;M;66;3330,38;Em dia;15/03/2026
C01000;CLI01121;15/10/2024;Shopping Norte;Loja física;1221,72;10;122,17;Centro;M;43;3352,15;Quitado;15/03/2026
C01001;CLI01877;01/09/2025;Centro;Site;1917,82;12;159,82;Vila Progresso;F;42;2075,2;Inadimplente;15/03/2026
C01002;CLI02775;28/02/2025;Zona Leste;Loja física;2578,37;18;143,24;Vila Progresso;M;25;1596,99;Inadimplente;15/03/2026
C01003;CLI01125;17/06/2024;Zona Leste;Loja física;1241,48;24;51,73;Jardim América;M;55;4673,41;Inadimplente;15/03/2026
C01004;CLI02209;09/10/2024;Zona Leste;Loja física;4593,69;10;459,37;Jardim América;F;53;2797,51;Quitado;15/03/2026
C01005;CLI00575;28/08/2024;Centro;Loja física;1611,34;12;134,28;Bela Vista;M;60;3275,46;Quitado;15/03/2026
C01006;CLI00598;17/08/2025;Centro;Loja física;2242,09;12;186,84;Parque das Flores;F;18;2102,84;Em dia;15/03/2026
C01008;CLI01859;14/11/2024;Centro;Site;1531,34;10;153,13;Vila Progresso;F;39;2528,41;Inadimplente;15/03/2026
C01009;CLI00325;11/06/2025;Zona Leste;Loja física;1997,39;12;166,45;Centro;F;43;1174,6;Inadimplente;15/03/2026
C01010;CLI01935;19/10/2025;Shopping Norte;Site;5312,01;12;442,67;Bela Vista;M;44;1713,74;Inadimplente;15/03/2026
C01011;CLI00408;09/12/2024;Zona Leste;Loja física;4049,1;10;404,91;Jd. America;M;35;3776,15;Inadimplente;15/03/2026
C01012;CLI02293;27/08/2025;Shopping Norte;Televendas;1424,49;24;59,35;Jardim América;F;33;2774,88;Em dia;15/03/2026
C01013;CLI01701;30/03/2025;Online;Loja física;4401,99;6;733,66;Vila Progresso;F;49;3039,59;Inadimplente;15/03/2026
C01014;CLI00383;18/11/2024;Zona Leste;Site;1893,75;18;105,21;Jardim Botânico;M;42;2886,61;Em dia;15/03/2026
C01015;CLI00392;12/12/2024;Zona Leste;Loja física;1692,99;24;70,54;Parque das Flores;F;18;3156,06;Em dia;15/03/2026
C01016;CLI02252;10/05/2025;Zona Leste;Site;2658,88;12;221,57;Parque das Flores;F;55;3235,64;Em dia;15/03/2026
C01017;CLI02307;14/11/2025;Online;Loja física;2168,43;10;216,84;Jardim América;F;42;1292,55;Inadimplente;15/03/2026
C01018;CLI00936;21/07/2024;Shopping Norte;Loja física;1124,6;10;112,46;Jd. America;F;50;1657,09;Quitado;15/03/2026
C01019;CLI02558;12/09/2025;Zona Leste;Loja física;3939,55;18;218,86;Cidade Nova;M;60;7329,69;Em dia;15/03/2026
C01021;CLI01498;18/11/2024;Centro;Loja física;1292,38;10;129,24;Bela Vista;M;43;1997,45;Inadimplente;15/03/2026
C01022;CLI01041;28/02/2025;Shopping Norte;Loja física;2737,51;12;228,13;Centro;M;37;3155,36;Inadimplente;15/03/2026
C01023;CLI02662;15/12/2024;Zona Leste;Televendas;1409,25;12;117,44;Jardim Botânico;M;30;5906,85;Quitado;15/03/2026
C01024;CLI01827;06/01/2025;Zona Leste;Televendas;1752,94;24;73,04;Jd. America;M;37;2972,08;Inadimplente;15/03/2026
C01025;CLI02701;26/02/2025;Centro;Loja física;1352,41;24;56,35;Jardim Botânico;F;48;1869,42;Inadimplente;15/03/2026
C01026;CLI01151;07/12/2024;Zona Leste;Loja física;2956,4;12;246,37;Jardim América;F;56;2103,67;Quitado;15/03/2026
C01027;CLI01573;06/10/2024;Centro;Televendas;2984,92;10;298,49;Vila Progresso;M;43;2344,51;Quitado;15/03/2026
C01028;CLI00714;30/05/2025;Centro;Loja física;1910,0;10;191,0;Centro;M;29;3110,85;Inadimplente;15/03/2026
C01029;CLI01682;13/08/2024;Shopping Norte;Loja física;1779,99;18;98,89;Jardim América;F;67;2184,0;Quitado;15/03/2026
C01030;CLI00581;05/08/2024;Zona Leste;Loja física;2559,51;12;213,29;Vila Progresso;M;33;2502,68;Inadimplente;15/03/2026
C01031;CLI02302;15/09/2025;Online;Loja física;2037,23;18;113,18;Jd. America;F;48;1930,35;Inadimplente;15/03/2026
C01032;CLI02334;31/01/2025;Centro;Loja física;3458,91;10;345,89;Cidade Nova;F;25;4352,43;Inadimplente;15/03/2026
C01033;CLI01442;19/08/2025;Centro;Televendas;1049,49;12;87,46;Alto da Serra;M;27;6013,81;Em dia;15/03/2026
C01034;CLI01508;10/02/2025;Shopping Norte;Site;3105,81;6;517,64;Jardim Botânico;M;49;3565,62;Quitado;15/03/2026
C01035;CLI00730;17/10/2024;Centro;Loja física;1808,16;10;180,82;Alto da Serra;F;41;900,0;Inadimplente;15/03/2026
C01036;CLI00055;07/01/2025;Shopping Norte;Loja física;2750,97;12;229,25;Vila Progresso;F;35;1581,77;Inadimplente;15/03/2026
C01037;CLI01743;28/06/2025;Zona Leste;Loja física;1407,49;12;117,29;Jardim América;F;37;2121,86;Inadimplente;15/03/2026
C01038;CLI01962;17/10/2024;Shopping Norte;Loja física;3163,71;6;527,28;Alto da Serra;M;32;2114,13;Inadimplente;15/03/2026
C01039;CLI00756;27/04/2025;Online;Loja física;5918,24;10;591,82;Parque das Flores;M;36;6436,18;Quitado;15/03/2026
C01040;CLI01744;24/05/2025;Zona Leste;Loja física;2103,46;12;175,29;Bela Vista;F;37;2164,3;Em dia;15/03/2026
C01041;CLI01114;23/10/2025;Centro;Site;3954,0;10;395,4;Alto da Serra;M;46;5257,94;Em dia;15/03/2026
C01042;CLI02116;16/09/2024;Centro;Loja física;2133,48;12;177,79;Cidade Nova;M;48;2235,67;Quitado;15/03/2026
C01043;CLI00798;21/02/2025;Centro;Loja física;587,84;12;48,99;Centro;F;51;2123,19;Quitado;15/03/2026
C01044;CLI01427;27/10/2025;Centro;Site;3606,43;10;360,64;Bela Vista;F;55;2113,5;Inadimplente;15/03/2026
C01045;CLI00846;05/12/2024;Shopping Norte;Loja física;1730,28;24;72,1;Jardim América;F;33;2826,76;Inadimplente;15/03/2026
C01046;CLI01801;12/10/2025;Centro;Loja física;1330,65;18;73,93;Centro;F;18;2968,67;Em dia;15/03/2026
C01047;CLI01892;04/06/2025;Centro;Loja física;1197,6;6;199,6;Jardim América;F;54;4203,81;Quitado;15/03/2026
C01048;CLI00779;05/11/2024;Zona Leste;Loja física;2707,03;12;225,59;Bela Vista;M;35;2400,54;Inadimplente;15/03/2026
C01049;CLI02659;28/08/2024;Online;Loja física;1719,49;12;143,29;Cidade Nova;F;35;2164,87;Inadimplente;15/03/2026
C01050;CLI00268;29/05/2025;Centro;Televendas;1020,82;18;56,71;Jardim Botânico;F;23;1751,67;Em dia;15/03/2026
C01051;CLI00149;03/10/2024;Shopping Norte;Loja física;962,67;6;160,44;Alto da Serra;M;36;5057,67;Quitado;15/03/2026
C01052;CLI01888;04/05/2025;Zona Leste;Loja física;1638,76;6;273,13;Jardim Botânico;M;71;3707,82;Quitado;15/03/2026
C01054;CLI02071;11/08/2025;Zona Leste;Loja física;3182,93;10;318,29;Vila Progresso;M;50;3296,47;Inadimplente;15/03/2026
C01055;CLI00462;29/08/2025;Shopping Norte;Televendas;1430,61;6;238,43;Vila Progresso;M;18;3335,24;Quitado;15/03/2026
C01057;CLI02379;24/02/2025;Zona Leste;Site;6273,19;18;348,51;Bela Vista;F;35;2819,82;Inadimplente;15/03/2026
C01058;CLI01401;16/09/2025;Shopping Norte;Televendas;1656,26;10;165,63;Alto da Serra;M;50;1644,43;Inadimplente;15/03/2026
C01059;CLI01255;01/06/2025;Zona Leste;Loja física;1252,34;6;208,72;Alto da Serra;F;78;3074,62;Quitado;15/03/2026
C01060;CLI00928;22/12/2024;Centro;Loja física;3489,32;18;193,85;Cidade Nova;M;33;2715,95;Em dia;15/03/2026
C01061;CLI00075;14/11/2024;Zona Leste;Site;2360,84;12;196,74;Bela Vista;F;29;5856,95;Em dia;15/03/2026
C01062;CLI00041;29/04/2025;Centro;Site;2236,73;12;186,39;Cidade Nova;F;71;2939,7;Em dia;15/03/2026
C01063;CLI00902;13/09/2024;Zona Leste;Loja física;741,7;18;41,21;Vila Progresso;F;50;3622,23;Inadimplente;15/03/2026
C01064;CLI01852;13/12/2024;Centro;Loja física;3000,8;18;166,71;Centro;F;74;2732,28;Inadimplente;15/03/2026
C01065;CLI01238;15/12/2024;Zona Leste;Loja física;813,81;12;67,82;Centro;M;40;1896,57;Quitado;15/03/2026
C01066;CLI02043;11/02/2025;Shopping Norte;Televendas;500,16;18;27,79;Bela Vista;F;49;2830,95;Em dia;15/03/2026
C01067;CLI01914;01/10/2024;Shopping Norte;Loja física;2144,17;10;214,42;Cidade Nova;F;31;1316,13;Inadimplente;15/03/2026
C01068;CLI01599;04/06/2025;Online;Site;1675,49;6;279,25;Cidade Nova;M;39;2459,72;Quitado;15/03/2026
C01069;CLI00664;25/10/2024;Centro;Loja física;2746,2;18;152,57;Jardim Botânico;F;20;2790,67;Em dia;15/03/2026
C01070;CLI01707;02/07/2024;Centro;Loja física;1284,02;24;53,5;Alto da Serra;F;66;2997,81;Em dia;15/03/2026
C01071;CLI02121;02/11/2025;Zona Leste;Site;1102,78;12;91,9;Centro;F;44;4497,14;Em dia;15/03/2026
C01072;CLI01995;28/10/2024;Centro;Site;3438,91;10;343,89;Jardim Botânico;M;50;1218,87;Inadimplente;15/03/2026
C01073;CLI00928;05/09/2025;Zona Leste;Loja física;399,4;10;39,94;Jardim América;F;24;3712,86;Inadimplente;15/03/2026
C01074;CLI02324;16/09/2025;Online;Loja física;3633,01;12;302,75;Parque das Flores;F;48;4069,74;Em dia;15/03/2026
C01075;CLI02058;29/10/2024;Zona Leste;Loja física;2004,86;24;83,54;Alto da Serra;M;28;3971,68;Inadimplente;15/03/2026
C01076;CLI02301;02/03/2025;Shopping Norte;Loja física;2307,92;24;96,16;Vila Progresso;F;23;1425,2;Em dia;15/03/2026
C01077;CLI00469;22/10/2025;Zona Leste;Loja física;3926,36;10;392,64;Centro;F;55;2514,81;Inadimplente;15/03/2026
C01078;CLI01203;18/04/2025;Shopping Norte;Loja física;3018,46;12;251,54;Jardim Botânico;F;47;2801,24;Em dia;15/03/2026
C01079;CLI00564;08/08/2024;Centro;Site;2193,65;18;121,87;Jardim América;M;34;3029,34;Quitado;15/03/2026
C01080;CLI02052;05/08/2024;Zona Leste;Loja física;2496,65;12;208,05;Jd. America;F;31;5333,53;Quitado;15/03/2026
C01081;CLI00159;26/10/2024;Shopping Norte;Loja física;2008,53;6;334,76;Alto da Serra;M;18;2645,8;Quitado;15/03/2026
C01082;CLI00108;09/10/2024;Shopping Norte;Loja física;2097,01;12;174,75;Bela Vista;F;35;5635,88;Quitado;15/03/2026
C01083;CLI01253;23/07/2024;Zona Leste;Loja física;1982,99;6;330,5;Bela Vista;M;51;1925,64;Inadimplente;15/03/2026
C01084;CLI02696;07/07/2025;Shopping Norte;Loja física;380,0;24;15,83;Parque das Flores;M;18;2232,92;Inadimplente;15/03/2026
C01086;CLI01897;15/03/2025;Shopping Norte;Televendas;860,76;12;71,73;Jardim Botânico;F;51;1477,6;Quitado;15/03/2026
C01087;CLI02765;27/11/2024;Zona Leste;Loja física;1000,38;6;166,73;Jardim América;F;69;3077,2;Inadimplente;15/03/2026
C01088;CLI01083;22/08/2024;Centro;Loja física;2583,85;10;258,38;Alto da Serra;M;55;2163,94;Quitado;15/03/2026
C01089;CLI02727;11/07/2025;Centro;Site;1000,23;10;100,02;Parque das Flores;F;18;2240,86;Em dia;15/03/2026
C01090;CLI00824;11/10/2025;Zona Leste;Loja física;1186,76;10;118,68;Jd. America;M;28;1503,33;Inadimplente;15/03/2026
C01091;CLI00688;26/06/2025;Shopping Norte;Site;1662,95;6;277,16;Parque das Flores;M;42;3427,04;Quitado;15/03/2026
C01092;CLI01177;26/11/2024;Shopping Norte;Loja física;1704,23;6;284,04;Jardim América;M;34;2074,75;Inadimplente;15/03/2026
C01093;CLI00847;02/07/2025;Centro;Televendas;1018,13;10;101,81;Cidade Nova;F;46;1534,39;Em dia;15/03/2026
C01095;CLI02761;14/04/2025;Centro;Loja física;2055,79;18;114,21;Parque das Flores;F;38;3279,73;Em dia;15/03/2026
C01096;CLI02533;16/07/2025;Centro;Loja física;2853,46;12;237,79;Jardim América;F;65;1352,76;Inadimplente;15/03/2026
C01098;CLI01844;24/08/2025;Shopping Norte;Loja física;1218,5;10;121,85;Jardim América;M;40;3245,41;Em dia;15/03/2026
C01099;CLI00429;09/10/2024;Centro;Loja física;2170,35;18;120,57;Parque das Flores;M;21;2157,09;Inadimplente;15/03/2026
C01100;CLI02708;15/06/2025;Zona Leste;Televendas;1204,82;24;50,2;Vila Progresso;F;30;4767,71;Em dia;15/03/2026
C01101;CLI02761;30/12/2024;Centro;Site;2982,24;18;165,68;Parque das Flores;F;43;3540,82;Inadimplente;15/03/2026
C01102;CLI01362;28/09/2024;Shopping Norte;Loja física;3992,74;6;665,46;Parque das Flores;M;38;2044,36;Inadimplente;15/03/2026
C01104;CLI02108;25/10/2024;Shopping Norte;Loja física;2206,37;18;122,58;Vila Progresso;F;48;1627,27;Em dia;15/03/2026
C01105;CLI00885;28/07/2024;Shopping Norte;Televendas;1892,22;6;315,37;Vila Progresso;F;32;4522,28;Quitado;15/03/2026
C01106;CLI00912;13/07/2024;Centro;Televendas;1274,52;6;212,42;Parque das Flores;M;21;4189,8;Quitado;15/03/2026
C01107;CLI01441;24/10/2024;Zona Leste;Site;4110,58;24;171,27;Bela Vista;F;41;2300,9;Inadimplente;15/03/2026
C01108;CLI02597;11/11/2024;Shopping Norte;Loja física;1391,02;12;115,92;Cidade Nova;F;32;4872,78;Em dia;15/03/2026
C01109;CLI00891;18/03/2025;Online;Loja física;4574,15;12;381,18;Jardim América;F;31;3389,36;Quitado;15/03/2026
C01110;CLI02404;23/12/2024;Shopping Norte;Loja física;3106,81;10;310,68;Vila Progresso;F;65;1911,26;Quitado;15/03/2026
C01111;CLI01124;22/09/2024;Centro;Loja física;1149,8;10;114,98;Jardim América;F;49;2551,35;Quitado;15/03/2026
C01112;CLI01199;08/07/2024;Centro;Site;4328,81;12;360,73;Centro;F;56;4981,8;Inadimplente;15/03/2026
C01113;CLI00590;30/06/2024;Shopping Norte;Loja física;941,75;24;39,24;Jardim América;F;24;2906,25;Quitado;15/03/2026
C01114;CLI01021;29/07/2025;Shopping Norte;Loja física;1231,2;10;123,12;Jardim América;M;34;3288,94;Em dia;15/03/2026
C01115;CLI00395;06/09/2024;Zona Leste;Loja física;1984,77;6;330,8;Centro;F;45;3238,49;Quitado;15/03/2026
C01116;CLI00773;23/06/2025;Centro;Loja física;3182,3;18;176,79;Bela Vista;F;44;3913,87;Inadimplente;15/03/2026
C01117;CLI00099;08/04/2025;Centro;Loja física;2369,09;24;98,71;Bela Vista;M;29;1905,7;Em dia;15/03/2026
C01118;CLI01919;15/10/2025;Zona Leste;Televendas;2891,9;12;240,99;Alto da Serra;M;64;3087,83;Em dia;15/03/2026
C01119;CLI01349;07/02/2025;Zona Leste;Loja física;1886,33;6;314,39;Vila Progresso;F;33;2594,29;Quitado;15/03/2026
C01120;CLI00281;20/11/2024;Shopping Norte;Loja física;789,24;18;43,85;Alto da Serra;F;33;2106,42;Inadimplente;15/03/2026
C01121;CLI00537;12/10/2024;Centro;Loja física;6891,63;12;574,3;Jardim América;M;31;1729,53;Inadimplente;15/03/2026
C01122;CLI02174;30/09/2024;Centro;Loja física;3154,16;18;175,23;Jardim América;F;48;3076,32;Em dia;15/03/2026
C01123;CLI00032;16/03/2025;Zona Leste;Loja física;1741,15;18;96,73;Centro;F;44;3081,88;Inadimplente;15/03/2026
C01124;CLI01049;21/07/2025;Centro;Loja física;2447,89;10;244,79;Jardim América;F;29;2010,64;Em dia;15/03/2026
C01125;CLI01340;17/09/2025;Online;Loja física;1725,61;24;71,9;Bela Vista;M;40;2614,28;Em dia;15/03/2026
C01126;CLI00035;03/08/2024;Zona Leste;Loja física;1603,69;6;267,28;Vila Progresso;F;27;4718,75;Quitado;15/03/2026
C01127;CLI01554;20/12/2024;Centro;Loja física;4837,92;24;201,58;Cidade Nova;F;43;2505,5;Em dia;15/03/2026
C01128;CLI00307;24/08/2025;Centro;Televendas;3064,0;12;255,33;Vila Progresso;F;34;4512,21;Inadimplente;15/03/2026
C01129;CLI01074;23/04/2025;Centro;Televendas;905,22;10;90,52;Bela Vista;F;49;2082,14;Quitado;15/03/2026
C01130;CLI00798;13/08/2025;Shopping Norte;Loja física;7244,8;24;301,87;Alto da Serra;M;38;3538,8;Em dia;15/03/2026
C01131;CLI02780;04/04/2025;Online;Loja física;909,73;12;75,81;Bela Vista;F;38;3409,3;Em dia;15/03/2026
C01132;CLI02510;11/10/2024;Online;Loja física;1904,38;10;190,44;Cidade Nova;F;71;2283,96;Quitado;15/03/2026
C01133;CLI00580;30/11/2024;Centro;Loja física;1982,69;12;165,22;Alto da Serra;F;42;1198,82;Quitado;15/03/2026
C01135;CLI00157;29/09/2024;Centro;Site;2415,59;24;100,65;Cidade Nova;M;45;1513,06;Inadimplente;15/03/2026
C01136;CLI01970;11/01/2025;Centro;Loja física;2433,28;18;135,18;Jardim América;M;48;2590,53;Em dia;15/03/2026
C01138;CLI00393;21/11/2024;Shopping Norte;Loja física;1676,6;12;139,72;Parque das Flores;F;35;1596,96;Quitado;15/03/2026
C01139;CLI02305;26/01/2025;Zona Leste;Loja física;2983,51;6;497,25;Jardim Botânico;M;39;3067,06;Quitado;15/03/2026
C01140;CLI02629;01/08/2025;Centro;Loja física;3069,88;12;255,82;Cidade Nova;F;32;1918,35;Inadimplente;15/03/2026
C01141;CLI00972;20/02/2025;Zona Leste;Loja física;752,18;18;41,79;Alto da Serra;M;50;4136,83;Em dia;15/03/2026
C01142;CLI01079;19/12/2024;Shopping Norte;Loja física;4935,02;10;493,5;Vila Progresso;M;28;6263,84;Quitado;15/03/2026
C01143;CLI01937;08/06/2025;Zona Leste;Loja física;3186,92;12;265,58;Vila Progresso;F;54;2478,64;Inadimplente;15/03/2026
C01144;CLI02446;05/08/2024;Shopping Norte;Site;1215,8;18;67,54;Jardim América;M;37;1231,99;Quitado;15/03/2026
C01145;CLI00265;11/09/2025;Shopping Norte;Loja física;757,97;24;31,58;Cidade Nova;F;28;2693,58;Em dia;15/03/2026
C01147;CLI02784;31/08/2025;Zona Leste;Loja física;1479,85;18;82,21;Parque das Flores;M;53;3099,31;Em dia;15/03/2026
C01148;CLI02278;17/06/2024;Online;Site;2644,37;6;440,73;Parque das Flores;F;46;3872,74;Inadimplente;15/03/2026
C01150;CLI01777;30/06/2024;Zona Leste;Loja física;2117,17;6;352,86;Parque das Flores;M;49;5060,68;Quitado;15/03/2026
C01151;CLI02331;15/08/2025;Centro;Loja física;2818,36;24;117,43;Centro;F;21;3295,95;Em dia;15/03/2026
C01152;CLI02015;27/05/2025;Centro;Televendas;3830,32;24;159,6;Jardim América;F;55;5246,27;Em dia;15/03/2026
C01153;CLI02192;12/11/2024;Shopping Norte;Site;1961,42;10;196,14;Centro;F;54;2094,22;Quitado;15/03/2026
C01154;CLI01875;17/01/2025;Centro;Loja física;2370,78;18;131,71;Parque das Flores;M;47;1350,75;Em dia;15/03/2026
C01155;CLI00909;24/07/2024;Centro;Site;5355,71;24;223,15;Bela Vista;F;22;1550,81;Inadimplente;15/03/2026
C01156;CLI00551;15/03/2025;Shopping Norte;Site;2487,67;10;248,77;Vila Progresso;F;51;1935,36;Inadimplente;15/03/2026
C01157;CLI01087;10/05/2025;Shopping Norte;Televendas;1510,15;10;151,02;Bela Vista;M;36;2860,82;Inadimplente;15/03/2026
C01158;CLI01852;16/01/2025;Centro;Loja física;1030,5;10;103,05;Vila Progresso;F;35;3066,08;Quitado;15/03/2026
C01159;CLI01242;20/09/2024;Centro;Site;1396,67;6;232,78;Cidade Nova;F;25;1727,98;Inadimplente;15/03/2026
C01160;CLI00855;19/09/2025;Online;Loja física;2407,3;10;240,73;Parque das Flores;F;31;1446,15;Em dia;15/03/2026
C01161;CLI00152;19/01/2025;Shopping Norte;Loja física;805,46;18;44,75;Cidade Nova;M;18;2602,42;Inadimplente;15/03/2026
C01162;CLI00203;27/10/2025;Centro;Loja física;2752,81;18;152,93;Centro;F;27;1882,4;Em dia;15/03/2026
C01163;CLI00645;13/10/2024;Zona Leste;Loja física;1940,42;24;80,85;Bela Vista;F;57;5781,39;Em dia;15/03/2026
C01164;CLI02308;11/06/2025;Shopping Norte;Site;4769,45;10;476,94;Jardim Botânico;M;63;1870,9;Inadimplente;15/03/2026
C01165;CLI02432;17/11/2024;Shopping Norte;Loja física;3768,04;12;314,0;Jardim Botânico;M;25;3175,32;Quitado;15/03/2026
C01166;CLI02773;25/07/2024;Zona Leste;Loja física;3679,2;6;613,2;Centro;M;51;5142,3;Quitado;15/03/2026
C01168;CLI01778;10/01/2025;Centro;Loja física;1005,56;6;167,59;Alto da Serra;F;57;2412,1;Quitado;15/03/2026
C01169;CLI00013;05/10/2024;Online;Loja física;892,26;12;74,36;Parque das Flores;F;52;2860,4;Quitado;15/03/2026
C01170;CLI00660;14/02/2025;Centro;Site;2593,37;12;216,11;Vila Progresso;F;19;1146,97;Inadimplente;15/03/2026
C01172;CLI01298;09/10/2025;Zona Leste;Site;6157,41;18;342,08;Jardim Botânico;M;53;1251,55;Inadimplente;15/03/2026
C01173;CLI01622;20/07/2025;Centro;Televendas;1384,92;12;115,41;Alto da Serra;F;39;1953,79;Em dia;15/03/2026
C01174;CLI01144;13/11/2025;Online;Loja física;1951,25;12;162,6;Jd. America;F;56;2255,46;Inadimplente;15/03/2026
C01175;CLI02140;22/12/2024;Zona Leste;Site;2165,19;10;216,52;Centro;M;41;2077,09;Quitado;15/03/2026
C01176;CLI01124;15/05/2025;Centro;Loja física;1196,56;12;99,71;Parque das Flores;M;60;1760,52;Em dia;15/03/2026
C01177;CLI01331;27/10/2025;Centro;Site;4048,07;6;674,68;Jardim América;F;39;5585,25;Em dia;15/03/2026
C01178;CLI00548;20/06/2025;Online;Loja física;4630,72;18;257,26;Vila Progresso;F;33;1795,49;Em dia;15/03/2026
C01179;CLI00157;10/02/2025;Online;Loja física;1418,61;10;141,86;Jardim América;F;25;3783,36;Inadimplente;15/03/2026
C01180;CLI02294;22/03/2025;Centro;Site;1416,11;10;141,61;Parque das Flores;M;30;3017,39;Inadimplente;15/03/2026
C01181;CLI02188;12/09/2025;Centro;Site;1001,02;18;55,61;Centro;F;44;3445,37;Em dia;15/03/2026
C01182;CLI02500;11/01/2025;Centro;Loja física;2808,25;10;280,82;Centro;F;40;3197,47;Quitado;15/03/2026
C01183;CLI00422;06/03/2025;Shopping Norte;Loja física;1693,64;12;141,14;Jd. America;M;38;1942,01;Quitado;15/03/2026
C01184;CLI00619;25/10/2025;Shopping Norte;Loja física;1667,35;10;166,74;Jardim Botânico;F;50;2930,4;Inadimplente;15/03/2026
C01185;CLI02671;14/06/2025;Centro;Site;2390,6;18;132,81;Vila Progresso;F;49;2837,94;Em dia;15/03/2026
C01186;CLI00205;04/03/2025;Centro;Site;1223,82;12;101,98;Vila Progresso;F;49;4867,43;Quitado;15/03/2026
C01187;CLI02697;30/09/2024;Centro;Loja física;529,57;18;29,42;Jardim Botânico;M;38;2908,17;Em dia;15/03/2026
C01188;CLI02210;24/07/2024;Online;Loja física;3338,28;6;556,38;Vila Progresso;F;60;6849,05;Quitado;15/03/2026
C01190;CLI01450;17/07/2025;Shopping Norte;Loja física;1697,74;18;94,32;Vila Progresso;F;54;1725,48;Inadimplente;15/03/2026
C01191;CLI01401;02/01/2025;Shopping Norte;Loja física;2696,42;12;224,7;Cidade Nova;M;18;3240,03;Quitado;15/03/2026
C01192;CLI01702;05/05/2025;Shopping Norte;Loja física;2502,57;12;208,55;Jardim Botânico;F;41;1725,32;Em dia;15/03/2026
C01193;CLI02122;17/11/2024;Shopping Norte;Site;1333,27;10;133,33;Jardim Botânico;F;58;2940,17;Quitado;15/03/2026
C01194;CLI01688;13/02/2025;Shopping Norte;Loja física;2629,64;12;219,14;Jardim América;F;32;2392,87;Quitado;15/03/2026
C01195;CLI02084;18/06/2025;Zona Leste;Loja física;4594,31;24;191,43;Vila Progresso;M;45;1784,05;Inadimplente;15/03/2026
C01196;CLI00735;26/06/2024;Centro;Loja física;7324,31;10;732,43;Vila Progresso;M;36;4341,99;Inadimplente;15/03/2026
C01198;CLI02756;05/07/2024;Centro;Loja física;1653,93;24;68,91;Jardim Botânico;F;61;2757,61;Em dia;15/03/2026
C01199;CLI00998;02/10/2025;Zona Leste;Loja física;2739,97;24;114,17;Vila Progresso;M;35;2781,64;Em dia;15/03/2026
C01200;CLI00412;20/02/2025;Shopping Norte;Loja física;1220,15;12;101,68;Parque das Flores;F;52;3650,31;Quitado;15/03/2026
C01201;CLI02620;30/09/2024;Centro;Loja física;1793,74;10;179,37;Bela Vista;F;37;2742,9;Quitado;15/03/2026
C01202;CLI01171;13/04/2025;Centro;Site;5487,95;12;457,33;Jardim América;F;35;6800,91;Em dia;15/03/2026
C01203;CLI00507;03/10/2024;Centro;Televendas;2190,35;12;182,53;Vila Progresso;F;61;2318,2;Quitado;15/03/2026
C01205;CLI00194;04/10/2025;Online;Site;1449,16;24;60,38;Jardim América;F;34;3337,31;Em dia;15/03/2026
C01206;CLI01795;03/12/2024;Zona Leste;Loja física;3016,12;24;125,67;Jd. America;M;62;3520,95;Em dia;15/03/2026
C01207;CLI02454;01/03/2025;Online;Loja física;3023,97;10;302,4;Jardim Botânico;F;60;2464,69;Inadimplente;15/03/2026
C01208;CLI02519;17/07/2024;Zona Leste;Loja física;954,36;12;79,53;Vila Progresso;M;44;6168,41;Inadimplente;15/03/2026
C01210;CLI02449;18/08/2024;Zona Leste;Loja física;750,45;10;75,04;Jardim Botânico;M;20;1772,45;Inadimplente;15/03/2026
C01211;CLI02734;06/03/2025;Shopping Norte;Loja física;1818,32;12;151,53;Centro;F;56;3618,18;Inadimplente;15/03/2026
C01212;CLI00134;06/03/2025;Shopping Norte;Site;2267,95;12;189,0;Parque das Flores;M;47;1942,46;Quitado;15/03/2026
C01214;CLI00549;18/06/2025;Shopping Norte;Loja física;1456,9;12;121,41;Centro;M;19;1188,31;Inadimplente;15/03/2026
C01216;CLI01563;26/12/2024;Centro;Loja física;951,49;12;79,29;Vila Progresso;F;42;7349,56;Inadimplente;15/03/2026
C01217;CLI00895;21/11/2024;Zona Leste;Site;1891,85;6;315,31;Parque das Flores;F;24;3046,75;Quitado;15/03/2026
C01218;CLI01573;01/07/2024;Online;Loja física;606,72;6;101,12;Cidade Nova;M;46;3251,69;Quitado;15/03/2026
C01220;CLI00728;05/09/2025;Centro;Loja física;6254,83;12;521,24;Vila Progresso;M;50;3238,31;Inadimplente;15/03/2026
C01222;CLI00030;21/12/2024;Zona Leste;Loja física;1354,25;12;112,85;Parque das Flores;M;49;1629,26;Inadimplente;15/03/2026
C01223;CLI01471;10/05/2025;Zona Leste;Loja física;2647,62;10;264,76;Parque das Flores;M;29;3249,74;Quitado;15/03/2026
C01225;CLI02525;25/03/2025;Centro;Site;1888,58;10;188,86;Parque das Flores;F;45;5507,46;Inadimplente;15/03/2026
C01226;CLI02016;27/09/2025;Online;Loja física;2204,55;18;122,48;Jardim América;M;37;3412,32;Em dia;15/03/2026
C01227;CLI00114;02/06/2025;Shopping Norte;Site;1276,83;24;53,2;Cidade Nova;F;24;3030,94;Em dia;15/03/2026
C01228;CLI01981;11/02/2025;Online;Loja física;1567,71;12;130,64;Jardim América;F;39;1831,04;Inadimplente;15/03/2026
C01230;CLI02284;20/10/2024;Centro;Site;3261,84;18;181,21;Vila Progresso;M;50;2325,56;Inadimplente;15/03/2026
C01231;CLI02479;17/09/2024;Centro;Site;1054,39;12;87,87;Jardim América;F;49;2517,26;Quitado;15/03/2026
C01232;CLI00675;02/05/2025;Zona Leste;Site;2634,33;18;146,35;Jardim América;F;69;1880,84;Em dia;15/03/2026
C01234;CLI01419;27/10/2025;Centro;Loja física;4553,3;12;379,44;Centro;F;18;3224,88;Em dia;15/03/2026
C01235;CLI01166;08/09/2024;Shopping Norte;Loja física;6415,21;10;641,52;Jardim América;M;32;2990,99;Inadimplente;15/03/2026
C01236;CLI01778;06/10/2024;Centro;Loja física;3504,76;6;584,13;Cidade Nova;F;41;4305,21;Inadimplente;15/03/2026
C01237;CLI01782;02/03/2025;Centro;Loja física;1850,11;10;185,01;Jardim América;M;42;11437,15;Quitado;15/03/2026
C01238;CLI00618;03/08/2024;Shopping Norte;Loja física;2761,07;24;115,04;Jardim Botânico;F;46;3346,28;Em dia;15/03/2026
C01239;CLI00636;17/05/2025;Online;Loja física;2699,92;24;112,5;Bela Vista;F;41;2945,12;Em dia;15/03/2026
C01240;CLI02578;10/01/2025;Zona Leste;Loja física;3365,14;10;336,51;Bela Vista;M;68;3099,69;Quitado;15/03/2026
C01241;CLI00733;02/08/2025;Zona Leste;Loja física;1297,27;12;108,11;Jd. America;F;28;2132,83;Inadimplente;15/03/2026
C01242;CLI00679;02/11/2024;Online;Site;6545,4;10;654,54;Bela Vista;F;48;2451,45;Inadimplente;15/03/2026
C01243;CLI02491;08/02/2025;Online;Loja física;7216,53;12;601,38;Bela Vista;M;45;2946,75;Inadimplente;15/03/2026
C01245;CLI00262;20/04/2025;Zona Leste;Loja física;2848,61;10;284,86;Centro;F;30;1883,59;Inadimplente;15/03/2026
C01246;CLI00481;23/12/2024;Zona Leste;Loja física;3413,63;18;189,65;Vila Progresso;F;62;2620,32;Em dia;15/03/2026
C01247;CLI01948;23/07/2025;Shopping Norte;Loja física;531,4;10;53,14;Vila Progresso;M;40;4401,9;Inadimplente;15/03/2026
C01248;CLI02654;31/07/2024;Shopping Norte;Loja física;3155,04;12;262,92;Centro;F;19;1951,78;Inadimplente;15/03/2026
C01249;CLI02454;31/08/2025;Zona Leste;Loja física;4087,0;24;170,29;Centro;F;59;6252,71;Em dia;15/03/2026
C01250;CLI00888;12/01/2025;Shopping Norte;Televendas;1650,9;6;275,15;Centro;M;57;5299,33;Quitado;15/03/2026
C01251;CLI00236;15/01/2025;Online;Site;1625,28;10;162,53;Centro;M;40;2017,75;Quitado;15/03/2026
C01252;CLI02018;22/05/2025;Centro;Loja física;2874,78;10;287,48;Bela Vista;M;53;6761,61;Em dia;15/03/2026
C01253;CLI00406;28/06/2025;Shopping Norte;Loja física;3241,79;18;180,1;Parque das Flores;F;35;2042,0;Em dia;15/03/2026
C01254;CLI00935;13/08/2025;Shopping Norte;Site;1527,41;6;254,57;Jd. America;M;66;2164,85;Quitado;15/03/2026
C01256;CLI00978;20/02/2025;Shopping Norte;Loja física;1174,27;12;97,86;Parque das Flores;F;55;2648,94;Quitado;15/03/2026
C01257;CLI00855;17/06/2025;Zona Leste;Loja física;2664,42;6;444,07;Jardim América;F;55;4978,2;Inadimplente;15/03/2026
C01258;CLI01233;04/12/2024;Centro;Site;1450,44;10;145,04;Centro;F;59;2948,11;Inadimplente;15/03/2026
C01259;CLI01865;08/03/2025;Centro;Loja física;3341,83;12;278,49;Jd. America;M;53;4505,79;Quitado;15/03/2026
C01260;CLI01498;28/01/2025;Centro;Site;2194,84;18;121,94;Parque das Flores;M;54;2849,67;Em dia;15/03/2026
C01261;CLI00103;07/06/2025;Centro;Loja física;1739,52;12;144,96;Vila Progresso;F;51;3933,49;Inadimplente;15/03/2026
C01262;CLI02563;21/08/2025;Shopping Norte;Site;2942,3;6;490,38;Vila Progresso;F;28;3528,5;Quitado;15/03/2026
C01263;CLI00156;08/10/2024;Zona Leste;Site;3920,31;12;326,69;Centro;M;39;2993,19;Quitado;15/03/2026
C01264;CLI01536;04/08/2024;Online;Televendas;939,57;24;39,15;Bela Vista;M;63;2296,85;Em dia;15/03/2026
C01265;CLI01807;12/10/2025;Zona Leste;Loja física;1118,37;24;46,6;Alto da Serra;F;47;1662,9;Inadimplente;15/03/2026
C01266;CLI02654;27/03/2025;Centro;Loja física;1134,01;10;113,4;Vila Progresso;F;19;3241,05;Quitado;15/03/2026
C01267;CLI00103;21/07/2025;Online;Loja física;2070,62;12;172,55;Cidade Nova;M;69;2349,09;Em dia;15/03/2026
C01268;CLI01842;09/04/2025;Centro;Loja física;1646,58;12;137,22;Jardim Botânico;M;34;2927,42;Em dia;15/03/2026
C01269;CLI00835;01/11/2025;Shopping Norte;Loja física;2201,48;18;122,3;Cidade Nova;M;49;1416,73;Em dia;15/03/2026
C01270;CLI02474;15/07/2024;Zona Leste;Site;2265,55;6;377,59;Bela Vista;M;52;2219,43;Inadimplente;15/03/2026
C01271;CLI01933;20/06/2025;Shopping Norte;Loja física;1175,66;12;97,97;Jardim América;F;20;2729,31;Inadimplente;15/03/2026
C01273;CLI01003;03/05/2025;Centro;Loja física;3051,91;12;254,33;Centro;F;70;4407,61;Inadimplente;15/03/2026
C01274;CLI01156;12/07/2024;Shopping Norte;Loja física;1778,05;12;148,17;Jd. America;M;42;4877,11;Quitado;15/03/2026
C01275;CLI00800;15/06/2024;Shopping Norte;Loja física;6055,4;18;336,41;Cidade Nova;M;38;3084,56;Inadimplente;15/03/2026
C01277;CLI01462;10/10/2024;Centro;Loja física;1920,86;18;106,71;Centro;F;59;2916,82;Em dia;15/03/2026
C01279;CLI01734;04/07/2024;Zona Leste;Loja física;2268,55;6;378,09;Jardim Botânico;F;57;3532,55;Inadimplente;15/03/2026
C01280;CLI00909;05/11/2025;Shopping Norte;Loja física;959,48;24;39,98;Centro;F;48;2687,58;Em dia;15/03/2026
C01281;CLI00963;29/04/2025;Centro;Loja física;884,41;12;73,7;Jd. America;F;42;2105,1;Em dia;15/03/2026
C01282;CLI00988;17/09/2025;Centro;Loja física;4082,21;6;680,37;Parque das Flores;M;51;4408,0;Em dia;15/03/2026
C01283;CLI01572;17/06/2024;Zona Leste;Loja física;4171,76;10;417,18;Centro;M;61;3535,57;Inadimplente;15/03/2026
C01284;CLI00211;02/07/2025;Centro;Site;1251,98;24;52,17;Vila Progresso;F;50;4834,58;Em dia;15/03/2026
C01285;CLI00951;18/12/2024;Centro;Site;4488,01;6;748,0;Jardim Botânico;M;38;4135,72;Quitado;15/03/2026
C01286;CLI02391;21/08/2025;Shopping Norte;Site;2150,59;24;89,61;Centro;F;64;4413,5;Em dia;15/03/2026
C01287;CLI02628;06/10/2025;Zona Leste;Loja física;3463,46;18;192,41;Vila Progresso;F;33;1557,12;Inadimplente;15/03/2026
C01288;CLI02046;08/08/2025;Shopping Norte;Loja física;2557,55;10;255,76;Centro;F;46;1983,42;Quitado;15/03/2026
C01289;CLI02541;31/10/2025;Shopping Norte;Loja física;3526,14;12;293,84;Vila Progresso;F;51;2199,1;Em dia;15/03/2026
C01291;CLI02131;31/10/2024;Online;Loja física;1427,58;12;118,96;Centro;F;22;4935,5;Quitado;15/03/2026
C01292;CLI01604;04/11/2024;Zona Leste;Loja física;1493,93;12;124,49;Parque das Flores;F;45;3246,01;Inadimplente;15/03/2026
C01293;CLI01831;21/01/2025;Zona Leste;Loja física;1244,7;12;103,72;Alto da Serra;M;50;1870,59;Inadimplente;15/03/2026
C01296;CLI00611;11/08/2025;Centro;Loja física;2854,14;24;118,92;Vila Progresso;M;33;3951,71;Inadimplente;15/03/2026
C01297;CLI01775;14/10/2024;Zona Leste;Loja física;2011,69;18;111,76;Jd. America;F;60;5186,93;Em dia;15/03/2026
C01298;CLI02395;23/10/2024;Zona Leste;Loja física;2005,5;10;200,55;Jardim América;F;44;5356,18;Inadimplente;15/03/2026
C01299;CLI00137;04/02/2025;Centro;Loja física;896,98;24;37,37;Parque das Flores;M;33;2964,63;Em dia;15/03/2026
C01300;CLI00047;22/10/2024;Centro;Loja física;1555,26;24;64,8;Jardim América;M;18;1796,09;Em dia;15/03/2026
C01301;CLI00290;24/03/2025;Zona Leste;Loja física;1248,62;6;208,1;Parque das Flores;M;65;1815,36;Em dia;15/03/2026
C01302;CLI00348;12/06/2025;Shopping Norte;Loja física;1980,29;18;110,02;Jardim Botânico;M;41;1932,92;Inadimplente;15/03/2026
C01303;CLI00993;11/11/2024;Centro;Televendas;3633,2;6;605,53;Vila Progresso;F;47;4050,89;Inadimplente;15/03/2026
C01304;CLI01533;01/10/2025;Zona Leste;Loja física;735,27;18;40,85;Alto da Serra;F;33;2732,16;Em dia;15/03/2026
C01305;CLI02013;04/04/2025;Centro;Loja física;1329,25;12;110,77;Cidade Nova;F;42;4143,37;Em dia;15/03/2026
C01306;CLI02130;27/09/2025;Centro;Loja física;3027,31;18;168,18;Jd. America;F;32;2934,46;Inadimplente;15/03/2026
C01307;CLI00552;10/07/2025;Centro;Loja física;1346,7;12;112,22;Jardim América;F;50;4163,51;Em dia;15/03/2026
C01308;CLI00864;01/12/2024;Centro;Site;1632,01;12;136,0;Parque das Flores;F;36;2339,74;Quitado;15/03/2026
C01309;CLI02350;04/03/2025;Shopping Norte;Loja física;2665,97;24;111,08;Vila Progresso;M;50;1827,02;Em dia;15/03/2026
C01311;CLI00680;09/09/2025;Online;Televendas;910,62;6;151,77;Bela Vista;F;45;6604,19;Quitado;15/03/2026
C01312;CLI01662;29/01/2025;Shopping Norte;Loja física;1920,92;10;192,09;Cidade Nova;M;33;3698,81;Inadimplente;15/03/2026
C01315;CLI02446;16/03/2025;Zona Leste;Loja física;3768,73;12;314,06;Bela Vista;F;45;1963,91;Inadimplente;15/03/2026
C01316;CLI01331;15/06/2024;Shopping Norte;Site;380,0;10;38,0;Jd. America;F;51;1547,46;Quitado;15/03/2026
C01317;CLI00005;03/02/2025;Shopping Norte;Loja física;737,68;24;30,74;Jardim América;F;53;2574,53;Em dia;15/03/2026
C01318;CLI02779;22/06/2025;Centro;Loja física;707,02;12;58,92;Vila Progresso;F;37;2938,66;Em dia;15/03/2026
C01319;CLI01887;11/05/2025;Centro;Loja física;3213,15;10;321,32;Cidade Nova;M;54;4793,26;Quitado;15/03/2026
C01320;CLI00339;27/12/2024;Zona Leste;Loja física;2516,69;12;209,72;Vila Progresso;M;35;5995,15;Quitado;15/03/2026
C01321;CLI00002;24/06/2025;Online;Loja física;1426,03;10;142,6;Vila Progresso;F;37;4169,38;Em dia;15/03/2026
C01322;CLI02162;17/07/2025;Shopping Norte;Loja física;3399,44;6;566,57;Bela Vista;F;21;3500,63;Inadimplente;15/03/2026
C01323;CLI00729;08/01/2025;Centro;Loja física;3535,55;6;589,26;Cidade Nova;F;22;4667,42;Quitado;15/03/2026
C01324;CLI00248;20/11/2024;Centro;Televendas;4251,67;12;354,31;Jardim Botânico;M;57;3083,53;Inadimplente;15/03/2026
C01326;CLI02006;29/08/2025;Online;Loja física;1454,8;10;145,48;Jardim Botânico;F;48;1397,29;Em dia;15/03/2026
C01327;CLI02293;25/10/2025;Shopping Norte;Loja física;3184,08;24;132,67;Vila Progresso;F;58;2252,98;Inadimplente;15/03/2026
C01328;CLI02433;03/07/2024;Shopping Norte;Loja física;1161,88;12;96,82;Vila Progresso;M;52;3308,44;Inadimplente;15/03/2026
C01329;CLI00861;03/09/2025;Centro;Loja física;738,9;24;30,79;Centro;F;32;2614,82;Em dia;15/03/2026
C01330;CLI00292;23/05/2025;Shopping Norte;Loja física;2026,09;18;112,56;Centro;M;31;2922,75;Em dia;15/03/2026
C01332;CLI01990;30/10/2025;Centro;Loja física;1648,27;12;137,36;Vila Progresso;M;45;2694,76;Inadimplente;15/03/2026
C01333;CLI00419;30/12/2024;Zona Leste;Loja física;3526,29;6;587,72;Parque das Flores;M;34;3491,93;Inadimplente;15/03/2026
C01334;CLI00126;07/09/2024;Centro;Loja física;2994,69;12;249,56;Bela Vista;F;40;1867,14;Inadimplente;15/03/2026
C01335;CLI00823;23/06/2024;Shopping Norte;Loja física;2218,12;6;369,69;Jardim Botânico;M;50;2422,87;Inadimplente;15/03/2026
C01336;CLI01187;10/09/2025;Centro;Loja física;2095,96;18;116,44;Alto da Serra;F;46;3539,24;Em dia;15/03/2026
C01337;CLI00634;07/07/2024;Zona Leste;Loja física;5673,05;10;567,31;Parque das Flores;F;32;1907,2;Quitado;15/03/2026
C01338;CLI00552;23/06/2024;Zona Leste;Loja física;2069,9;12;172,49;Jardim América;M;50;5760,96;Inadimplente;15/03/2026
C01339;CLI01734;14/06/2025;Centro;Loja física;2528,64;12;210,72;Bela Vista;M;61;5196,85;Em dia;15/03/2026
C01340;CLI02596;28/11/2024;Centro;Loja física;1230,63;24;51,28;Vila Progresso;M;19;2378,32;Em dia;15/03/2026
C01341;CLI01988;22/08/2025;Shopping Norte;Loja física;962,54;18;53,47;Jd. America;F;51;2421,34;Inadimplente;15/03/2026
C01342;CLI02443;14/03/2025;Shopping Norte;Site;3224,51;10;322,45;Jardim Botânico;F;29;3059,3;Inadimplente;15/03/2026
C01343;CLI01627;21/02/2025;Shopping Norte;Site;6929,82;24;288,74;Vila Progresso;M;20;3063,59;Inadimplente;15/03/2026
C01344;CLI00102;04/04/2025;Online;Loja física;1010,0;10;101,0;Vila Progresso;M;51;2562,55;Quitado;15/03/2026
C01345;CLI00190;18/09/2024;Online;Televendas;5811,72;24;242,16;Jd. America;M;31;2962,15;Em dia;15/03/2026
C01346;CLI00921;29/03/2025;Shopping Norte;Loja física;2920,16;18;162,23;Parque das Flores;F;46;4354,85;Inadimplente;15/03/2026
C01347;CLI02371;23/09/2024;Shopping Norte;Loja física;8049,06;12;670,76;Cidade Nova;F;51;5555,76;Inadimplente;15/03/2026
C01348;CLI01675;06/09/2025;Centro;Televendas;2091,18;12;174,26;Vila Progresso;M;42;9483,73;Inadimplente;15/03/2026
C01349;CLI00897;15/11/2024;Shopping Norte;Loja física;3602,53;24;150,11;Bela Vista;F;42;3972,0;Em dia;15/03/2026
C01350;CLI01350;09/09/2025;Centro;Loja física;1568,19;24;65,34;Vila Progresso;F;68;2394,9;Em dia;15/03/2026
C01351;CLI01219;03/10/2024;Zona Leste;Loja física;1170,37;12;97,53;Jardim América;M;56;2867,15;Inadimplente;15/03/2026
C01352;CLI02541;10/05/2025;Centro;Loja física;1477,2;12;123,1;Parque das Flores;M;47;3668,73;Em dia;15/03/2026
C01353;CLI02410;24/09/2025;Online;Loja física;11652,48;10;1165,25;Jd. America;F;33;3637,63;Inadimplente;15/03/2026
C01354;CLI01389;17/06/2025;Centro;Loja física;3702,29;6;617,05;Alto da Serra;F;49;1807,23;Inadimplente;15/03/2026
C01356;CLI00377;24/03/2025;Online;Televendas;2727,6;6;454,6;Jardim Botânico;F;31;4413,93;Inadimplente;15/03/2026
C01357;CLI02507;07/08/2024;Online;Loja física;2553,8;12;212,82;Vila Progresso;F;35;2461,04;Quitado;15/03/2026
C01358;CLI02047;23/10/2024;Zona Leste;Loja física;1711,32;12;142,61;Cidade Nova;F;45;1716,46;Inadimplente;15/03/2026
C01359;CLI01084;03/11/2025;Online;Loja física;660,53;12;55,04;Centro;M;45;2088,49;Em dia;15/03/2026
C01360;CLI01290;10/08/2025;Shopping Norte;Site;2329,14;12;194,1;Centro;M;50;2730,83;Em dia;15/03/2026
C01361;CLI00981;25/06/2025;Online;Loja física;4003,2;10;400,32;Parque das Flores;F;32;3375,39;Inadimplente;15/03/2026
C01362;CLI01878;07/01/2025;Zona Leste;Loja física;2040,54;6;340,09;Alto da Serra;F;40;5686,92;Quitado;15/03/2026
C01363;CLI01726;30/05/2025;Centro;Loja física;1673,31;24;69,72;Jardim Botânico;M;63;2113,35;Inadimplente;15/03/2026
C01364;CLI02027;31/05/2025;Shopping Norte;Loja física;864,88;6;144,15;Jd. America;M;36;5378,61;Quitado;15/03/2026
C01365;CLI02236;04/12/2024;Zona Leste;Loja física;4996,24;12;416,35;Cidade Nova;F;42;3770,76;Quitado;15/03/2026
C01366;CLI02187;04/02/2025;Centro;Site;1039,53;6;173,26;Parque das Flores;M;44;6776,65;Quitado;15/03/2026
C01367;CLI01558;28/01/2025;Zona Leste;Televendas;1583,65;6;263,94;Jardim América;M;44;1591,32;Inadimplente;15/03/2026
C01368;CLI02482;10/06/2025;Shopping Norte;Loja física;1035,57;10;103,56;Bela Vista;F;47;3451,56;Em dia;15/03/2026
C01369;CLI00164;05/09/2024;Centro;Loja física;2579,43;18;143,3;Jardim América;M;36;2126,59;Inadimplente;15/03/2026
C01370;CLI02675;15/11/2025;Centro;Site;2445,75;10;244,58;Parque das Flores;F;53;1639,93;Em dia;15/03/2026
C01371;CLI00910;20/10/2025;Zona Leste;Site;1132,52;18;62,92;Centro;F;53;5677,67;Em dia;15/03/2026
C01372;CLI02731;12/11/2025;Centro;Televendas;887,88;6;147,98;Parque das Flores;M;45;3951,09;Quitado;15/03/2026
C01373;CLI02079;15/08/2025;Centro;Televendas;2705,14;6;450,86;Parque das Flores;M;38;2947,01;Inadimplente;15/03/2026
C01374;CLI01288;04/11/2024;Shopping Norte;Loja física;1502,69;12;125,22;Jardim América;M;32;3014,32;Inadimplente;15/03/2026
C01375;CLI01818;27/04/2025;Shopping Norte;Televendas;1429,15;12;119,1;Jardim Botânico;M;60;2840,09;Em dia;15/03/2026
C01376;CLI00084;22/06/2024;Centro;Site;1926,55;10;192,66;Jardim América;M;38;2757,45;Quitado;15/03/2026
C01377;CLI00277;09/11/2025;Centro;Loja física;1783,0;18;99,06;Parque das Flores;M;32;4103,93;Inadimplente;15/03/2026
C01378;CLI00969;07/03/2025;Online;Loja física;2709,01;18;150,5;Parque das Flores;M;34;5937,3;Em dia;15/03/2026
C01379;CLI02596;11/09/2024;Centro;Loja física;1640,73;6;273,46;Vila Progresso;M;24;3367,64;Quitado;15/03/2026
C01380;CLI00764;18/06/2025;Centro;Loja física;3571,35;6;595,22;Parque das Flores;F;33;2923,35;Inadimplente;15/03/2026
C01381;CLI00158;22/05/2025;Zona Leste;Loja física;3108,74;12;259,06;Jardim Botânico;M;30;2266,89;Em dia;15/03/2026
C01382;CLI00379;22/08/2025;Shopping Norte;Site;572,57;6;95,43;Jd. America;M;62;4014,14;Quitado;15/03/2026
C01383;CLI02695;13/09/2025;Centro;Loja física;961,13;12;80,09;Cidade Nova;F;48;1139,29;Em dia;15/03/2026
C01384;CLI00007;17/07/2024;Online;Televendas;2675,09;12;222,92;Alto da Serra;M;46;2147,7;Inadimplente;15/03/2026
C01385;CLI00962;19/09/2025;Zona Leste;Loja física;1406,03;24;58,58;Alto da Serra;F;35;4469,78;Em dia;15/03/2026
C01386;CLI00296;03/07/2024;Shopping Norte;Site;859,86;10;85,99;Centro;F;44;0,0;Quitado;15/03/2026
C01387;CLI01197;28/04/2025;Shopping Norte;Loja física;1181,06;10;118,11;Alto da Serra;M;46;3533,39;Inadimplente;15/03/2026
C01388;CLI01671;21/05/2025;Centro;Loja física;1088,52;12;90,71;Jardim América;M;37;1950,2;Em dia;15/03/2026
C01389;CLI00820;19/02/2025;Zona Leste;Loja física;2945,36;18;163,63;Cidade Nova;M;54;3568,85;Em dia;15/03/2026
C01390;CLI02642;06/04/2025;Zona Leste;Loja física;923,31;12;76,94;Vila Progresso;M;53;3589,21;Em dia;15/03/2026
C01391;CLI00291;27/12/2024;Shopping Norte;Loja física;2208,81;12;184,07;Parque das Flores;M;40;3682,45;Quitado;15/03/2026
C01392;CLI01715;19/01/2025;Shopping Norte;Loja física;1126,68;6;187,78;Alto da Serra;M;29;1258,66;Inadimplente;15/03/2026
C01396;CLI00638;29/10/2025;Online;Loja física;4328,79;10;432,88;Jardim América;M;50;2991,95;Em dia;15/03/2026
C01397;CLI02711;23/08/2025;Shopping Norte;Loja física;2416,23;18;134,24;Bela Vista;F;56;3967,32;Em dia;15/03/2026
C01399;CLI02599;06/09/2024;Online;Loja física;3005,09;10;300,51;Bela Vista;M;18;2874,09;Inadimplente;15/03/2026
C01400;CLI00381;04/02/2025;Shopping Norte;Loja física;4083,07;6;680,51;Vila Progresso;M;63;6763,72;Quitado;15/03/2026
C01402;CLI01466;12/07/2025;Online;Loja física;3110,15;18;172,79;Jardim América;M;69;2654,09;Em dia;15/03/2026
C01403;CLI02545;17/08/2025;Centro;Loja física;1095,05;12;91,25;Alto da Serra;F;34;2965,24;Inadimplente;15/03/2026
C01404;CLI02139;22/03/2025;Centro;Loja física;1682,09;6;280,35;Parque das Flores;F;39;2264,18;Inadimplente;15/03/2026
C01405;CLI02136;10/11/2024;Zona Leste;Site;473,34;6;78,89;Centro;M;43;3009,28;Quitado;15/03/2026
C01406;CLI01797;13/09/2024;Centro;Loja física;817,79;6;136,3;Jardim América;M;52;5073,96;Quitado;15/03/2026
C01407;CLI00936;20/07/2025;Shopping Norte;Site;2035,97;12;169,66;Bela Vista;M;41;2874,16;Em dia;15/03/2026
C01408;CLI00330;24/04/2025;Zona Leste;Site;868,16;6;144,69;Centro;F;54;1675,81;Inadimplente;15/03/2026
C01409;CLI02779;07/10/2024;Online;Site;1561,21;24;65,05;Parque das Flores;F;54;2737,27;Inadimplente;15/03/2026
C01411;CLI02470;12/10/2024;Online;Televendas;1768,09;10;176,81;Centro;F;25;1693,32;Inadimplente;15/03/2026
C01415;CLI00562;08/09/2025;Zona Leste;Loja física;2837,45;6;472,91;Parque das Flores;M;23;2729,42;Quitado;15/03/2026
C01418;CLI02366;03/12/2024;Centro;Loja física;3615,99;12;301,33;Cidade Nova;F;38;969,29;Inadimplente;15/03/2026
C01419;CLI02297;13/09/2024;Zona Leste;Loja física;3019,83;10;301,98;Centro;F;54;900,0;Inadimplente;15/03/2026
C01420;CLI01644;16/06/2024;Centro;Site;3342,28;12;278,52;Parque das Flores;F;23;4262,81;Inadimplente;15/03/2026
C01421;CLI02449;08/07/2024;Online;Loja física;3221,55;6;536,93;Vila Progresso;M;47;6303,49;Quitado;15/03/2026
C01422;CLI02700;15/09/2024;Online;Loja física;1419,49;10;141,95;Parque das Flores;M;50;4930,91;Inadimplente;15/03/2026
C01425;CLI00345;15/09/2024;Shopping Norte;Site;3383,65;6;563,94;Cidade Nova;M;34;3858,92;Em dia;15/03/2026
C01426;CLI01076;27/08/2024;Shopping Norte;Loja física;1342,64;6;223,77;Cidade Nova;F;47;4258,44;Quitado;15/03/2026
C01427;CLI01024;07/05/2025;Shopping Norte;Loja física;840,37;6;140,06;Jd. America;M;38;2536,68;Inadimplente;15/03/2026
C01428;CLI02696;02/01/2025;Zona Leste;Televendas;4632,72;6;772,12;Jardim América;M;38;2242,99;Inadimplente;15/03/2026
C01429;CLI02410;15/07/2025;Centro;Site;3393,24;12;282,77;Vila Progresso;M;49;5025,8;Em dia;15/03/2026
C01431;CLI02226;23/09/2024;Shopping Norte;Televendas;1384,12;6;230,69;Jardim Botânico;F;41;2507,69;Quitado;15/03/2026
C01432;CLI02622;23/03/2025;Online;Site;6552,29;12;546,02;Cidade Nova;M;40;2817,07;Inadimplente;15/03/2026
C01433;CLI02604;21/04/2025;Centro;Loja física;4277,63;10;427,76;Jd. America;M;52;2566,22;Quitado;15/03/2026
C01434;CLI00915;23/11/2024;Zona Leste;Site;3325,63;24;138,57;Jd. America;M;37;7269,47;Inadimplente;15/03/2026
C01435;CLI00214;19/01/2025;Shopping Norte;Loja física;1510,56;12;125,88;Cidade Nova;F;46;1396,02;Inadimplente;15/03/2026
C01436;CLI02335;12/09/2024;Online;Loja física;1381,64;12;115,14;Vila Progresso;F;38;3457,18;Inadimplente;15/03/2026
C01437;CLI02197;20/07/2024;Online;Loja física;3675,62;12;306,3;Jardim América;F;48;2177,81;Inadimplente;15/03/2026
C01438;CLI00476;05/12/2024;Centro;Loja física;2595,15;12;216,26;Cidade Nova;F;37;5576,75;Quitado;15/03/2026
C01439;CLI02181;22/10/2024;Zona Leste;Site;732,92;12;61,08;Jd. America;M;54;4164,99;Quitado;15/03/2026
C01440;CLI00395;12/09/2025;Shopping Norte;Televendas;2085,56;10;208,56;Jardim América;M;61;2624,54;Em dia;15/03/2026
C01441;CLI01492;17/08/2024;Centro;Loja física;924,43;18;51,36;Parque das Flores;F;25;2354,27;Inadimplente;15/03/2026
C01442;CLI00061;30/03/2025;Centro;Loja física;1258,55;12;104,88;Centro;F;58;1968,43;Inadimplente;15/03/2026
C01443;CLI02377;08/02/2025;Online;Televendas;1538,4;18;85,47;Jardim América;M;52;2252,19;Inadimplente;15/03/2026
C01444;CLI02292;25/07/2025;Online;Televendas;888,17;18;49,34;Vila Progresso;F;24;2184,19;Em dia;15/03/2026
C01445;CLI01668;04/08/2024;Online;Loja física;2005,81;12;167,15;Cidade Nova;F;52;2407,53;Inadimplente;15/03/2026
C01446;CLI01475;17/08/2025;Online;Site;1444,38;12;120,36;Bela Vista;M;66;1461,32;Inadimplente;15/03/2026
C01447;CLI02347;18/11/2024;Zona Leste;Loja física;1725,03;12;143,75;Jardim América;M;40;1113,14;Quitado;15/03/2026
C01448;CLI00656;05/07/2025;Shopping Norte;Loja física;2438,73;10;243,87;Parque das Flores;F;34;2356,64;Inadimplente;15/03/2026
C01449;CLI00338;02/08/2024;Centro;Site;1531,11;10;153,11;Parque das Flores;F;58;2039,5;Quitado;15/03/2026
C01450;CLI00173;01/02/2025;Zona Leste;Site;1477,43;12;123,12;Cidade Nova;M;25;5248,39;Quitado;15/03/2026
C01451;CLI01394;06/08/2025;Zona Leste;Loja física;4165,63;18;231,42;Vila Progresso;F;57;3101,96;Em dia;15/03/2026
C01452;CLI02752;13/07/2024;Online;Site;932,57;12;77,71;Cidade Nova;M;33;2544,78;Quitado;15/03/2026
C01453;CLI02241;10/12/2024;Zona Leste;Televendas;380,0;12;31,67;Parque das Flores;F;18;2690,88;Quitado;15/03/2026
C01454;CLI01610;05/11/2024;Centro;Loja física;3164,09;12;263,67;Cidade Nova;F;45;1892,87;Inadimplente;15/03/2026
C01455;CLI02403;20/07/2025;Zona Leste;Loja física;1594,54;18;88,59;Alto da Serra;F;47;2627,36;Em dia;15/03/2026
C01457;CLI00085;11/08/2025;Centro;Loja física;2335,77;12;194,65;Bela Vista;M;43;5373,69;Inadimplente;15/03/2026
C01458;CLI00850;24/08/2025;Zona Leste;Televendas;744,97;10;74,5;Centro;F;27;3062,51;Em dia;15/03/2026
C01459;CLI02763;09/05/2025;Centro;Loja física;1740,57;12;145,05;Alto da Serra;M;41;4779,75;Em dia;15/03/2026
C01460;CLI01681;16/02/2025;Zona Leste;Site;2541,71;10;254,17;Jardim América;F;45;1824,31;Quitado;15/03/2026
C01462;CLI02056;25/02/2025;Centro;Loja física;2618,4;12;218,2;Bela Vista;F;36;4132,82;Inadimplente;15/03/2026
C01463;CLI02007;27/07/2025;Online;Loja física;2519,68;18;139,98;Bela Vista;F;50;4416,98;Em dia;15/03/2026
C01464;CLI01276;03/11/2025;Zona Leste;Loja física;1316,57;6;219,43;Jardim América;F;42;4093,36;Em dia;15/03/2026
C01465;CLI00543;30/11/2024;Shopping Norte;Televendas;1224,91;6;204,15;Jardim América;F;41;1336,79;Inadimplente;15/03/2026
C01466;CLI02434;24/10/2025;Shopping Norte;Loja física;1328,69;10;132,87;Parque das Flores;M;67;4004,12;Em dia;15/03/2026
C01467;CLI00729;21/06/2024;Centro;Loja física;1744,57;6;290,76;Jardim Botânico;M;52;2609,64;Inadimplente;15/03/2026
C01469;CLI01347;24/05/2025;Zona Leste;Loja física;2786,5;12;232,21;Bela Vista;F;48;2187,74;Inadimplente;15/03/2026
C01470;CLI00921;06/07/2024;Centro;Site;672,19;18;37,34;Cidade Nova;M;61;4283,47;Inadimplente;15/03/2026
C01471;CLI00338;31/03/2025;Zona Leste;Loja física;2978,21;18;165,46;Cidade Nova;F;37;3843,35;Inadimplente;15/03/2026
C01472;CLI02710;21/08/2025;Shopping Norte;Site;2555,97;18;142,0;Parque das Flores;M;48;3206,2;Em dia;15/03/2026
C01473;CLI00311;10/12/2024;Zona Leste;Loja física;1441,1;24;60,05;Bela Vista;M;36;5904,78;Em dia;15/03/2026
C01474;CLI00967;13/08/2024;Shopping Norte;Loja física;1459,39;12;121,62;Jd. America;F;51;1968,1;Inadimplente;15/03/2026
C01476;CLI01300;14/10/2024;Zona Leste;Loja física;2319,9;10;231,99;Cidade Nova;M;35;1816,4;Quitado;15/03/2026
C01477;CLI01818;16/04/2025;Centro;Loja física;1765,09;18;98,06;Jardim América;F;41;2334,71;Em dia;15/03/2026
C01478;CLI01078;20/07/2024;Zona Leste;Site;4262,11;10;426,21;Parque das Flores;F;41;1751,54;Inadimplente;15/03/2026
C01479;CLI01765;21/06/2025;Online;Loja física;5522,17;12;460,18;Vila Progresso;M;40;1854,34;Inadimplente;15/03/2026
C01480;CLI02234;29/10/2025;Centro;Site;2398,03;12;199,84;Jd. America;F;65;2423,39;Inadimplente;15/03/2026
C01481;CLI02754;14/10/2024;Online;Loja física;3397,63;18;188,76;Cidade Nova;F;37;4142,85;Em dia;15/03/2026
C01482;CLI01809;14/06/2024;Centro;Loja física;548,7;12;45,72;Centro;M;32;3848,02;Quitado;15/03/2026
C01483;CLI00492;11/02/2025;Zona Leste;Loja física;2035,56;12;169,63;Jd. America;M;45;2317,25;Quitado;15/03/2026
C01485;CLI02041;11/07/2024;Online;Loja física;1545,46;10;154,55;Jardim América;M;42;4395,37;Inadimplente;15/03/2026
C01486;CLI00543;07/10/2025;Shopping Norte;Loja física;1757,44;18;97,64;Vila Progresso;M;25;1880,94;Em dia;15/03/2026
C01487;CLI01389;13/09/2025;Centro;Loja física;1771,34;10;177,13;Parque das Flores;F;25;1350,1;Inadimplente;15/03/2026
C01488;CLI02038;22/09/2025;Zona Leste;Loja física;554,59;24;23,11;Centro;F;35;2589,86;Inadimplente;15/03/2026
C01489;CLI00287;03/04/2025;Centro;Televendas;1108,52;6;184,75;Centro;F;18;3687,23;Quitado;15/03/2026
C01490;CLI01594;01/10/2024;Zona Leste;Site;5514,62;6;919,1;Centro;M;41;3396,2;Inadimplente;15/03/2026
C01491;CLI01314;01/02/2025;Centro;Loja física;2097,29;10;209,73;Centro;F;45;2627,32;Inadimplente;15/03/2026
C01492;CLI00281;02/05/2025;Zona Leste;Loja física;4039,75;12;336,65;Jd. America;F;24;2829,87;Inadimplente;15/03/2026
C01493;CLI02592;31/07/2024;Zona Leste;Loja física;1455,55;6;242,59;Jardim América;M;21;2557,34;Inadimplente;15/03/2026
C01494;CLI00978;27/07/2025;Centro;Site;1291,65;10;129,17;Bela Vista;F;63;2761,75;Inadimplente;15/03/2026
C01495;CLI00041;26/08/2025;Online;Loja física;7561,87;24;315,08;Parque das Flores;F;48;1922,46;Em dia;15/03/2026
C01496;CLI02435;14/07/2024;Shopping Norte;Loja física;1047,23;10;104,72;Vila Progresso;F;56;2614,1;Inadimplente;15/03/2026
C01498;CLI02528;14/12/2024;Centro;Loja física;4885,17;18;271,4;Jd. America;M;32;2504,0;Inadimplente;15/03/2026
C01499;CLI01851;23/10/2024;Shopping Norte;Loja física;2909,02;12;242,42;Vila Progresso;M;44;3589,06;Quitado;15/03/2026
C01500;CLI01114;16/01/2025;Zona Leste;Loja física;931,89;18;51,77;Alto da Serra;F;38;4880,62;Inadimplente;15/03/2026
C01501;CLI00925;25/09/2024;Zona Leste;Site;2650,4;24;110,43;Vila Progresso;F;52;2332,85;Inadimplente;15/03/2026
C01502;CLI01524;22/09/2024;Shopping Norte;Site;2399,58;12;199,96;Jardim América;M;33;4905,89;Quitado;15/03/2026
C01503;CLI00276;24/07/2025;Online;Loja física;1591,54;12;132,63;Alto da Serra;F;46;2541,36;Em dia;15/03/2026
C01504;CLI00781;27/11/2024;Online;Loja física;3307,49;12;275,62;Jardim Botânico;M;33;1972,31;Inadimplente;15/03/2026
C01505;CLI02748;06/10/2024;Centro;Loja física;1546,9;10;154,69;Centro;F;27;2810,05;Quitado;15/03/2026
C01506;CLI00300;07/11/2025;Centro;Loja física;2534,19;10;253,42;Jardim América;M;51;1784,59;Inadimplente;15/03/2026
C01507;CLI01633;28/08/2025;Zona Leste;Loja física;866,33;6;144,39;Vila Progresso;M;29;4419,07;Inadimplente;15/03/2026
C01508;CLI02730;10/05/2025;Shopping Norte;Loja física;1264,51;6;210,75;Bela Vista;F;45;2376,52;Quitado;15/03/2026
C01510;CLI00103;24/07/2025;Zona Leste;Loja física;1281,26;10;128,13;Cidade Nova;F;40;1462,85;Em dia;15/03/2026
C01511;CLI01843;02/07/2025;Zona Leste;Loja física;2088,27;18;116,02;Vila Progresso;F;30;1955,68;Em dia;15/03/2026
C01512;CLI01272;08/08/2025;Shopping Norte;Loja física;1582,84;24;65,95;Jardim América;F;47;2110,84;Inadimplente;15/03/2026
C01513;CLI01604;31/01/2025;Shopping Norte;Site;3412,25;6;568,71;Jardim Botânico;F;40;4567,36;Em dia;15/03/2026
C01514;CLI01436;27/02/2025;Zona Leste;Televendas;4507,71;12;375,64;Centro;F;24;3850,82;Quitado;15/03/2026
C01515;CLI02746;26/07/2025;Centro;Televendas;621,81;10;62,18;Jd. America;M;46;2594,41;Inadimplente;15/03/2026
C01516;CLI00948;11/12/2024;Zona Leste;Loja física;1790,94;12;149,24;Centro;F;31;3443,56;Inadimplente;15/03/2026
C01520;CLI02459;25/10/2024;Shopping Norte;Loja física;2046,99;18;113,72;Alto da Serra;M;27;1393,5;Inadimplente;15/03/2026
C01521;CLI01237;18/08/2024;Zona Leste;Loja física;1259,81;24;52,49;Bela Vista;F;56;1492,16;Em dia;15/03/2026
C01522;CLI02022;11/11/2024;Zona Leste;Loja física;1469,92;12;122,49;Jardim Botânico;F;48;3199,92;Inadimplente;15/03/2026
C01523;CLI00473;13/07/2024;Shopping Norte;Site;4230,82;12;352,57;Jd. America;M;44;2007,45;Quitado;15/03/2026
C01524;CLI01503;21/12/2024;Zona Leste;Loja física;4020,58;12;335,05;Vila Progresso;F;37;2263,34;Inadimplente;15/03/2026
C01525;CLI02133;10/09/2025;Shopping Norte;Loja física;1899,94;6;316,66;Jardim América;M;42;4003,39;Quitado;15/03/2026
C01526;CLI00552;28/10/2025;Shopping Norte;Loja física;1070,1;12;89,18;Cidade Nova;M;31;4061,46;Inadimplente;15/03/2026
C01528;CLI00079;17/06/2025;Online;Loja física;3210,81;6;535,14;Jardim Botânico;F;35;2393,27;Inadimplente;15/03/2026
C01530;CLI01873;28/02/2025;Zona Leste;Loja física;1918,86;10;191,89;Parque das Flores;F;40;5021,02;Quitado;15/03/2026
C01531;CLI00581;18/06/2025;Zona Leste;Loja física;1781,91;6;296,98;Jardim América;F;52;4890,04;Quitado;15/03/2026
C01532;CLI00983;06/07/2024;Centro;Loja física;3981,72;12;331,81;Jardim Botânico;F;52;1692,2;Quitado;15/03/2026
C01533;CLI01501;25/07/2025;Centro;Site;1631,61;10;163,16;Vila Progresso;F;60;2493,94;Em dia;15/03/2026
C01534;CLI01543;21/12/2024;Centro;Loja física;3465,25;6;577,54;Jd. America;F;63;1754,67;Inadimplente;15/03/2026
C01535;CLI01533;04/09/2024;Zona Leste;Site;1517,31;6;252,88;Jd. America;F;26;2348,81;Inadimplente;15/03/2026
C01536;CLI01422;12/11/2024;Centro;Loja física;1572,62;18;87,37;Cidade Nova;F;29;3035,94;Em dia;15/03/2026
C01537;CLI02352;01/07/2025;Zona Leste;Loja física;1405,77;12;117,15;Jardim América;F;62;1246,63;Em dia;15/03/2026
C01539;CLI02147;14/09/2024;Zona Leste;Loja física;1287,91;10;128,79;Jd. America;M;18;2509,48;Quitado;15/03/2026
C01541;CLI02301;20/04/2025;Zona Leste;Loja física;1553,22;18;86,29;Bela Vista;F;35;4619,04;Em dia;15/03/2026
C01542;CLI02336;09/07/2024;Online;Loja física;1092,4;18;60,69;Jardim Botânico;F;57;2551,94;Inadimplente;15/03/2026
C01543;CLI01955;01/07/2024;Zona Leste;Televendas;3182,8;10;318,28;Jardim América;F;50;1191,76;Quitado;15/03/2026
C01544;CLI01787;24/10/2024;Zona Leste;Loja física;4297,11;6;716,18;Vila Progresso;M;24;2089,17;Inadimplente;15/03/2026
C01546;CLI02319;30/10/2024;Zona Leste;Loja física;1090,56;6;181,76;Jardim América;F;25;3173,71;Inadimplente;15/03/2026
C01547;CLI00682;22/05/2025;Online;Televendas;1806,42;18;100,36;Alto da Serra;F;18;2424,85;Inadimplente;15/03/2026
C01548;CLI00643;27/02/2025;Zona Leste;Loja física;1230,65;12;102,55;Jardim Botânico;M;54;3257,76;Quitado;15/03/2026
C01549;CLI02261;30/06/2024;Zona Leste;Loja física;2093,91;10;209,39;Jardim América;F;42;3683,62;Inadimplente;15/03/2026
C01551;CLI00121;18/11/2024;Centro;Televendas;1633,54;18;90,75;Bela Vista;F;60;2900,53;Em dia;15/03/2026
C01552;CLI02536;18/11/2024;Centro;Loja física;2671,45;18;148,41;Jardim América;F;51;7430,89;Em dia;15/03/2026
C01553;CLI01281;03/05/2025;Zona Leste;Loja física;695,39;10;69,54;Alto da Serra;F;60;2118,62;Quitado;15/03/2026
C01555;CLI01211;25/09/2025;Centro;Site;1458,22;12;121,52;Cidade Nova;F;31;4991,38;Em dia;15/03/2026
C01557;CLI01458;09/06/2025;Centro;Loja física;1592,03;12;132,67;Alto da Serra;F;28;1631,39;Em dia;15/03/2026
C01558;CLI01240;04/05/2025;Online;Loja física;671,43;12;55,95;Vila Progresso;M;44;1875,78;Em dia;15/03/2026
C01559;CLI01303;18/09/2024;Centro;Loja física;1317,29;12;109,77;Jardim Botânico;M;45;2619,94;Quitado;15/03/2026
C01560;CLI02525;29/05/2025;Zona Leste;Televendas;984,7;10;98,47;Jardim Botânico;F;45;3842,23;Em dia;15/03/2026
C01561;CLI01926;08/07/2025;Centro;Televendas;622,89;10;62,29;Jardim Botânico;M;27;1677,36;Inadimplente;15/03/2026
C01563;CLI02337;02/09/2025;Zona Leste;Loja física;794,1;12;66,18;Jd. America;F;39;4523,97;Em dia;15/03/2026
C01564;CLI02188;21/12/2024;Shopping Norte;Loja física;1787,25;12;148,94;Vila Progresso;M;54;5839,66;Quitado;15/03/2026
C01565;CLI01094;06/02/2025;Online;Loja física;1805,03;10;180,5;Bela Vista;M;64;2168,13;Quitado;15/03/2026
C01566;CLI01060;09/12/2024;Shopping Norte;Loja física;957,95;18;53,22;Bela Vista;F;44;1042,67;Em dia;15/03/2026
C01567;CLI01291;11/10/2024;Centro;Site;1095,85;18;60,88;Parque das Flores;F;32;2323,33;Em dia;15/03/2026
C01568;CLI01470;12/06/2025;Zona Leste;Loja física;1645,44;10;164,54;Centro;F;27;2416,84;Em dia;15/03/2026
C01569;CLI01159;24/09/2024;Centro;Loja física;2240,12;24;93,34;Alto da Serra;F;48;1813,03;Em dia;15/03/2026
C01570;CLI01465;08/07/2024;Centro;Loja física;2177,86;6;362,98;Centro;F;44;3317,88;Inadimplente;15/03/2026
C01571;CLI01423;09/02/2025;Centro;Loja física;2111,83;18;117,32;Parque das Flores;M;23;2771,51;Em dia;15/03/2026
C01572;CLI01156;28/02/2025;Centro;Site;620,99;12;51,75;Bela Vista;F;43;7419,16;Quitado;15/03/2026
C01573;CLI01386;18/06/2024;Zona Leste;Site;3130,21;10;313,02;Bela Vista;M;21;3391,02;Inadimplente;15/03/2026
C01574;CLI01656;09/01/2025;Centro;Televendas;2332,42;12;194,37;Alto da Serra;M;45;4536,53;Quitado;15/03/2026
C01575;CLI01592;04/08/2024;Centro;Televendas;8231,51;10;823,15;Jardim Botânico;F;43;3483,25;Inadimplente;15/03/2026
C01576;CLI01230;06/08/2024;Shopping Norte;Loja física;1761,14;24;73,38;Parque das Flores;F;56;9533,08;Em dia;15/03/2026
C01577;CLI00383;15/04/2025;Zona Leste;Loja física;2468,86;24;102,87;Vila Progresso;F;30;2809,78;Inadimplente;15/03/2026
C01578;CLI02138;23/01/2025;Zona Leste;Loja física;877,18;24;36,55;Bela Vista;M;53;5084,87;Em dia;15/03/2026
C01579;CLI01886;06/05/2025;Shopping Norte;Site;1058,04;12;88,17;Centro;M;60;2760,0;Em dia;15/03/2026
C01580;CLI02271;31/07/2024;Centro;Loja física;1550,41;12;129,2;Alto da Serra;F;31;2383,33;Quitado;15/03/2026
C01581;CLI01100;02/10/2024;Online;Loja física;1744,23;24;72,68;Centro;M;37;2381,42;Em dia;15/03/2026
C01582;CLI01773;05/07/2024;Shopping Norte;Televendas;2004,5;10;200,45;Centro;M;37;4017,16;Quitado;15/03/2026
C01583;CLI02137;04/06/2025;Centro;Site;905,23;12;75,44;Parque das Flores;M;42;5641,19;Em dia;15/03/2026
C01584;CLI01337;26/08/2025;Centro;Loja física;1899,22;12;158,27;Jardim América;M;67;1578,23;Em dia;15/03/2026
C01585;CLI00773;17/01/2025;Shopping Norte;Loja física;2230,75;12;185,9;Centro;F;58;3797,18;Quitado;15/03/2026
C01586;CLI02549;03/09/2024;Shopping Norte;Site;2930,0;10;293,0;Centro;M;23;2247,4;Inadimplente;15/03/2026
C01587;CLI02111;11/03/2025;Zona Leste;Site;1671,12;12;139,26;Cidade Nova;F;41;3229,88;Inadimplente;15/03/2026
C01588;CLI01620;20/10/2024;Centro;Loja física;2471,11;10;247,11;Cidade Nova;F;30;3463,36;Quitado;15/03/2026
C01589;CLI00526;19/09/2024;Online;Loja física;2092,7;18;116,26;Vila Progresso;M;34;6566,91;Inadimplente;15/03/2026
C01590;CLI00333;30/11/2024;Shopping Norte;Loja física;2297,26;18;127,63;Vila Progresso;F;39;3916,92;Em dia;15/03/2026
C01591;CLI01315;03/02/2025;Centro;Loja física;2496,8;6;416,13;Jd. America;F;27;2173,42;Inadimplente;15/03/2026
C01592;CLI01512;29/07/2024;Centro;Site;5000,71;6;833,45;Jd. America;M;53;4309,87;Inadimplente;15/03/2026
C01593;CLI01953;10/10/2025;Zona Leste;Loja física;1796,65;24;74,86;Jd. America;M;71;1503,85;Em dia;15/03/2026
C01594;CLI02711;13/08/2024;Zona Leste;Televendas;990,5;24;41,27;Vila Progresso;M;42;2975,16;Inadimplente;15/03/2026
C01595;CLI01031;30/10/2025;Centro;Loja física;1119,28;6;186,55;Bela Vista;M;21;3649,66;Inadimplente;15/03/2026
C01597;CLI00591;28/11/2024;Shopping Norte;Loja física;1408,99;6;234,83;Bela Vista;F;32;1891,76;Quitado;15/03/2026
C01598;CLI01520;17/08/2025;Zona Leste;Loja física;2663,66;12;221,97;Jardim Botânico;F;47;1690,22;Inadimplente;15/03/2026
C01599;CLI01611;16/05/2025;Shopping Norte;Loja física;1502,62;6;250,44;Parque das Flores;M;42;1845,04;Quitado;15/03/2026
C01600;CLI01207;02/09/2025;Shopping Norte;Loja física;1284,57;18;71,36;Jardim Botânico;F;43;1991,84;Inadimplente;15/03/2026
C01601;CLI01524;02/09/2025;Online;Televendas;1728,82;12;144,07;Vila Progresso;F;54;1636,02;Inadimplente;15/03/2026
C01602;CLI02372;05/10/2025;Online;Loja física;793,24;24;33,05;Parque das Flores;F;51;3756,83;Em dia;15/03/2026
C01603;CLI01586;19/08/2024;Centro;Loja física;2687,11;6;447,85;Jardim Botânico;M;57;2713,13;Inadimplente;15/03/2026
C01604;CLI01046;30/05/2025;Centro;Loja física;1603,71;10;160,37;Jd. America;F;22;4158,15;Em dia;15/03/2026
C01605;CLI02302;12/08/2024;Online;Televendas;1148,21;12;95,68;Bela Vista;F;62;4885,26;Quitado;15/03/2026
C01606;CLI02387;16/07/2024;Centro;Loja física;4244,98;24;176,87;Cidade Nova;M;38;1807,11;Inadimplente;15/03/2026
C01607;CLI01131;24/06/2024;Centro;Loja física;1233,55;10;123,35;Alto da Serra;F;61;2653,37;Inadimplente;15/03/2026
C01608;CLI01452;28/03/2025;Shopping Norte;Loja física;1833,49;10;183,35;Vila Progresso;F;30;4637,66;Inadimplente;15/03/2026
C01609;CLI00140;13/10/2024;Online;Loja física;3707,16;12;308,93;Jd. America;F;33;2784,95;Inadimplente;15/03/2026
C01610;CLI01081;24/06/2024;Zona Leste;Loja física;2067,04;12;172,25;Jardim América;F;27;3391,93;Inadimplente;15/03/2026
C01611;CLI01061;07/11/2025;Zona Leste;Televendas;4496,26;18;249,79;Parque das Flores;M;36;2230,23;Em dia;15/03/2026
C01612;CLI02296;23/04/2025;Shopping Norte;Loja física;1439,75;24;59,99;Bela Vista;M;29;3870,97;Em dia;15/03/2026
C01614;CLI00432;01/05/2025;Zona Leste;Loja física;522,76;18;29,04;Jardim América;F;45;3967,14;Em dia;15/03/2026
C01615;CLI01275;04/10/2025;Zona Leste;Site;892,22;12;74,35;Parque das Flores;M;31;3395,2;Inadimplente;15/03/2026
C01616;CLI02629;01/03/2025;Shopping Norte;Loja física;2072,69;18;115,15;Jardim América;F;38;3996,66;Em dia;15/03/2026
C01617;CLI00514;05/02/2025;Centro;Televendas;1992,38;12;166,03;Jardim Botânico;M;30;4202,17;Quitado;15/03/2026
C01618;CLI00287;06/10/2024;Shopping Norte;Loja física;1470,55;6;245,09;Bela Vista;M;18;4644,59;Quitado;15/03/2026
C01619;CLI01172;31/12/2024;Online;Loja física;1498,48;6;249,75;Bela Vista;F;76;1528,85;Quitado;15/03/2026
C01620;CLI00829;06/09/2025;Shopping Norte;Loja física;2591,47;12;215,96;Centro;F;42;3631,28;Em dia;15/03/2026
C01621;CLI02699;15/04/2025;Shopping Norte;Loja física;1024,01;24;42,67;Jardim América;F;43;1214,97;Em dia;15/03/2026
C01622;CLI00870;11/02/2025;Centro;Televendas;1155,26;12;96,27;Alto da Serra;F;51;2046,04;Quitado;15/03/2026
C01623;CLI00266;12/12/2024;Online;Loja física;1873,05;6;312,18;Cidade Nova;F;36;5065,89;Inadimplente;15/03/2026
C01624;CLI02032;16/08/2025;Online;Site;1456,82;6;242,8;Centro;M;19;2221,16;Inadimplente;15/03/2026
C01625;CLI01234;03/09/2024;Shopping Norte;Loja física;3628,72;6;604,79;Jd. America;M;56;5619,53;Quitado;15/03/2026
C01626;CLI00369;18/09/2025;Centro;Loja física;735,21;24;30,63;Bela Vista;M;19;3737,48;Em dia;15/03/2026
C01627;CLI01135;16/10/2024;Centro;Loja física;2203,73;24;91,82;Jardim América;F;47;3022,36;Inadimplente;15/03/2026
C01628;CLI02571;24/09/2025;Zona Leste;Loja física;2507,36;12;208,95;Cidade Nova;F;29;2241,66;Em dia;15/03/2026
C01629;CLI01536;11/03/2025;Shopping Norte;Loja física;4460,95;12;371,75;Centro;F;61;2835,11;Inadimplente;15/03/2026
C01630;CLI02020;28/04/2025;Centro;Televendas;953,21;18;52,96;Parque das Flores;F;42;2303,62;Em dia;15/03/2026
C01631;CLI00214;13/06/2025;Centro;Televendas;954,99;24;39,79;Parque das Flores;M;50;3064,18;Em dia;15/03/2026
C01632;CLI02567;30/10/2025;Zona Leste;Loja física;1881,83;12;156,82;Vila Progresso;F;40;4821,78;Em dia;15/03/2026
C01633;CLI00753;08/07/2025;Centro;Site;1449,9;24;60,41;Jardim Botânico;M;56;4205,41;Em dia;15/03/2026
C01634;CLI00737;27/10/2024;Online;Loja física;1609,75;18;89,43;Centro;M;34;0,0;Em dia;15/03/2026
C01635;CLI01736;08/11/2024;Shopping Norte;Site;3352,75;12;279,4;Parque das Flores;M;45;2751,4;Inadimplente;15/03/2026
C01636;CLI02401;13/11/2025;Centro;Loja física;2935,66;12;244,64;Jardim América;M;33;1444,63;Em dia;15/03/2026
C01637;CLI00828;17/01/2025;Centro;Televendas;1803,68;6;300,61;Vila Progresso;M;36;3708,4;Quitado;15/03/2026
C01639;CLI00372;02/11/2024;Zona Leste;Loja física;2765,47;12;230,46;Centro;F;38;1062,85;Inadimplente;15/03/2026
C01640;CLI01360;03/06/2025;Centro;Site;1156,71;24;48,2;Jardim América;M;63;2918,97;Em dia;15/03/2026
C01641;CLI01239;03/10/2025;Centro;Loja física;1607,39;18;89,3;Centro;M;61;6988,89;Inadimplente;15/03/2026
C01642;CLI01020;17/10/2025;Shopping Norte;Loja física;2031,28;12;169,27;Vila Progresso;M;50;1134,32;Inadimplente;15/03/2026
C01644;CLI02670;05/03/2025;Zona Leste;Loja física;1084,12;12;90,34;Jardim América;F;45;1992,1;Quitado;15/03/2026
C01646;CLI02407;14/08/2024;Shopping Norte;Loja física;2294,86;10;229,49;Jardim Botânico;M;41;3158,13;Inadimplente;15/03/2026
C01647;CLI00235;30/10/2024;Shopping Norte;Loja física;3598,83;24;149,95;Cidade Nova;M;47;3654,9;Em dia;15/03/2026
C01648;CLI00547;09/06/2025;Zona Leste;Loja física;1257,8;12;104,82;Bela Vista;M;47;6464,83;Em dia;15/03/2026
C01649;CLI01633;19/01/2025;Shopping Norte;Televendas;997,22;12;83,1;Bela Vista;F;48;3565,18;Quitado;15/03/2026
C01650;CLI00608;03/08/2024;Shopping Norte;Loja física;1433,96;12;119,5;Parque das Flores;M;51;4331,16;Quitado;15/03/2026
C01651;CLI02780;07/03/2025;Zona Leste;Loja física;3258,32;18;181,02;Jd. America;M;45;2416,0;Inadimplente;15/03/2026
C01652;CLI02662;08/03/2025;Centro;Televendas;2358,36;12;196,53;Jardim Botânico;F;53;2503,27;Quitado;15/03/2026
C01653;CLI00495;20/05/2025;Zona Leste;Site;2502,02;18;139,0;Jardim América;M;46;1582,58;Em dia;15/03/2026
C01654;CLI02706;01/02/2025;Zona Leste;Loja física;3597,56;6;599,59;Vila Progresso;M;56;1657,25;Inadimplente;15/03/2026
C01655;CLI01826;17/09/2024;Centro;Site;1628,05;6;271,34;Bela Vista;M;29;3228,13;Quitado;15/03/2026
C01656;CLI01109;20/03/2025;Online;Loja física;1583,98;12;132,0;Bela Vista;M;37;2749,79;Quitado;15/03/2026
C01657;CLI01377;22/05/2025;Online;Loja física;3422,52;10;342,25;Jardim América;F;48;3480,29;Inadimplente;15/03/2026
C01658;CLI00269;31/07/2024;Online;Loja física;4563,32;12;380,28;Jd. America;F;35;3044,31;Quitado;15/03/2026
C01659;CLI02236;19/07/2025;Online;Televendas;1035,97;12;86,33;Jardim América;M;56;3760,31;Em dia;15/03/2026
C01660;CLI01724;06/07/2024;Shopping Norte;Site;584,25;12;48,69;Vila Progresso;M;56;3129,16;Quitado;15/03/2026
C01661;CLI01517;15/09/2024;Centro;Loja física;2382,16;18;132,34;Jd. America;M;18;3325,96;Quitado;15/03/2026
C01663;CLI00448;15/11/2025;Centro;Loja física;1139,01;12;94,92;Jardim América;M;36;5531,59;Em dia;15/03/2026
C01664;CLI00512;29/10/2024;Centro;Loja física;4501,82;24;187,58;Bela Vista;F;38;4086,4;Quitado;15/03/2026
C01665;CLI01962;12/08/2025;Shopping Norte;Loja física;1384,26;10;138,43;Centro;F;35;3392,4;Em dia;15/03/2026
C01666;CLI01722;12/12/2024;Shopping Norte;Site;1363,25;10;136,32;Parque das Flores;F;31;2769,31;Quitado;15/03/2026
C01667;CLI02599;01/09/2024;Zona Leste;Televendas;2553,37;24;106,39;Cidade Nova;M;44;3637,23;Em dia;15/03/2026
C01669;CLI01140;19/07/2024;Centro;Loja física;2108,06;18;117,11;Jardim América;M;18;1937,46;Inadimplente;15/03/2026
C01671;CLI01499;31/05/2025;Centro;Loja física;579,2;12;48,27;Jd. America;M;32;3654,6;Inadimplente;15/03/2026
C01672;CLI01704;19/06/2025;Centro;Loja física;982,56;18;54,59;Bela Vista;F;36;2201,81;Inadimplente;15/03/2026
C01673;CLI00933;09/10/2024;Centro;Loja física;1977,43;10;197,74;Vila Progresso;M;28;3650,64;Inadimplente;15/03/2026
C01675;CLI00899;18/07/2025;Shopping Norte;Site;5781,49;24;240,9;Cidade Nova;M;33;4270,38;Em dia;15/03/2026
C01676;CLI00805;21/04/2025;Zona Leste;Loja física;1653,59;24;68,9;Centro;M;34;3104,07;Inadimplente;15/03/2026
C01678;CLI00523;07/07/2025;Shopping Norte;Loja física;3033,41;10;303,34;Jardim América;M;54;4896,98;Inadimplente;15/03/2026
C01681;CLI00032;06/05/2025;Centro;Site;1276,4;24;53,18;Jardim América;F;27;4329,73;Inadimplente;15/03/2026
C01682;CLI02440;26/06/2025;Shopping Norte;Loja física;1912,83;10;191,28;Bela Vista;F;56;1779,68;Em dia;15/03/2026
C01683;CLI01956;16/05/2025;Centro;Site;1460,7;24;60,86;Parque das Flores;F;31;1803,2;Inadimplente;15/03/2026
C01684;CLI01857;24/11/2024;Shopping Norte;Loja física;1235,07;18;68,61;Bela Vista;M;52;2285,1;Em dia;15/03/2026
C01685;CLI01152;17/04/2025;Online;Site;3255,87;6;542,64;Alto da Serra;F;33;2832,82;Quitado;15/03/2026
C01686;CLI01822;06/11/2024;Zona Leste;Loja física;877,35;12;73,11;Vila Progresso;M;18;4032,15;Inadimplente;15/03/2026
C01687;CLI00069;24/08/2025;Zona Leste;Loja física;3127,04;12;260,59;Centro;F;46;1816,43;Inadimplente;15/03/2026
C01688;CLI01286;04/07/2024;Centro;Loja física;2326,99;6;387,83;Vila Progresso;F;41;2703,48;Quitado;15/03/2026
C01690;CLI01090;22/08/2024;Zona Leste;Loja física;7820,76;24;325,86;Alto da Serra;F;46;1994,47;Inadimplente;15/03/2026
C01691;CLI01697;26/10/2024;Shopping Norte;Loja física;1297,27;24;54,05;Jardim Botânico;F;36;3821,12;Em dia;15/03/2026
C01692;CLI00225;28/09/2025;Centro;Loja física;1334,97;10;133,5;Parque das Flores;F;47;1641,98;Em dia;15/03/2026
C01693;CLI02506;17/10/2025;Shopping Norte;Loja física;1509,64;12;125,8;Cidade Nova;F;43;5572,46;Em dia;15/03/2026
C01694;CLI01462;13/07/2025;Online;Televendas;2119,13;10;211,91;Jd. America;F;48;2747,27;Inadimplente;15/03/2026
C01695;CLI02162;23/09/2025;Shopping Norte;Loja física;2687,39;18;149,3;Bela Vista;M;29;4424,9;Em dia;15/03/2026
C01696;CLI00718;30/09/2025;Zona Leste;Site;750,42;10;75,04;Jardim Botânico;F;47;3740,19;Inadimplente;15/03/2026
C01697;CLI01154;18/04/2025;Zona Leste;Loja física;1813,94;24;75,58;Vila Progresso;F;31;2198,35;Inadimplente;15/03/2026
C01698;CLI00547;14/07/2024;Shopping Norte;Site;1404,7;10;140,47;Jardim América;M;42;2426,82;Quitado;15/03/2026
C01699;CLI00585;06/02/2025;Shopping Norte;Loja física;4920,63;10;492,06;Cidade Nova;F;50;2225,71;Inadimplente;15/03/2026
C01700;CLI00365;19/12/2024;Zona Leste;Loja física;702,74;24;29,28;Parque das Flores;F;54;4119,13;Inadimplente;15/03/2026
C01701;CLI01920;02/11/2025;Zona Leste;Loja física;2337,81;10;233,78;Bela Vista;M;18;2768,44;Em dia;15/03/2026
C01702;CLI02346;19/08/2025;Shopping Norte;Loja física;1130,99;6;188,5;Jardim Botânico;F;33;1995,94;Inadimplente;15/03/2026
C01703;CLI00076;17/03/2025;Zona Leste;Loja física;1992,13;24;83,01;Alto da Serra;M;42;1516,81;Em dia;15/03/2026
C01704;CLI00189;23/07/2024;Zona Leste;Loja física;2103,78;10;210,38;Jd. America;M;50;2510,63;Inadimplente;15/03/2026
C01705;CLI01432;28/09/2024;Zona Leste;Loja física;1073,16;18;59,62;Jardim Botânico;F;29;3902,67;Em dia;15/03/2026
C01706;CLI00306;28/06/2024;Centro;Loja física;1986,54;24;82,77;Parque das Flores;F;18;3930,51;Inadimplente;15/03/2026
C01707;CLI01261;25/10/2025;Shopping Norte;Loja física;538,38;6;89,73;Alto da Serra;F;50;1789,58;Em dia;15/03/2026
C01708;CLI01553;14/12/2024;Zona Leste;Televendas;1861,43;18;103,41;Parque das Flores;F;50;3584,47;Inadimplente;15/03/2026
C01709;CLI00214;19/12/2024;Centro;Loja física;3507,14;24;146,13;Bela Vista;M;76;5976,78;Em dia;15/03/2026
C01710;CLI00121;21/08/2025;Centro;Loja física;4116,1;24;171,5;Bela Vista;F;39;2459,96;Inadimplente;15/03/2026
C01711;CLI02381;14/06/2025;Zona Leste;Loja física;1183,24;18;65,74;Cidade Nova;F;55;2504,02;Em dia;15/03/2026
C01712;CLI01595;04/11/2024;Centro;Loja física;1094,94;24;45,62;Jardim América;F;58;3004,69;Inadimplente;15/03/2026
C01713;CLI00420;02/12/2024;Centro;Loja física;1804,08;24;75,17;Vila Progresso;F;21;2031,7;Em dia;15/03/2026
C01714;CLI01217;13/06/2025;Shopping Norte;Loja física;2385,14;12;198,76;Jd. America;M;39;2397,36;Inadimplente;15/03/2026
C01715;CLI01493;07/11/2025;Zona Leste;Loja física;1667,76;10;166,78;Bela Vista;F;33;3208,2;Em dia;15/03/2026
C01716;CLI00284;26/10/2024;Online;Loja física;1653,05;18;91,84;Parque das Flores;M;77;2925,75;Em dia;15/03/2026
C01717;CLI02345;15/09/2025;Shopping Norte;Televendas;5097,38;10;509,74;Vila Progresso;M;66;3546,76;Em dia;15/03/2026
C01718;CLI00115;18/12/2024;Zona Leste;Loja física;1509,96;10;151,0;Jardim América;F;42;1177,75;Quitado;15/03/2026
C01719;CLI00989;26/05/2025;Centro;Site;3117,35;24;129,89;Cidade Nova;M;46;3609,59;Inadimplente;15/03/2026
C01720;CLI01931;12/09/2025;Zona Leste;Loja física;2276,24;12;189,69;Vila Progresso;M;61;2077,87;Inadimplente;15/03/2026
C01721;CLI01795;07/10/2025;Centro;Site;3410,8;12;284,23;Vila Progresso;F;32;2454,76;Inadimplente;15/03/2026
C01722;CLI01370;15/08/2024;Shopping Norte;Loja física;1358,97;18;75,5;Jd. America;M;55;2260,75;Inadimplente;15/03/2026
C01723;CLI02619;20/08/2024;Online;Loja física;2190,93;24;91,29;Bela Vista;F;54;1441,02;Em dia;15/03/2026
C01724;CLI02348;12/07/2025;Online;Loja física;3056,62;18;169,81;Centro;M;42;4568,88;Em dia;15/03/2026
C01725;CLI02308;14/12/2024;Shopping Norte;Televendas;3995,13;6;665,86;Centro;F;55;3130,52;Quitado;15/03/2026
C01727;CLI00848;24/04/2025;Zona Leste;Loja física;2591,05;12;215,92;Cidade Nova;M;50;3138,55;Inadimplente;15/03/2026
C01728;CLI02773;22/10/2025;Zona Leste;Loja física;1981,66;6;330,28;Centro;M;51;3341,04;Inadimplente;15/03/2026
C01729;CLI01775;09/04/2025;Centro;Loja física;1667,67;24;69,49;Alto da Serra;F;55;2132,82;Inadimplente;15/03/2026
C01730;CLI00272;26/03/2025;Zona Leste;Loja física;2275,81;24;94,83;Jardim Botânico;F;36;3754,94;Inadimplente;15/03/2026
C01731;CLI00874;09/09/2024;Centro;Loja física;2146,28;6;357,71;Centro;F;58;1236,51;Inadimplente;15/03/2026
C01732;CLI00548;11/02/2025;Centro;Loja física;2171,85;12;180,99;Bela Vista;F;31;2071,71;Inadimplente;15/03/2026
C01733;CLI01591;18/06/2025;Online;Loja física;1657,82;10;165,78;Centro;M;21;2843,55;Em dia;15/03/2026
C01734;CLI02604;23/03/2025;Shopping Norte;Loja física;1257,1;18;69,84;Parque das Flores;M;24;1509,83;Em dia;15/03/2026
C01735;CLI02074;15/10/2025;Centro;Loja física;1786,67;10;178,67;Centro;M;30;4129,86;Inadimplente;15/03/2026
C01736;CLI01976;08/04/2025;Zona Leste;Loja física;1574,49;10;157,45;Vila Progresso;M;18;4565,31;Quitado;15/03/2026
C01737;CLI02687;16/07/2025;Zona Leste;Loja física;850,87;6;141,81;Bela Vista;M;59;3302,7;Quitado;15/03/2026
C01738;CLI02305;18/05/2025;Shopping Norte;Loja física;2045,99;12;170,5;Cidade Nova;M;51;2373,31;Inadimplente;15/03/2026
C01739;CLI00516;01/08/2024;Online;Loja física;3213,95;12;267,83;Jardim América;F;18;7157,2;Inadimplente;15/03/2026
C01740;CLI01623;10/10/2025;Centro;Site;2172,45;24;90,52;Jd. America;F;36;4232,51;Inadimplente;15/03/2026
C01741;CLI01327;14/09/2024;Centro;Loja física;2327,49;12;193,96;Centro;F;41;1188,22;Quitado;15/03/2026
C01742;CLI00987;05/06/2025;Shopping Norte;Loja física;880,21;12;73,35;Vila Progresso;M;18;3535,6;Inadimplente;15/03/2026
C01743;CLI01945;04/08/2024;Centro;Loja física;1895,68;18;105,32;Bela Vista;F;45;3325,07;Inadimplente;15/03/2026
C01744;CLI02177;11/05/2025;Online;Loja física;2690,18;10;269,02;Alto da Serra;M;60;2550,28;Inadimplente;15/03/2026
C01745;CLI02447;15/04/2025;Zona Leste;Loja física;2019,74;10;201,97;Centro;M;56;4244,24;Quitado;15/03/2026
C01746;CLI00408;26/10/2025;Online;Loja física;4434,75;18;246,38;Centro;M;33;2741,63;Em dia;15/03/2026
C01748;CLI00503;30/09/2025;Online;Loja física;1978,4;24;82,43;Jd. America;M;22;2059,32;Inadimplente;15/03/2026
C01749;CLI01223;14/07/2024;Zona Leste;Loja física;2545,44;10;254,54;Parque das Flores;F;51;2295,57;Quitado;15/03/2026
C01750;CLI00624;10/11/2025;Centro;Site;1298,29;18;72,13;Centro;M;44;3626,73;Em dia;15/03/2026
C01751;CLI00200;09/09/2024;Shopping Norte;Loja física;2167,58;24;90,32;Jardim América;M;21;2515,48;Inadimplente;15/03/2026
C01752;CLI02594;20/08/2025;Zona Leste;Televendas;11315,98;18;628,67;Centro;F;38;1628,27;Inadimplente;15/03/2026
C01753;CLI00823;06/09/2025;Online;Loja física;3226,84;24;134,45;Alto da Serra;M;32;3302,81;Inadimplente;15/03/2026
C01754;CLI00020;22/10/2025;Online;Loja física;3219,37;24;134,14;Jardim América;M;54;1397,32;Inadimplente;15/03/2026
C01756;CLI00896;31/08/2024;Online;Loja física;986,23;6;164,37;Bela Vista;M;52;1982,49;Quitado;15/03/2026
C01758;CLI00018;18/02/2025;Online;Loja física;3248,02;10;324,8;Centro;M;61;6749,75;Quitado;15/03/2026
C01759;CLI01315;31/10/2025;Shopping Norte;Loja física;1830,53;6;305,09;Vila Progresso;M;41;1184,13;Inadimplente;15/03/2026
C01760;CLI00833;10/01/2025;Zona Leste;Loja física;2415,58;24;100,65;Alto da Serra;F;61;5145,36;Inadimplente;15/03/2026
C01761;CLI00998;05/08/2025;Centro;Loja física;1757,72;10;175,77;Jardim América;F;36;3181,7;Em dia;15/03/2026
C01762;CLI00624;18/10/2025;Centro;Site;1483,6;10;148,36;Jardim Botânico;F;43;1258,18;Inadimplente;15/03/2026
C01763;CLI01143;20/05/2025;Centro;Televendas;3347,85;6;557,98;Cidade Nova;M;31;2147,13;Inadimplente;15/03/2026
C01764;CLI01814;15/02/2025;Zona Leste;Loja física;958,25;10;95,82;Bela Vista;F;40;2880,32;Quitado;15/03/2026
C01765;CLI00250;14/08/2024;Shopping Norte;Loja física;1195,89;12;99,66;Centro;F;18;1289,27;Quitado;15/03/2026
C01766;CLI01099;24/07/2025;Zona Leste;Televendas;2594,4;10;259,44;Cidade Nova;F;45;2851,52;Em dia;15/03/2026
C01767;CLI01914;22/09/2025;Zona Leste;Televendas;1504,86;10;150,49;Jardim Botânico;F;35;2442,05;Em dia;15/03/2026
C01769;CLI00556;19/07/2025;Shopping Norte;Televendas;807,58;6;134,6;Jd. America;M;36;2240,34;Inadimplente;15/03/2026
C01770;CLI01484;05/09/2025;Shopping Norte;Televendas;3367,37;12;280,61;Jardim América;M;22;3178,29;Em dia;15/03/2026
C01772;CLI00675;29/01/2025;Zona Leste;Site;3159,72;12;263,31;Centro;F;52;2046,43;Inadimplente;15/03/2026
C01773;CLI02347;29/08/2024;Centro;Loja física;3090,93;12;257,58;Bela Vista;M;22;2343,01;Inadimplente;15/03/2026
C01774;CLI01788;13/02/2025;Online;Loja física;3302,02;24;137,58;Alto da Serra;M;42;4482,02;Em dia;15/03/2026
C01775;CLI01470;11/11/2025;Shopping Norte;Televendas;731,38;10;73,14;Jardim Botânico;M;36;5058,96;Em dia;15/03/2026
C01776;CLI02023;03/07/2024;Shopping Norte;Loja física;2062,27;10;206,23;Cidade Nova;F;51;1947,34;Quitado;15/03/2026
C01777;CLI01326;08/07/2025;Online;Loja física;1492,17;24;62,17;Cidade Nova;F;19;1587,37;Inadimplente;15/03/2026
C01778;CLI00027;26/04/2025;Centro;Site;1856,36;10;185,64;Parque das Flores;F;18;4544,79;Inadimplente;15/03/2026
C01779;CLI02079;03/09/2025;Centro;Televendas;3265,86;10;326,59;Jardim América;M;42;2299,9;Em dia;15/03/2026
C01780;CLI01756;09/08/2025;Shopping Norte;Loja física;2495,36;24;103,97;Jardim Botânico;F;43;1108,08;Inadimplente;15/03/2026
C01781;CLI01239;03/09/2024;Shopping Norte;Loja física;1907,57;24;79,48;Parque das Flores;F;36;3923,52;Inadimplente;15/03/2026
C01782;CLI02484;04/12/2024;Shopping Norte;Site;2909,78;18;161,65;Parque das Flores;F;45;4011,04;Em dia;15/03/2026
C01783;CLI00460;06/11/2024;Shopping Norte;Loja física;1764,13;10;176,41;Vila Progresso;M;42;2142,7;Inadimplente;15/03/2026
C01785;CLI02194;03/11/2025;Centro;Loja física;1906,92;18;105,94;Parque das Flores;M;47;2312,29;Quitado;15/03/2026
C01786;CLI00683;25/07/2024;Online;Site;1289,38;6;214,9;Parque das Flores;M;54;2579,07;Quitado;15/03/2026
C01789;CLI01238;22/06/2025;Online;Loja física;3154,92;12;262,91;Cidade Nova;M;47;2498,02;Inadimplente;15/03/2026
C01790;CLI02550;15/07/2025;Centro;Loja física;3268,55;12;272,38;Vila Progresso;M;58;2866,39;Em dia;15/03/2026
C01791;CLI00302;28/12/2024;Online;Loja física;2704,96;10;270,5;Cidade Nova;M;37;1986,07;Inadimplente;15/03/2026
C01793;CLI01723;09/08/2025;Centro;Loja física;1399,87;10;139,99;Parque das Flores;F;36;4689,27;Em dia;15/03/2026
C01794;CLI01601;01/11/2024;Shopping Norte;Loja física;1356,69;10;135,67;Vila Progresso;M;40;2913,95;Inadimplente;15/03/2026
C01795;CLI02254;11/07/2025;Online;Loja física;1960,78;24;81,7;Cidade Nova;F;37;1831,66;Inadimplente;15/03/2026
C01797;CLI02089;24/08/2025;Centro;Televendas;3530,95;24;147,12;Jardim Botânico;M;31;1498,07;Inadimplente;15/03/2026
C01798;CLI02151;17/09/2025;Shopping Norte;Televendas;3496,0;6;582,67;Cidade Nova;M;35;2022,43;Inadimplente;15/03/2026
C01800;CLI00040;30/12/2024;Shopping Norte;Loja física;2855,69;12;237,97;Centro;M;53;4810,96;Quitado;15/03/2026
C01801;CLI00851;11/12/2024;Zona Leste;Loja física;1835,55;12;152,96;Bela Vista;M;44;3981,33;Quitado;15/03/2026
C01802;CLI02288;26/07/2024;Centro;Loja física;1520,16;12;126,68;Bela Vista;M;48;1327,04;Inadimplente;15/03/2026
C01803;CLI01913;13/11/2024;Shopping Norte;Loja física;2510,47;24;104,6;Bela Vista;F;41;2827,74;Inadimplente;15/03/2026
C01804;CLI02512;03/09/2024;Centro;Loja física;1990,94;12;165,91;Parque das Flores;F;44;2488,3;Quitado;15/03/2026
C01805;CLI00884;22/09/2025;Zona Leste;Loja física;1225,91;18;68,11;Vila Progresso;M;39;4215,29;Em dia;15/03/2026
C01807;CLI00925;25/06/2024;Online;Loja física;728,86;10;72,89;Parque das Flores;F;23;3690,15;Quitado;15/03/2026
C01809;CLI00933;26/03/2025;Shopping Norte;Loja física;2344,73;12;195,39;Jardim Botânico;M;47;2320,39;Em dia;15/03/2026
C01811;CLI00119;28/08/2024;Zona Leste;Loja física;2010,27;12;167,52;Jardim Botânico;F;47;2871,29;Quitado;15/03/2026
C01813;CLI01956;26/07/2025;Online;Loja física;731,93;12;60,99;Jardim América;F;45;5265,09;Em dia;15/03/2026
C01815;CLI00095;19/07/2024;Shopping Norte;Loja física;4908,93;12;409,08;Centro;F;45;3146,99;Quitado;15/03/2026
C01816;CLI01549;06/09/2024;Zona Leste;Loja física;2451,13;6;408,52;Alto da Serra;F;39;2076,04;Inadimplente;15/03/2026
C01817;CLI02054;10/11/2024;Zona Leste;Loja física;1460,24;6;243,37;Cidade Nova;F;39;4738,31;Quitado;15/03/2026
C01818;CLI00042;25/11/2024;Zona Leste;Loja física;874,13;10;87,41;Centro;F;34;2524,07;Inadimplente;15/03/2026
C01819;CLI01520;15/07/2025;Centro;Loja física;1438,04;10;143,8;Bela Vista;F;31;1254,04;Em dia;15/03/2026
C01820;CLI02539;20/09/2025;Centro;Loja física;902,21;6;150,37;Vila Progresso;M;21;3482,77;Em dia;15/03/2026
C01821;CLI02566;11/10/2025;Zona Leste;Loja física;1293,96;24;53,92;Vila Progresso;M;31;1698,38;Em dia;15/03/2026
C01822;CLI02070;27/12/2024;Zona Leste;Loja física;859,13;10;85,91;Centro;F;60;4505,85;Quitado;15/03/2026
C01823;CLI02319;10/01/2025;Zona Leste;Loja física;1413,87;24;58,91;Jardim América;M;68;2918,93;Em dia;15/03/2026
C01824;CLI02010;19/02/2025;Shopping Norte;Loja física;1018,16;10;101,82;Parque das Flores;F;36;3091,93;Quitado;15/03/2026
C01825;CLI02629;15/12/2024;Zona Leste;Loja física;1099,76;6;183,29;Jardim Botânico;M;43;1725,84;Quitado;15/03/2026
C01826;CLI02096;27/02/2025;Centro;Loja física;2312,93;10;231,29;Jd. America;M;48;2838,08;Quitado;15/03/2026
C01827;CLI01416;25/06/2024;Shopping Norte;Site;3538,13;18;196,56;Centro;F;18;5280,17;Inadimplente;15/03/2026
C01828;CLI02594;07/11/2025;Shopping Norte;Site;1260,11;12;105,01;Parque das Flores;F;35;1949,04;Em dia;15/03/2026
C01829;CLI00504;28/08/2025;Shopping Norte;Site;1243,02;18;69,06;Jardim Botânico;M;47;5515,83;Em dia;15/03/2026
C01830;CLI02287;12/05/2025;Zona Leste;Loja física;4365,65;12;363,8;Centro;F;21;3879,08;Em dia;15/03/2026
C01831;CLI00121;19/02/2025;Zona Leste;Loja física;2565,49;10;256,55;Jardim América;M;18;2677,03;Inadimplente;15/03/2026
C01832;CLI02751;15/06/2024;Zona Leste;Loja física;1053,77;24;43,91;Vila Progresso;F;76;2392,18;Em dia;15/03/2026
C01833;CLI02458;04/03/2025;Zona Leste;Loja física;4579,95;12;381,66;Alto da Serra;F;33;5633,1;Quitado;15/03/2026
C01834;CLI00004;27/10/2025;Centro;Televendas;3489,01;24;145,38;Parque das Flores;F;29;1334,21;Em dia;15/03/2026
C01835;CLI02655;22/07/2024;Centro;Site;2639,82;12;219,98;Centro;F;26;1842,54;Inadimplente;15/03/2026
C01836;CLI02214;30/10/2024;Zona Leste;Loja física;674,18;10;67,42;Alto da Serra;F;50;2021,57;Inadimplente;15/03/2026
C01837;CLI00621;20/02/2025;Zona Leste;Loja física;2313,44;24;96,39;Cidade Nova;M;137;2077,61;Inadimplente;15/03/2026
C01839;CLI01668;11/03/2025;Online;Loja física;2078,54;12;173,21;Jardim Botânico;M;48;1492,48;Inadimplente;15/03/2026
C01840;CLI02399;27/08/2025;Online;Loja física;690,34;24;28,76;Parque das Flores;M;54;1368,27;Inadimplente;15/03/2026
C01841;CLI00943;30/06/2024;Zona Leste;Loja física;2013,79;12;167,82;Parque das Flores;F;71;2505,8;Quitado;15/03/2026
C01842;CLI00883;03/04/2025;Centro;Loja física;532,77;18;29,6;Alto da Serra;F;55;3258,81;Em dia;15/03/2026
C01843;CLI00088;23/01/2025;Zona Leste;Site;1418,65;10;141,86;Bela Vista;F;43;1038,35;Quitado;15/03/2026
C01844;CLI02726;20/07/2025;Zona Leste;Loja física;1132,79;18;62,93;Bela Vista;F;45;2506,39;Em dia;15/03/2026
C01845;CLI00790;28/03/2025;Centro;Loja física;3546,93;18;197,05;Jardim Botânico;F;56;3190,12;Inadimplente;15/03/2026
C01846;CLI02134;31/07/2024;Online;Loja física;6691,03;24;278,79;Centro;M;43;2659,82;Inadimplente;15/03/2026
C01847;CLI01684;15/07/2025;Shopping Norte;Loja física;2260,55;10;226,06;Vila Progresso;F;45;2003,28;Em dia;15/03/2026
C01848;CLI01634;25/03/2025;Zona Leste;Loja física;1790,2;6;298,37;Parque das Flores;F;39;2401,09;Quitado;15/03/2026
C01850;CLI02034;04/02/2025;Centro;Loja física;440,71;6;73,45;Vila Progresso;M;46;2179,98;Inadimplente;15/03/2026
C01851;CLI00998;08/07/2025;Centro;Televendas;3451,31;18;191,74;Parque das Flores;F;39;3118,3;Em dia;15/03/2026
C01852;CLI00997;09/01/2025;Centro;Site;4646,62;24;193,61;Jardim Botânico;F;25;7750,9;Em dia;15/03/2026
C01853;CLI01152;04/09/2024;Centro;Loja física;3515,84;18;195,32;Centro;M;66;2458,65;Quitado;15/03/2026
C01854;CLI01521;24/12/2024;Zona Leste;Loja física;1003,52;12;83,63;Parque das Flores;M;33;1250,66;Quitado;15/03/2026
C01855;CLI01766;20/02/2025;Shopping Norte;Site;3081,59;18;171,2;Alto da Serra;M;32;1710,51;Inadimplente;15/03/2026
C01856;CLI02714;14/02/2025;Zona Leste;Site;1640,32;12;136,69;Bela Vista;F;35;3242,89;Quitado;15/03/2026
C01857;CLI00716;27/09/2024;Zona Leste;Televendas;1105,64;18;61,42;Vila Progresso;M;39;1982,84;Inadimplente;15/03/2026
C01858;CLI02158;12/06/2025;Centro;Loja física;1146,12;10;114,61;Jardim Botânico;M;48;2246,94;Em dia;15/03/2026
C01859;CLI01318;17/08/2025;Online;Loja física;2359,94;6;393,32;Jardim Botânico;M;23;4811,33;Inadimplente;15/03/2026
C01860;CLI02125;21/04/2025;Zona Leste;Loja física;3177,79;18;176,54;Alto da Serra;F;35;2560,46;Inadimplente;15/03/2026
C01861;CLI02690;29/09/2024;Shopping Norte;Loja física;3187,49;10;318,75;Jardim Botânico;M;44;2455,37;Quitado;15/03/2026
C01862;CLI02408;05/09/2024;Centro;Site;4194,0;12;349,5;Centro;F;23;2647,59;Quitado;15/03/2026
C01863;CLI02214;21/01/2025;Centro;Loja física;1895,92;12;157,99;Bela Vista;F;63;2304,23;Quitado;15/03/2026
C01864;CLI00186;26/08/2025;Shopping Norte;Loja física;8660,59;18;481,14;Jardim Botânico;F;52;1974,41;Inadimplente;15/03/2026
C01865;CLI01638;29/08/2024;Zona Leste;Loja física;2627,44;12;218,95;Jardim América;F;41;2176,98;Inadimplente;15/03/2026
C01866;CLI00311;29/01/2025;Centro;Site;807,03;18;44,84;Jardim Botânico;F;37;3421,67;Em dia;15/03/2026
C01867;CLI00134;24/01/2025;Centro;Loja física;670,05;6;111,68;Alto da Serra;M;34;3062,18;Quitado;15/03/2026
C01868;CLI02723;04/03/2025;Centro;Loja física;2296,45;18;127,58;Centro;M;37;5350,4;Em dia;15/03/2026
C01869;CLI01840;02/07/2024;Zona Leste;Loja física;4298,49;6;716,42;Vila Progresso;F;52;3755,36;Quitado;15/03/2026
C01870;CLI00563;07/03/2025;Shopping Norte;Loja física;1041,82;18;57,88;Cidade Nova;F;46;1464,18;Em dia;15/03/2026
C01871;CLI00879;23/10/2024;Zona Leste;Loja física;1462,68;12;121,89;Jardim América;M;60;3332,46;Quitado;15/03/2026
C01873;CLI01522;28/11/2024;Zona Leste;Loja física;1417,45;18;78,75;Parque das Flores;F;66;1851,19;Inadimplente;15/03/2026
C01874;CLI00515;12/02/2025;Centro;Site;2539,66;12;211,64;Jardim América;M;43;2714,65;Quitado;15/03/2026
C01875;CLI00043;12/07/2024;Centro;Loja física;1080,36;12;90,03;Alto da Serra;F;40;4707,92;Quitado;15/03/2026
C01876;CLI00370;16/02/2025;Centro;Site;1155,18;10;115,52;Cidade Nova;M;47;1924,29;Inadimplente;15/03/2026
C01877;CLI02751;02/05/2025;Online;Loja física;2782,77;10;278,28;Jd. America;F;50;3399,56;Quitado;15/03/2026
C01878;CLI00318;30/11/2024;Centro;Loja física;2773,12;12;231,09;Cidade Nova;F;36;2498,48;Inadimplente;15/03/2026
C01879;CLI01908;29/09/2024;Zona Leste;Loja física;6609,07;10;660,91;Parque das Flores;M;26;3030,65;Inadimplente;15/03/2026
C01880;CLI00094;27/03/2025;Online;Loja física;4786,04;24;199,42;Jardim América;F;52;2442,25;Inadimplente;15/03/2026
C01881;CLI01787;15/01/2025;Shopping Norte;Site;1777,53;10;177,75;Vila Progresso;F;44;1624,27;Inadimplente;15/03/2026
C01882;CLI00595;02/10/2025;Zona Leste;Site;1969,89;6;328,32;Centro;M;51;1925,38;Em dia;15/03/2026
C01883;CLI02337;25/07/2024;Zona Leste;Loja física;1990,0;12;165,83;Cidade Nova;M;41;1639,85;Quitado;15/03/2026
C01884;CLI00037;09/10/2025;Centro;Loja física;789,97;18;43,89;Jd. America;M;43;2362,98;Em dia;15/03/2026
C01886;CLI01033;04/09/2024;Zona Leste;Loja física;2019,69;10;201,97;Vila Progresso;M;52;3615,34;Inadimplente;15/03/2026
C01887;CLI02009;03/11/2025;Shopping Norte;Site;932,44;18;51,8;Bela Vista;F;23;1970,9;Em dia;15/03/2026
C01888;CLI02741;03/09/2025;Zona Leste;Loja física;758,34;10;75,83;Vila Progresso;M;25;3919,46;Em dia;15/03/2026
C01889;CLI01085;18/06/2024;Zona Leste;Loja física;2671,05;24;111,29;Bela Vista;F;78;2778,22;Em dia;15/03/2026
C01890;CLI01385;13/11/2025;Centro;Loja física;3187,67;12;265,64;Cidade Nova;F;52;2185,75;Em dia;15/03/2026
C01891;CLI00111;14/09/2024;Zona Leste;Loja física;1224,68;10;122,47;Vila Progresso;M;48;3523,26;Quitado;15/03/2026
C01892;CLI00464;20/02/2025;Shopping Norte;Loja física;1819,71;6;303,29;Centro;F;38;2993,11;Quitado;15/03/2026
C01894;CLI00264;02/01/2025;Centro;Televendas;1284,72;24;53,53;Parque das Flores;M;31;2636,86;Inadimplente;15/03/2026
C01895;CLI00308;20/03/2025;Centro;Loja física;697,71;12;58,14;Vila Progresso;M;29;6001,42;Quitado;15/03/2026
C01896;CLI01881;05/11/2025;Online;Site;610,22;18;33,9;Bela Vista;M;34;3295,1;Inadimplente;15/03/2026
C01897;CLI02117;26/05/2025;Shopping Norte;Loja física;6128,14;12;510,68;Vila Progresso;M;34;2485,43;Inadimplente;15/03/2026
C01898;CLI02617;16/02/2025;Centro;Televendas;3257,96;12;271,5;Jd. America;M;31;1563,14;Inadimplente;15/03/2026
C01900;CLI01431;13/10/2025;Online;Loja física;666,41;6;111,07;Alto da Serra;M;36;4039,58;Em dia;15/03/2026
C01901;CLI01457;09/07/2024;Centro;Site;2422,56;18;134,59;Vila Progresso;F;45;2829,45;Quitado;15/03/2026
C01902;CLI00211;23/07/2024;Zona Leste;Loja física;2460,32;12;205,03;Bela Vista;M;30;1383,95;Quitado;15/03/2026
C01903;CLI02708;31/08/2025;Zona Leste;Loja física;5089,29;6;848,22;Jardim América;F;51;3882,81;Inadimplente;15/03/2026
C01904;CLI01397;28/05/2025;Centro;Loja física;1528,07;10;152,81;Parque das Flores;F;47;2941,1;Em dia;15/03/2026
C01905;CLI02113;06/06/2025;Shopping Norte;Loja física;1616,75;6;269,46;Vila Progresso;F;55;2929,88;Inadimplente;15/03/2026
C01906;CLI01053;22/04/2025;Online;Loja física;2003,44;24;83,48;Parque das Flores;F;41;3748,6;Em dia;15/03/2026
C01907;CLI01018;15/11/2025;Centro;Site;1853,36;6;308,89;Centro;F;58;2529,94;Inadimplente;15/03/2026
C01908;CLI01191;11/08/2025;Centro;Loja física;904,7;12;75,39;Parque das Flores;M;43;2611,63;Em dia;15/03/2026
C01910;CLI01825;22/02/2025;Zona Leste;Loja física;1300,05;18;72,22;Jardim Botânico;F;50;3491,37;Em dia;15/03/2026
C01911;CLI02381;25/02/2025;Zona Leste;Loja física;5988,91;6;998,15;Cidade Nova;M;32;2038,2;Inadimplente;15/03/2026
C01912;CLI01115;30/07/2025;Zona Leste;Loja física;2560,84;18;142,27;Jardim América;M;45;5444,18;Quitado;15/03/2026
C01913;CLI02485;24/12/2024;Shopping Norte;Loja física;2435,55;12;202,96;Jardim Botânico;M;24;2266,04;Quitado;15/03/2026
C01914;CLI00241;03/02/2025;Shopping Norte;Site;2078,88;12;173,24;Centro;F;18;3740,53;Quitado;15/03/2026
C01915;CLI00538;03/11/2025;Centro;Site;2422,81;18;134,6;Cidade Nova;M;35;3175,97;Em dia;15/03/2026
C01916;CLI01536;22/07/2025;Shopping Norte;Loja física;5661,75;12;471,81;Cidade Nova;F;24;4388,51;Inadimplente;15/03/2026
C01918;CLI00336;16/04/2025;Online;Loja física;1311,09;24;54,63;Cidade Nova;M;78;3935,09;Em dia;15/03/2026
C01919;CLI00014;31/05/2025;Centro;Loja física;2520,44;18;140,02;Parque das Flores;M;34;2851,25;Em dia;15/03/2026
C01920;CLI02537;20/07/2025;Shopping Norte;Loja física;776,42;18;43,13;Jd. America;M;23;3051,34;Inadimplente;15/03/2026
C01921;CLI01425;18/08/2025;Centro;Site;1637,29;24;68,22;Vila Progresso;F;50;1698,83;Inadimplente;15/03/2026
C01922;CLI00901;06/09/2025;Centro;Televendas;2835,41;12;236,28;Jardim Botânico;F;42;1471,03;Inadimplente;15/03/2026
C01923;CLI02379;02/10/2024;Centro;Loja física;1019,88;18;56,66;Jardim América;M;22;2928,7;Inadimplente;15/03/2026
C01924;CLI00775;28/08/2025;Centro;Site;1348,12;18;74,9;Bela Vista;F;35;4036,92;Em dia;15/03/2026
C01925;CLI00678;31/08/2025;Zona Leste;Televendas;1048,65;18;58,26;Jardim Botânico;M;45;3862,92;Inadimplente;15/03/2026
C01926;CLI02058;07/07/2024;Zona Leste;Loja física;2712,53;18;150,7;Jardim América;F;46;1719,82;Inadimplente;15/03/2026
C01927;CLI00537;28/03/2025;Centro;Site;1267,57;10;126,76;Jardim América;M;47;3242,51;Quitado;15/03/2026
C01928;CLI01574;29/05/2025;Centro;Loja física;1176,28;12;98,02;Vila Progresso;F;21;4130,82;Em dia;15/03/2026
C01929;CLI01504;29/04/2025;Zona Leste;Loja física;1900,43;24;79,18;Centro;F;34;2514,28;Em dia;15/03/2026
C01930;CLI02727;14/07/2025;Shopping Norte;Loja física;9773,92;10;977,39;Jardim América;F;37;3577,74;Inadimplente;15/03/2026
C01931;CLI01554;15/05/2025;Centro;Loja física;983,92;18;54,66;Bela Vista;F;43;2441,99;Em dia;15/03/2026
C01932;CLI00677;20/06/2024;Centro;Site;2287,63;24;95,32;Jardim Botânico;M;50;2421,99;Em dia;15/03/2026
C01933;CLI00530;20/07/2024;Online;Loja física;1037,34;10;103,73;Jardim América;M;42;4618,58;Quitado;15/03/2026
C01934;CLI01614;29/06/2024;Shopping Norte;Loja física;2993,52;24;124,73;Vila Progresso;F;29;3534,52;Inadimplente;15/03/2026
C01935;CLI00486;20/11/2024;Shopping Norte;Loja física;1186,08;10;118,61;Centro;F;44;2361,71;Quitado;15/03/2026
C01936;CLI01057;22/07/2024;Zona Leste;Site;2155,13;10;215,51;Jardim América;F;49;2945,97;Quitado;15/03/2026
C01937;CLI01880;23/09/2025;Centro;Televendas;1162,53;10;116,25;Parque das Flores;M;37;7060,01;Em dia;15/03/2026
C01938;CLI01157;19/04/2025;Zona Leste;Loja física;1825,52;24;76,06;Cidade Nova;F;33;4156,89;Em dia;15/03/2026
C01940;CLI00084;12/07/2024;Centro;Loja física;1708,31;12;142,36;Parque das Flores;F;38;1572,98;Inadimplente;15/03/2026
C01941;CLI02150;06/09/2025;Online;Loja física;1468,19;10;146,82;Jardim América;F;44;2416,95;Em dia;15/03/2026
C01942;CLI01877;12/03/2025;Centro;Loja física;657,38;6;109,56;Parque das Flores;F;36;1779,52;Inadimplente;15/03/2026
C01943;CLI00636;24/07/2024;Centro;Loja física;2758,38;6;459,73;Vila Progresso;F;57;5393,6;Quitado;15/03/2026
C01944;CLI01555;22/12/2024;Online;Loja física;1894,88;10;189,49;Cidade Nova;M;30;1887,28;Quitado;15/03/2026
C01945;CLI00695;20/10/2024;Centro;Loja física;1336,38;18;74,24;Jardim América;F;36;2123,67;Inadimplente;15/03/2026
C01946;CLI01603;24/09/2025;Centro;Loja física;2353,86;18;130,77;Jd. America;M;41;2328,23;Inadimplente;15/03/2026
C01947;CLI01700;02/06/2025;Zona Leste;Loja física;2289,1;6;381,52;Parque das Flores;F;78;1805,03;Inadimplente;15/03/2026
C01948;CLI00495;09/11/2024;Online;Loja física;2467,09;6;411,18;Cidade Nova;F;50;1541,56;Inadimplente;15/03/2026
C01949;CLI00140;09/05/2025;Shopping Norte;Loja física;2427,61;12;202,3;Jd. America;F;65;2592,83;Em dia;15/03/2026
C01950;CLI02623;06/10/2025;Zona Leste;Loja física;827,29;12;68,94;Alto da Serra;F;38;3666,18;Em dia;15/03/2026
C01951;CLI01234;22/09/2025;Online;Loja física;1666,16;18;92,56;Vila Progresso;F;33;2306,97;Inadimplente;15/03/2026
C01953;CLI00762;13/05/2025;Shopping Norte;Loja física;4611,49;10;461,15;Vila Progresso;F;44;2894,16;Inadimplente;15/03/2026
C01954;CLI00965;30/10/2024;Zona Leste;Site;768,48;12;64,04;Centro;F;31;4803,51;Quitado;15/03/2026
C01955;CLI01235;15/03/2025;Zona Leste;Loja física;1493,55;10;149,35;Cidade Nova;F;42;1615,98;Inadimplente;15/03/2026
C01956;CLI00217;04/07/2024;Shopping Norte;Site;988,31;10;98,83;Bela Vista;M;36;3534,29;Inadimplente;15/03/2026
C01957;CLI02588;01/09/2025;Centro;Loja física;1980,32;18;110,02;Jardim América;M;38;6454,19;Inadimplente;15/03/2026
C01958;CLI01999;09/11/2024;Zona Leste;Site;1264,38;12;105,36;Alto da Serra;F;30;5287,88;Quitado;15/03/2026
C01959;CLI00066;01/07/2024;Shopping Norte;Televendas;2477,29;6;412,88;Jardim Botânico;M;33;2692,66;Inadimplente;15/03/2026
C01960;CLI02038;01/04/2025;Centro;Loja física;2762,79;10;276,28;Jardim América;M;32;3504,92;Quitado;15/03/2026
C01961;CLI01591;29/08/2024;Online;Televendas;1946,81;24;81,12;Jardim América;F;53;3160,81;Em dia;15/03/2026
C01962;CLI02275;17/11/2024;Zona Leste;Televendas;2351,69;18;130,65;Jd. America;F;27;1817,59;Inadimplente;15/03/2026
C01963;CLI02516;28/03/2025;Online;Loja física;2677,86;10;267,79;Alto da Serra;M;59;3252,45;Quitado;15/03/2026
C01964;CLI00079;16/10/2024;Online;Loja física;6566,11;24;273,59;Jd. America;F;21;4171,57;Em dia;15/03/2026
C01965;CLI01750;28/04/2025;Zona Leste;Loja física;609,41;6;101,57;Bela Vista;F;42;1376,43;Quitado;15/03/2026
C01966;CLI02487;06/10/2025;Zona Leste;Site;812,41;10;81,24;Parque das Flores;F;18;3400,96;Em dia;15/03/2026
C01967;CLI01461;22/05/2025;Zona Leste;Loja física;3997,84;10;399,78;Jardim América;M;63;1378,24;Inadimplente;15/03/2026
C01968;CLI00515;16/12/2024;Online;Site;6461,4;6;1076,9;Vila Progresso;F;33;3260,37;Inadimplente;15/03/2026
C01970;CLI02486;10/12/2024;Online;Loja física;1045,58;6;174,26;Parque das Flores;F;37;1618,46;Quitado;15/03/2026
C01971;CLI01629;24/10/2024;Shopping Norte;Loja física;2895,28;12;241,27;Jardim Botânico;M;33;2327,08;Quitado;15/03/2026
C01972;CLI01616;10/11/2025;Shopping Norte;Loja física;1801,75;24;75,07;Vila Progresso;F;61;2448,12;Em dia;15/03/2026
C01973;CLI00549;29/07/2025;Shopping Norte;Televendas;681,17;10;68,12;Vila Progresso;F;41;2055,74;Em dia;15/03/2026
C01974;CLI00230;07/04/2025;Centro;Televendas;2932,35;18;162,91;Jd. America;F;32;1973,6;Inadimplente;15/03/2026
C01975;CLI01127;22/07/2024;Zona Leste;Loja física;5231,47;10;523,15;Vila Progresso;F;54;3079,31;Quitado;15/03/2026
C01976;CLI02584;19/04/2025;Online;Site;2039,27;10;203,93;Bela Vista;F;37;4598,04;Inadimplente;15/03/2026
C01977;CLI02359;12/10/2024;Centro;Site;1210,17;10;121,02;Jardim América;M;56;3877,94;Quitado;15/03/2026
C01978;CLI01947;23/10/2025;Zona Leste;Televendas;1621,16;18;90,06;Centro;F;34;2497,23;Em dia;15/03/2026
C01979;CLI01892;26/04/2025;Zona Leste;Loja física;1782,07;18;99,0;Vila Progresso;F;46;4796,15;Em dia;15/03/2026
C01980;CLI01005;26/09/2025;Centro;Loja física;1407,94;10;140,79;Bela Vista;F;45;4353,16;Em dia;15/03/2026
C01981;CLI01049;22/09/2025;Centro;Site;2172,22;12;181,02;Parque das Flores;M;37;1626,8;Em dia;15/03/2026
C01982;CLI02152;25/06/2024;Zona Leste;Loja física;5193,44;12;432,79;Bela Vista;F;47;1952,5;Quitado;15/03/2026
C01983;CLI00104;12/12/2024;Shopping Norte;Loja física;4114,41;10;411,44;Cidade Nova;F;30;2127,95;Inadimplente;15/03/2026
C01984;CLI00762;09/03/2025;Zona Leste;Loja física;2748,83;18;152,71;Bela Vista;F;51;4694,77;Inadimplente;15/03/2026
C01985;CLI01153;04/05/2025;Zona Leste;Loja física;1856,49;6;309,42;Cidade Nova;F;32;5217,8;Quitado;15/03/2026
C01987;CLI00548;31/05/2025;Shopping Norte;Loja física;2501,09;12;208,42;Vila Progresso;F;27;3133,8;Inadimplente;15/03/2026
C01988;CLI00249;14/06/2025;Centro;Loja física;1481,45;18;82,3;Jardim Botânico;F;31;3789,92;Em dia;15/03/2026
C01990;CLI00973;31/12/2024;Online;Site;2679,54;10;267,95;Jardim Botânico;F;48;2719,77;Quitado;15/03/2026
C01991;CLI00279;22/09/2024;Centro;Loja física;907,33;10;90,73;Cidade Nova;F;77;4781,05;Quitado;15/03/2026
C01992;CLI02238;03/07/2025;Online;Televendas;3158,08;12;263,17;Parque das Flores;M;31;1410,3;Em dia;15/03/2026
C01993;CLI00579;25/06/2024;Shopping Norte;Loja física;1203,04;18;66,84;Parque das Flores;F;62;3423,35;Quitado;15/03/2026
C01994;CLI00405;01/05/2025;Centro;Loja física;1885,31;12;157,11;Parque das Flores;F;18;2095,43;Em dia;15/03/2026
C01995;CLI01011;30/03/2025;Zona Leste;Site;2971,1;6;495,18;Alto da Serra;F;67;2590,19;Inadimplente;15/03/2026
C01996;CLI01851;26/04/2025;Online;Loja física;891,86;6;148,64;Jardim América;F;26;1597,88;Inadimplente;15/03/2026
C01997;CLI02213;07/11/2024;Centro;Loja física;4561,65;10;456,16;Jardim América;M;43;2559,94;Inadimplente;15/03/2026
C01998;CLI02097;24/10/2025;Centro;Televendas;2270,98;18;126,17;Jardim Botânico;F;45;2687,44;Em dia;15/03/2026
C01999;CLI02077;10/10/2024;Shopping Norte;Loja física;1560,67;6;260,11;Centro;M;53;6253,92;Quitado;15/03/2026
C02000;CLI00628;05/10/2025;Shopping Norte;Loja física;867,05;12;72,25;Jardim Botânico;M;54;2843,38;Em dia;15/03/2026
C02001;CLI02485;16/06/2024;Shopping Norte;Loja física;4203,8;6;700,63;Jd. America;M;70;3143,62;Quitado;15/03/2026
C02002;CLI01413;07/08/2024;Zona Leste;Site;1258,47;10;125,85;Vila Progresso;F;48;2201,18;Quitado;15/03/2026
C02003;CLI02093;03/07/2025;Zona Leste;Site;4200,75;10;420,08;Jd. America;M;36;3871,21;Inadimplente;15/03/2026
C02004;CLI00601;19/07/2025;Centro;Site;1356,16;6;226,03;Vila Progresso;M;41;2706,17;Inadimplente;15/03/2026
C02005;CLI02523;22/12/2024;Zona Leste;Loja física;2497,57;6;416,26;Cidade Nova;F;53;1927,49;Inadimplente;15/03/2026
C02006;CLI02303;17/07/2025;Zona Leste;Site;1539,42;6;256,57;Bela Vista;F;37;3100,19;Quitado;15/03/2026
C02007;CLI02523;06/06/2025;Centro;Loja física;3300,17;6;550,03;Centro;M;34;3335,7;Quitado;15/03/2026
C02008;CLI01928;11/08/2025;Centro;Loja física;2422,55;10;242,26;Centro;M;58;4120,02;Inadimplente;15/03/2026
C02009;CLI01264;21/06/2025;Zona Leste;Loja física;882,31;12;73,53;Vila Progresso;M;54;1932,99;Inadimplente;15/03/2026
C02010;CLI01485;15/10/2024;Shopping Norte;Loja física;3830,97;12;319,25;Cidade Nova;F;32;2769,59;Quitado;15/03/2026
C02011;CLI01232;02/11/2025;Centro;Loja física;4528,23;18;251,57;Jardim Botânico;F;33;2889,92;Inadimplente;15/03/2026
C02012;CLI01390;11/03/2025;Shopping Norte;Site;1587,84;12;132,32;Jardim América;M;51;2419,47;Inadimplente;15/03/2026
C02013;CLI02682;13/05/2025;Online;Loja física;2514,18;18;139,68;Parque das Flores;F;49;1565,38;Em dia;15/03/2026
C02014;CLI00636;18/10/2025;Shopping Norte;Site;3298,84;18;183,27;Jardim Botânico;F;46;2432,41;Em dia;15/03/2026
C02015;CLI01079;11/10/2024;Centro;Loja física;794,91;12;66,24;Bela Vista;F;73;4317,92;Quitado;15/03/2026
C02016;CLI01886;28/04/2025;Zona Leste;Televendas;3517,5;18;195,42;Cidade Nova;F;21;2762,04;Em dia;15/03/2026
C02017;CLI02707;20/08/2025;Centro;Site;1945,73;10;194,57;Alto da Serra;M;51;1983,76;Inadimplente;15/03/2026
C02018;CLI00137;08/06/2025;Shopping Norte;Loja física;2172,16;12;181,01;Jardim América;M;34;3680,98;Em dia;15/03/2026
C02019;CLI00256;14/12/2024;Centro;Site;608,15;24;25,34;Cidade Nova;M;31;1777,0;Inadimplente;15/03/2026
C02020;CLI02208;08/08/2025;Zona Leste;Loja física;3996,08;18;222,0;Vila Progresso;M;22;3278,34;Em dia;15/03/2026
C02021;CLI01201;10/11/2025;Zona Leste;Loja física;2713,94;12;226,16;Cidade Nova;F;22;900,0;Inadimplente;15/03/2026
C02022;CLI01196;05/09/2024;Centro;Site;1821,37;18;101,19;Jardim América;M;35;4361,82;Inadimplente;15/03/2026
C02023;CLI02521;16/07/2024;Zona Leste;Site;1904,19;12;158,68;Bela Vista;F;50;3025,78;Quitado;15/03/2026
C02024;CLI00148;10/07/2025;Shopping Norte;Loja física;1883,54;10;188,35;Vila Progresso;F;39;1908,18;Inadimplente;15/03/2026
C02025;CLI02000;20/02/2025;Shopping Norte;Televendas;2980,79;6;496,8;Jardim América;M;54;3569,48;Quitado;15/03/2026
C02026;CLI00952;19/03/2025;Shopping Norte;Site;1637,3;10;163,73;Jardim América;F;27;2577,89;Quitado;15/03/2026
C02028;CLI01057;19/06/2025;Shopping Norte;Site;2665,21;12;222,1;Jardim Botânico;F;28;3150,53;Inadimplente;15/03/2026
C02029;CLI01561;17/11/2024;Online;Loja física;1773,74;10;177,37;Parque das Flores;F;26;3180,58;Quitado;15/03/2026
C02030;CLI00669;07/06/2025;Zona Leste;Televendas;963,65;24;40,15;Alto da Serra;F;56;4471,16;Em dia;15/03/2026
C02031;CLI00503;02/09/2025;Shopping Norte;Televendas;748,87;18;41,6;Cidade Nova;F;50;3722,38;Em dia;15/03/2026
C02032;CLI01525;27/09/2025;Centro;Loja física;2824,56;24;117,69;Parque das Flores;F;59;4395,38;Inadimplente;15/03/2026
C02033;CLI01275;26/08/2024;Zona Leste;Loja física;1568,13;10;156,81;Cidade Nova;M;21;981,62;Quitado;15/03/2026
C02034;CLI01844;11/11/2024;Online;Site;3138,9;18;174,38;Parque das Flores;F;32;4296,45;Em dia;15/03/2026
C02035;CLI01390;06/05/2025;Zona Leste;Loja física;4506,22;24;187,76;Vila Progresso;F;30;4536,2;Inadimplente;15/03/2026
C02036;CLI01487;12/08/2025;Shopping Norte;Loja física;1015,6;18;56,42;Parque das Flores;F;29;2303,32;Inadimplente;15/03/2026
C02038;CLI00424;23/02/2025;Shopping Norte;Site;2955,12;24;123,13;Vila Progresso;F;29;3128,28;Em dia;15/03/2026
C02039;CLI00162;13/03/2025;Centro;Loja física;1816,46;18;100,91;Vila Progresso;M;62;1758,11;Em dia;15/03/2026
C02040;CLI02318;20/12/2024;Zona Leste;Loja física;2012,24;12;167,69;Jd. America;M;32;2633,38;Quitado;15/03/2026
C02041;CLI01952;17/10/2024;Shopping Norte;Televendas;1322,66;6;220,44;Jardim América;M;45;4941,13;Quitado;15/03/2026
C02043;CLI02195;27/08/2024;Centro;Loja física;5279,42;12;439,95;Vila Progresso;F;40;2434,5;Inadimplente;15/03/2026
C02044;CLI02725;20/01/2025;Centro;Loja física;973,71;10;97,37;Cidade Nova;F;37;2723,44;Inadimplente;15/03/2026
C02045;CLI01031;19/08/2025;Zona Leste;Loja física;2316,87;6;386,14;Centro;M;50;2216,09;Inadimplente;15/03/2026
C02046;CLI01559;29/03/2025;Centro;Site;3837,92;24;159,91;Parque das Flores;M;18;2080,9;Inadimplente;15/03/2026
C02047;CLI00159;13/05/2025;Online;Site;1815,08;18;100,84;Jardim América;F;45;3554,57;Em dia;15/03/2026
C02048;CLI02464;01/09/2025;Online;Loja física;1038,55;18;57,7;Parque das Flores;M;38;2108,33;Em dia;15/03/2026
C02049;CLI00530;02/09/2024;Online;Televendas;1237,89;12;103,16;Jardim Botânico;F;30;1735,83;Inadimplente;15/03/2026
C02051;CLI00840;14/08/2025;Shopping Norte;Loja física;1572,07;12;131,01;Jardim Botânico;F;25;6182,14;Inadimplente;15/03/2026
C02052;CLI01260;20/09/2024;Centro;Loja física;982,77;12;81,9;Cidade Nova;M;48;2159,08;Quitado;15/03/2026
C02053;CLI00073;03/02/2025;Zona Leste;Loja física;838,51;10;83,85;Parque das Flores;F;43;8729,88;Quitado;15/03/2026
C02054;CLI02160;19/06/2024;Centro;Televendas;1807,18;12;150,6;Jardim América;M;25;2734,03;Quitado;15/03/2026
C02055;CLI01607;29/11/2024;Shopping Norte;Loja física;1506,36;10;150,64;Parque das Flores;F;45;4252,2;Inadimplente;15/03/2026
C02056;CLI01653;19/05/2025;Zona Leste;Loja física;3906,84;10;390,68;Jardim América;M;49;3085,05;Quitado;15/03/2026
C02057;CLI00413;07/06/2025;Zona Leste;Loja física;1912,32;24;79,68;Jardim América;M;22;5316,16;Inadimplente;15/03/2026
C02058;CLI02667;16/08/2025;Centro;Loja física;3026,65;12;252,22;Jd. America;F;31;6283,69;Em dia;15/03/2026
C02059;CLI01734;21/06/2025;Centro;Televendas;2525,34;24;105,22;Jardim Botânico;F;66;2510,29;Em dia;15/03/2026
C02060;CLI02699;10/01/2025;Online;Loja física;1669,72;12;139,14;Vila Progresso;M;63;2450,07;Quitado;15/03/2026
C02061;CLI00944;13/01/2025;Zona Leste;Site;1817,02;10;181,7;Vila Progresso;F;52;1756,51;Inadimplente;15/03/2026
C02062;CLI02524;09/06/2025;Centro;Loja física;1356,51;18;75,36;Centro;F;51;2215,54;Inadimplente;15/03/2026
C02063;CLI00844;14/04/2025;Centro;Loja física;2436,34;6;406,06;Vila Progresso;M;61;6286,94;Quitado;15/03/2026
C02064;CLI00473;12/07/2024;Centro;Loja física;2692,55;18;149,59;Jardim Botânico;M;37;2622,04;Inadimplente;15/03/2026
C02065;CLI02064;21/01/2025;Zona Leste;Loja física;1192,49;6;198,75;Vila Progresso;F;30;7121,45;Quitado;15/03/2026
C02066;CLI02284;02/09/2024;Shopping Norte;Loja física;2368,99;10;236,9;Jd. America;M;54;3631,62;Quitado;15/03/2026
C02067;CLI00324;21/06/2025;Centro;Televendas;1146,44;18;63,69;Bela Vista;M;51;2050,57;Em dia;15/03/2026
C02068;CLI02237;31/08/2025;Shopping Norte;Site;4616,06;10;461,61;Parque das Flores;F;28;7314,28;Em dia;15/03/2026
C02069;CLI02360;30/08/2024;Shopping Norte;Loja física;1435,46;10;143,55;Centro;M;42;2458,24;Inadimplente;15/03/2026
C02071;CLI01826;07/08/2024;Shopping Norte;Site;943,81;10;94,38;Vila Progresso;M;53;2793,85;Quitado;15/03/2026
C02072;CLI01975;08/10/2024;Centro;Loja física;2581,97;24;107,58;Parque das Flores;F;41;2847,66;Em dia;15/03/2026
C02073;CLI00229;13/09/2024;Centro;Televendas;1330,99;6;221,83;Vila Progresso;M;18;3714,07;Quitado;15/03/2026
C02074;CLI01100;01/03/2025;Centro;Loja física;2515,89;24;104,83;Centro;F;35;2240,03;Inadimplente;15/03/2026
C02075;CLI00293;15/10/2024;Online;Site;1784,59;18;99,14;Vila Progresso;F;40;4511,21;Em dia;15/03/2026
C02076;CLI01309;25/08/2025;Zona Leste;Loja física;505,44;10;50,54;Centro;M;61;3423,85;Em dia;15/03/2026
C02077;CLI01963;26/11/2024;Zona Leste;Loja física;2155,7;12;179,64;Vila Progresso;M;25;2869,18;Quitado;15/03/2026
C02078;CLI00548;14/02/2025;Centro;Loja física;2010,62;24;83,78;Vila Progresso;M;34;3700,29;Em dia;15/03/2026
C02079;CLI02099;29/06/2024;Centro;Loja física;1386,75;24;57,78;Jd. America;M;51;3781,55;Em dia;15/03/2026
C02080;CLI01332;30/06/2025;Zona Leste;Loja física;1620,15;12;135,01;Jardim América;F;23;2646,71;Em dia;15/03/2026
C02081;CLI01726;02/08/2024;Zona Leste;Loja física;1516,54;18;84,25;Cidade Nova;F;42;2303,01;Inadimplente;15/03/2026
C02082;CLI01154;07/09/2025;Zona Leste;Loja física;2066,29;24;86,1;Jardim América;F;54;3859,3;Inadimplente;15/03/2026
C02083;CLI02208;15/08/2024;Shopping Norte;Televendas;2185,23;12;182,1;Centro;F;20;3546,99;Inadimplente;15/03/2026
C02084;CLI00627;01/03/2025;Shopping Norte;Loja física;1010,39;10;101,04;Cidade Nova;M;45;2116,74;Quitado;15/03/2026
C02085;CLI00973;02/12/2024;Centro;Loja física;1302,64;10;130,26;Centro;F;38;3690,29;Quitado;15/03/2026
C02088;CLI02754;23/07/2024;Zona Leste;Loja física;3234,15;12;269,51;Jardim América;F;47;2994,5;Quitado;15/03/2026
C02089;CLI01440;23/10/2025;Centro;Televendas;4657,78;24;194,07;Bela Vista;F;63;2580,74;Inadimplente;15/03/2026
C02090;CLI00253;06/09/2024;Centro;Loja física;677,24;10;67,72;Parque das Flores;F;32;3283,69;Inadimplente;15/03/2026
C02091;CLI02192;23/08/2025;Shopping Norte;Televendas;11382,59;12;948,55;Jardim América;F;58;2595,21;Inadimplente;15/03/2026
C02093;CLI01993;21/04/2025;Shopping Norte;Site;2437,65;12;203,14;Centro;M;39;1780,0;Inadimplente;15/03/2026
C02094;CLI01560;16/07/2024;Zona Leste;Loja física;2825,6;12;235,47;Jardim América;M;56;3374,92;Inadimplente;15/03/2026
C02095;CLI01910;27/07/2024;Zona Leste;Loja física;1481,3;12;123,44;Centro;M;40;2033,84;Quitado;15/03/2026
C02097;CLI01822;01/11/2024;Centro;Televendas;1226,21;12;102,18;Bela Vista;M;35;5047,73;Inadimplente;15/03/2026
C02098;CLI00558;05/06/2025;Online;Loja física;2359,73;6;393,29;Cidade Nova;M;53;4555,59;Quitado;15/03/2026
C02099;CLI00480;22/08/2025;Zona Leste;Loja física;1379,14;12;114,93;Parque das Flores;F;33;4026,12;Em dia;15/03/2026
C02100;CLI01050;27/11/2024;Centro;Loja física;1099,95;24;45,83;Cidade Nova;F;34;2925,53;Em dia;15/03/2026
C02101;CLI00364;08/03/2025;Zona Leste;Site;1908,94;12;159,08;Jardim América;M;43;7243,37;Quitado;15/03/2026
C02102;CLI01402;26/11/2024;Zona Leste;Televendas;2237,1;10;223,71;Vila Progresso;F;52;3042,33;Inadimplente;15/03/2026
C02103;CLI01715;20/08/2024;Online;Loja física;484,96;10;48,5;Parque das Flores;F;45;2023,06;Inadimplente;15/03/2026
C02104;CLI00730;15/06/2024;Centro;Televendas;1294,8;10;129,48;Centro;M;39;3056,23;Em dia;15/03/2026
C02105;CLI01807;31/12/2024;Centro;Loja física;1106,6;10;110,66;Jd. America;M;32;2196,93;Quitado;15/03/2026
C02106;CLI00194;12/03/2025;Online;Loja física;2298,04;6;383,01;Jardim América;F;28;3694,52;Quitado;15/03/2026
C02107;CLI00021;10/12/2024;Centro;Loja física;1715,82;18;95,32;Jd. America;F;73;2360,9;Inadimplente;15/03/2026
C02108;CLI01491;14/02/2025;Shopping Norte;Loja física;2198,21;6;366,37;Cidade Nova;M;18;2308,41;Inadimplente;15/03/2026
C02109;CLI00271;10/01/2025;Shopping Norte;Loja física;4338,0;18;241,0;Parque das Flores;F;49;2513,03;Inadimplente;15/03/2026
C02110;CLI00074;15/01/2025;Online;Loja física;1525,61;12;127,13;Jardim Botânico;M;28;3360,86;Quitado;15/03/2026
C02111;CLI01796;17/07/2025;Zona Leste;Televendas;1696,05;12;141,34;Centro;F;39;2233,43;Em dia;15/03/2026
C02113;CLI00400;21/06/2024;Centro;Loja física;3485,36;6;580,89;Cidade Nova;F;51;1636,88;Inadimplente;15/03/2026
C02114;CLI02688;10/02/2025;Online;Loja física;2459,66;10;245,97;Jardim América;F;18;3011,49;Inadimplente;15/03/2026
C02115;CLI02629;23/11/2024;Shopping Norte;Loja física;1009,15;12;84,1;Alto da Serra;F;18;2564,2;Quitado;15/03/2026
C02117;CLI00363;26/06/2025;Shopping Norte;Televendas;2423,57;6;403,93;Vila Progresso;M;66;4353,75;Quitado;15/03/2026
C02119;CLI00003;21/09/2025;Centro;Loja física;598,37;6;99,73;Bela Vista;M;45;2864,2;Inadimplente;15/03/2026
C02120;CLI02194;13/09/2025;Zona Leste;Loja física;1856,62;12;154,72;Cidade Nova;M;28;2875,55;Em dia;15/03/2026
C02121;CLI00807;04/09/2025;Zona Leste;Loja física;1198,0;18;66,56;Cidade Nova;F;66;5622,85;Em dia;15/03/2026
C02122;CLI00972;06/08/2024;Shopping Norte;Loja física;1081,18;6;180,2;Jardim América;F;19;2298,97;Inadimplente;15/03/2026
C02123;CLI00529;13/11/2025;Zona Leste;Televendas;2678,35;12;223,2;Jd. America;M;46;2592,83;Inadimplente;15/03/2026
C02124;CLI01325;12/02/2025;Zona Leste;Loja física;2337,28;18;129,85;Alto da Serra;M;28;3075,5;Em dia;15/03/2026
C02125;CLI02446;30/03/2025;Centro;Site;3821,65;6;636,94;Bela Vista;M;38;2305,83;Inadimplente;15/03/2026
C02126;CLI02562;07/09/2025;Online;Loja física;2737,45;24;114,06;Parque das Flores;F;38;1718,35;Em dia;15/03/2026
C02127;CLI01118;15/06/2025;Online;Loja física;4005,09;10;400,51;Bela Vista;M;38;2272,05;Inadimplente;15/03/2026
C02128;CLI01673;04/03/2025;Online;Loja física;1080,79;6;180,13;Bela Vista;F;45;1673,33;Quitado;15/03/2026
C02131;CLI00216;28/04/2025;Zona Leste;Loja física;2038,3;24;84,93;Parque das Flores;F;45;7874,76;Inadimplente;15/03/2026
C02132;CLI00885;19/08/2025;Centro;Televendas;479,07;6;79,84;Alto da Serra;M;51;2406,57;Quitado;15/03/2026
C02133;CLI00153;07/08/2025;Centro;Loja física;5429,01;18;301,61;Parque das Flores;M;36;1256,27;Inadimplente;15/03/2026
C02134;CLI02245;21/05/2025;Zona Leste;Loja física;556,88;18;30,94;Vila Progresso;F;50;3196,57;Em dia;15/03/2026
C02137;CLI02311;25/09/2025;Zona Leste;Loja física;3886,53;6;647,76;Alto da Serra;M;18;2476,68;Inadimplente;15/03/2026
C02138;CLI01270;09/08/2024;Centro;Televendas;1311,78;12;109,32;Jd. America;M;33;2552,15;Inadimplente;15/03/2026
C02139;CLI01516;06/07/2024;Centro;Loja física;1180,88;12;98,41;Parque das Flores;M;44;4578,79;Quitado;15/03/2026
C02140;CLI00918;08/08/2025;Zona Leste;Televendas;1862,64;24;77,61;Cidade Nova;F;66;2836,49;Inadimplente;15/03/2026
C02141;CLI00149;01/04/2025;Zona Leste;Site;2074,34;10;207,43;Bela Vista;F;57;2584,27;Inadimplente;15/03/2026
C02142;CLI02036;23/06/2025;Shopping Norte;Loja física;1212,94;6;202,16;Centro;F;38;2093,3;Inadimplente;15/03/2026
C02143;CLI00770;14/10/2024;Zona Leste;Site;3620,5;18;201,14;Jd. America;F;61;1212,45;Inadimplente;15/03/2026
C02144;CLI00921;03/01/2025;Zona Leste;Loja física;3215,6;24;133,98;Parque das Flores;F;43;2511,82;Em dia;15/03/2026
C02145;CLI01160;02/03/2025;Zona Leste;Loja física;1517,0;10;151,7;Jardim Botânico;M;38;3285,88;Quitado;15/03/2026
C02146;CLI01780;15/03/2025;Centro;Site;1944,98;10;194,5;Jardim América;M;45;1332,66;Inadimplente;15/03/2026
C02147;CLI01571;07/05/2025;Centro;Loja física;1029,04;12;85,75;Jd. America;M;60;5178,72;Em dia;15/03/2026
C02148;CLI00556;21/07/2025;Centro;Loja física;2917,45;24;121,56;Centro;M;47;2833,25;Em dia;15/03/2026
C02149;CLI01199;19/09/2025;Online;Loja física;1292,21;18;71,79;Centro;M;53;3779,74;Inadimplente;15/03/2026
C02150;CLI00084;11/05/2025;Shopping Norte;Site;1465,47;18;81,42;Vila Progresso;F;30;1300,6;Em dia;15/03/2026
C02151;CLI00269;06/10/2025;Online;Loja física;2253,06;12;187,76;Bela Vista;F;55;4403,15;Em dia;15/03/2026
C02152;CLI01309;26/02/2025;Zona Leste;Loja física;1365,21;12;113,77;Jardim Botânico;F;29;4299,4;Inadimplente;15/03/2026
C02154;CLI01380;24/10/2024;Centro;Loja física;1566,14;12;130,51;Vila Progresso;F;46;6007,29;Quitado;15/03/2026
C02155;CLI01260;23/01/2025;Centro;Loja física;1878,44;6;313,07;Alto da Serra;F;18;2075,7;Quitado;15/03/2026
C02156;CLI00322;24/07/2024;Zona Leste;Site;1717,84;12;143,15;Jardim Botânico;F;23;5144,86;Quitado;15/03/2026
C02157;CLI00773;08/09/2024;Centro;Televendas;2088,36;12;174,03;Cidade Nova;M;48;2852,77;Inadimplente;15/03/2026
C02158;CLI00513;08/11/2024;Online;Site;1153,36;18;64,08;Alto da Serra;F;32;6503,78;Inadimplente;15/03/2026
C02159;CLI00076;29/07/2024;Shopping Norte;Loja física;824,15;10;82,42;Vila Progresso;M;41;3607,38;Inadimplente;15/03/2026
C02161;CLI01438;31/07/2025;Online;Televendas;939,75;12;78,31;Parque das Flores;F;35;2408,54;Inadimplente;15/03/2026
C02162;CLI01551;28/03/2025;Centro;Televendas;1577,89;12;131,49;Bela Vista;F;30;2339,41;Em dia;15/03/2026
C02163;CLI01358;01/08/2024;Shopping Norte;Televendas;4699,22;12;391,6;Cidade Nova;F;48;2531,41;Quitado;15/03/2026
C02165;CLI00620;16/07/2024;Centro;Televendas;2228,78;12;185,73;Cidade Nova;M;56;1670,62;Quitado;15/03/2026
C02166;CLI00380;10/11/2024;Zona Leste;Loja física;2605,07;12;217,09;Parque das Flores;F;41;1413,41;Quitado;15/03/2026
C02167;CLI01303;30/11/2024;Centro;Loja física;3343,25;6;557,21;Jardim Botânico;F;47;1347,0;Inadimplente;15/03/2026
C02168;CLI00972;11/09/2025;Shopping Norte;Loja física;905,94;24;37,75;Cidade Nova;M;61;7033,64;Em dia;15/03/2026
C02169;CLI02023;14/11/2025;Shopping Norte;Site;3235,44;18;179,75;Jardim Botânico;F;44;2519,23;Em dia;15/03/2026
C02170;CLI02282;16/08/2024;Centro;Televendas;879,66;12;73,3;Jardim Botânico;M;41;2206,79;Quitado;15/03/2026
C02172;CLI02769;04/06/2025;Centro;Site;2029,97;24;84,58;Jardim Botânico;M;32;4036,03;Em dia;15/03/2026
C02173;CLI01160;12/04/2025;Centro;Loja física;2285,33;24;95,22;Parque das Flores;F;41;7306,78;Em dia;15/03/2026
C02174;CLI00261;02/02/2025;Centro;Site;1976,29;10;197,63;Parque das Flores;F;30;2482,71;Quitado;15/03/2026
C02175;CLI01886;29/04/2025;Shopping Norte;Loja física;865,53;10;86,55;Jardim América;M;18;3780,94;Quitado;15/03/2026
C02176;CLI01719;18/07/2025;Online;Site;1585,14;12;132,1;Parque das Flores;M;33;3037,85;Inadimplente;15/03/2026
C02177;CLI00485;03/09/2024;Shopping Norte;Loja física;1106,37;12;92,2;Parque das Flores;M;24;3074,64;Inadimplente;15/03/2026
C02178;CLI01637;14/11/2025;Shopping Norte;Loja física;695,24;6;115,87;Cidade Nova;F;18;4807,6;Em dia;15/03/2026
C02179;CLI00810;08/03/2025;Zona Leste;Loja física;3463,41;10;346,34;Alto da Serra;M;51;1264,84;Inadimplente;15/03/2026
C02181;CLI00953;08/07/2025;Zona Leste;Loja física;2433,04;10;243,3;Centro;F;35;1728,53;Em dia;15/03/2026
C02182;CLI00276;05/10/2025;Shopping Norte;Site;1098,38;12;91,53;Cidade Nova;M;34;2121,57;Inadimplente;15/03/2026
C02183;CLI00659;08/03/2025;Zona Leste;Site;5811,17;6;968,53;Jardim Botânico;F;33;2281,61;Inadimplente;15/03/2026
C02184;CLI00452;30/10/2025;Zona Leste;Loja física;2272,82;12;189,4;Bela Vista;M;48;1455,11;Em dia;15/03/2026
C02185;CLI00651;19/12/2024;Zona Leste;Loja física;3469,01;6;578,17;Parque das Flores;F;33;1768,58;Inadimplente;15/03/2026
C02187;CLI00227;15/07/2024;Zona Leste;Loja física;1312,07;24;54,67;Bela Vista;M;28;5032,98;Em dia;15/03/2026
C02189;CLI01936;18/10/2024;Centro;Loja física;2613,81;18;145,21;Jardim América;F;46;3752,25;Inadimplente;15/03/2026
C02191;CLI01261;29/10/2024;Zona Leste;Loja física;1439,35;12;119,95;Parque das Flores;M;46;4520,65;Quitado;15/03/2026
C02192;CLI00286;18/05/2025;Zona Leste;Loja física;1817,9;10;181,79;Jd. America;M;46;3137,55;Quitado;15/03/2026
C02193;CLI01331;13/09/2024;Zona Leste;Loja física;789,32;12;65,78;Vila Progresso;M;70;5583,35;Inadimplente;15/03/2026
C02194;CLI01144;04/08/2025;Online;Loja física;4263,14;12;355,26;Parque das Flores;M;56;1336,13;Inadimplente;15/03/2026
C02195;CLI01748;27/07/2025;Centro;Loja física;1454,81;10;145,48;Centro;F;40;2050,01;Inadimplente;15/03/2026
C02196;CLI00948;27/07/2024;Centro;Televendas;1897,39;18;105,41;Jardim Botânico;M;46;1055,58;Inadimplente;15/03/2026
C02197;CLI01082;11/07/2025;Centro;Site;913,17;6;152,2;Parque das Flores;F;23;4106,57;Quitado;15/03/2026
C02198;CLI00356;11/11/2025;Centro;Loja física;1988,81;18;110,49;Parque das Flores;F;31;1693,24;Em dia;15/03/2026
C02199;CLI01301;27/10/2025;Zona Leste;Televendas;618,13;18;34,34;Parque das Flores;M;20;1680,61;Em dia;15/03/2026
C02201;CLI00090;13/04/2025;Zona Leste;Loja física;1227,55;10;122,76;Cidade Nova;M;27;1576,87;Quitado;15/03/2026
C02202;CLI00456;08/10/2024;Zona Leste;Televendas;2349,34;24;97,89;Jardim América;F;27;1695,88;Inadimplente;15/03/2026
C02203;CLI02123;31/10/2025;Shopping Norte;Site;1041,34;10;104,13;Centro;M;48;1931,47;Em dia;15/03/2026
C02205;CLI00686;17/10/2025;Shopping Norte;Loja física;2657,42;24;110,73;Centro;M;40;2346,97;Em dia;15/03/2026
C02206;CLI01991;03/04/2025;Centro;Loja física;766,35;12;63,86;Alto da Serra;M;27;1428,79;Em dia;15/03/2026
C02207;CLI01613;06/12/2024;Shopping Norte;Site;4294,95;6;715,82;Vila Progresso;M;32;2240,06;Inadimplente;15/03/2026
C02208;CLI00681;13/06/2025;Zona Leste;Site;3076,52;18;170,92;Alto da Serra;M;22;2730,2;Em dia;15/03/2026
C02209;CLI02359;12/05/2025;Shopping Norte;Loja física;2369,51;10;236,95;Cidade Nova;M;28;1830,81;Quitado;15/03/2026
C02210;CLI00499;22/10/2025;Shopping Norte;Loja física;5617,15;6;936,19;Alto da Serra;F;44;2642,42;Inadimplente;15/03/2026
C02211;CLI02670;16/12/2024;Online;Televendas;1459,1;18;81,06;Alto da Serra;F;41;3998,57;Inadimplente;15/03/2026
C02212;CLI02423;09/12/2024;Online;Televendas;2661,82;12;221,82;Parque das Flores;M;65;4312,96;Quitado;15/03/2026
C02213;CLI00816;18/07/2025;Centro;Televendas;2523,13;18;140,17;Centro;F;37;4068,21;Inadimplente;15/03/2026
C02214;CLI02104;06/01/2025;Centro;Loja física;641,11;18;35,62;Jardim América;F;18;2107,71;Em dia;15/03/2026
C02215;CLI02133;14/08/2024;Zona Leste;Loja física;1339,25;12;111,6;Centro;M;41;3969,97;Quitado;15/03/2026
C02216;CLI01269;12/10/2024;Zona Leste;Loja física;1332,79;10;133,28;Centro;F;44;3995,7;Inadimplente;15/03/2026
C02217;CLI01094;21/06/2024;Zona Leste;Loja física;1368,59;12;114,05;Bela Vista;M;38;3488,15;Quitado;15/03/2026
C02218;CLI00793;26/10/2025;Online;Site;1521,25;24;63,39;Vila Progresso;F;55;2196,53;Inadimplente;15/03/2026
C02219;CLI02475;19/10/2024;Centro;Loja física;564,75;12;47,06;Bela Vista;M;43;1959,75;Inadimplente;15/03/2026
C02220;CLI02360;09/04/2025;Centro;Site;3320,96;12;276,75;Centro;M;38;2278,24;Em dia;15/03/2026
C02222;CLI02718;13/11/2024;Shopping Norte;Loja física;1291,47;10;129,15;Centro;M;56;1934,08;Quitado;15/03/2026
C02224;CLI01144;05/02/2025;Centro;Loja física;1282,75;10;128,28;Cidade Nova;M;34;2567,03;Inadimplente;15/03/2026
C02226;CLI01990;20/03/2025;Centro;Loja física;1440,34;24;60,01;Vila Progresso;M;49;4080,52;Inadimplente;15/03/2026
C02227;CLI02418;27/05/2025;Centro;Televendas;1605,68;12;133,81;Cidade Nova;F;35;2125,54;Em dia;15/03/2026
C02229;CLI02386;24/07/2025;Centro;Loja física;1855,39;6;309,23;Jd. America;M;72;2558,07;Quitado;15/03/2026
C02231;CLI00703;29/09/2024;Centro;Televendas;380,0;18;21,11;Vila Progresso;F;43;2743,84;Inadimplente;15/03/2026
C02232;CLI00889;27/10/2024;Online;Loja física;4062,54;6;677,09;Cidade Nova;M;25;3860,32;Quitado;15/03/2026
C02233;CLI02043;20/06/2025;Online;Loja física;3712,17;12;309,35;Cidade Nova;F;49;3152,62;Inadimplente;15/03/2026
C02234;CLI02496;10/02/2025;Shopping Norte;Loja física;2979,99;18;165,55;Vila Progresso;F;29;2645,86;Em dia;15/03/2026
C02235;CLI00055;26/10/2024;Zona Leste;Loja física;380,0;10;38,0;Jd. America;F;47;2875,02;Em dia;15/03/2026
C02236;CLI01598;07/07/2024;Zona Leste;Loja física;4291,93;24;178,83;Bela Vista;F;55;2631,92;Inadimplente;15/03/2026
C02237;CLI00168;24/12/2024;Shopping Norte;Loja física;1544,7;10;154,47;Vila Progresso;F;60;5042,1;Inadimplente;15/03/2026
C02238;CLI00027;17/01/2025;Shopping Norte;Loja física;974,11;12;81,18;Bela Vista;M;40;4932,7;Quitado;15/03/2026
C02239;CLI02053;03/01/2025;Shopping Norte;Site;928,98;12;77,42;Centro;F;20;3205,65;Quitado;15/03/2026
C02240;CLI00101;29/09/2025;Centro;Loja física;3353,91;12;279,49;Centro;F;25;1657,99;Inadimplente;15/03/2026
C02242;CLI00209;26/08/2025;Centro;Loja física;2708,85;12;225,74;Jardim Botânico;M;31;4352,53;Em dia;15/03/2026
C02243;CLI01569;26/06/2025;Centro;Site;534,5;10;53,45;Vila Progresso;F;40;1166,49;Inadimplente;15/03/2026
C02244;CLI01984;21/11/2024;Shopping Norte;Loja física;1841,01;12;153,42;Jd. America;M;40;2085,75;Quitado;15/03/2026
C02245;CLI01277;28/03/2025;Centro;Site;678,13;10;67,81;Vila Progresso;M;18;2774,94;Quitado;15/03/2026
C02246;CLI00289;06/04/2025;Online;Loja física;2308,28;10;230,83;Bela Vista;F;35;2219,15;Quitado;15/03/2026
C02247;CLI02309;16/08/2024;Zona Leste;Loja física;1596,22;24;66,51;Vila Progresso;M;43;6921,1;Em dia;15/03/2026
C02248;CLI00517;22/03/2025;Centro;Site;1120,81;24;46,7;Centro;F;27;2513,9;Inadimplente;15/03/2026
C02249;CLI02182;31/03/2025;Shopping Norte;Site;6333,36;12;527,78;Parque das Flores;M;42;2456,68;Inadimplente;15/03/2026
C02250;CLI01027;05/07/2024;Zona Leste;Loja física;1285,96;12;107,16;Alto da Serra;F;53;1842,98;Quitado;15/03/2026
C02251;CLI01684;25/08/2024;Online;Loja física;1631,79;10;163,18;Jardim América;M;40;3149,25;Quitado;15/03/2026
C02252;CLI01050;24/07/2024;Shopping Norte;Site;1323,79;18;73,54;Vila Progresso;F;42;2774,74;Inadimplente;15/03/2026
C02253;CLI02413;01/07/2025;Zona Leste;Loja física;506,61;6;84,44;Bela Vista;F;34;3555,81;Quitado;15/03/2026
C02254;CLI00853;25/09/2024;Online;Loja física;2059,89;18;114,44;Parque das Flores;M;46;1880,35;Em dia;15/03/2026
C02256;CLI01519;07/01/2025;Shopping Norte;Loja física;2156,33;12;179,69;Jd. America;F;43;2695,34;Quitado;15/03/2026
C02257;CLI02401;19/09/2025;Zona Leste;Loja física;2548,41;12;212,37;Centro;M;18;1837,38;Em dia;15/03/2026
C02258;CLI02453;03/09/2025;Centro;Loja física;1256,85;18;69,82;Cidade Nova;M;59;3692,04;Em dia;15/03/2026
C02259;CLI00117;09/07/2025;Online;Site;1559,44;6;259,91;Jardim Botânico;F;67;1977,86;Quitado;15/03/2026
C02260;CLI01339;23/06/2025;Zona Leste;Site;850,18;18;47,23;Jardim Botânico;F;29;5828,68;Inadimplente;15/03/2026
C02261;CLI01345;19/05/2025;Zona Leste;Loja física;3630,34;10;363,03;Cidade Nova;M;31;2353,15;Inadimplente;15/03/2026
C02262;CLI00026;18/09/2025;Centro;Site;1445,84;24;60,24;Jardim América;M;44;4764,47;Em dia;15/03/2026
C02263;CLI01658;21/10/2025;Zona Leste;Loja física;1460,08;12;121,67;Vila Progresso;M;31;3070,23;Em dia;15/03/2026
C02264;CLI01423;30/06/2025;Zona Leste;Loja física;4455,35;10;445,54;Vila Progresso;M;34;2073,78;Inadimplente;15/03/2026
C02265;CLI00862;06/06/2025;Centro;Site;1509,35;12;125,78;Vila Progresso;F;36;1856,59;Inadimplente;15/03/2026
C02267;CLI01312;19/04/2025;Zona Leste;Loja física;2203,16;10;220,32;Vila Progresso;F;40;2446,02;Quitado;15/03/2026
C02268;CLI00731;02/03/2025;Online;Loja física;1995,19;18;110,84;Jardim Botânico;F;40;3751,58;Em dia;15/03/2026
C02269;CLI02406;01/08/2024;Centro;Site;1927,91;12;160,66;Bela Vista;M;47;4806,13;Inadimplente;15/03/2026
C02270;CLI00862;01/08/2024;Centro;Televendas;2468,14;10;246,81;Alto da Serra;M;58;2185,2;Quitado;15/03/2026
C02271;CLI01998;28/10/2025;Zona Leste;Loja física;1698,45;18;94,36;Alto da Serra;M;31;1886,3;Em dia;15/03/2026
C02272;CLI02095;30/04/2025;Shopping Norte;Loja física;2160,34;24;90,01;Bela Vista;M;38;900,0;Em dia;15/03/2026
C02273;CLI00918;05/12/2024;Centro;Loja física;2831,93;10;283,19;Parque das Flores;F;30;4399,42;Inadimplente;15/03/2026
C02274;CLI00807;16/11/2024;Zona Leste;Loja física;1306,2;6;217,7;Centro;F;46;4394,72;Inadimplente;15/03/2026
C02275;CLI02184;19/06/2025;Shopping Norte;Site;1264,46;10;126,45;Bela Vista;F;47;2081,77;Inadimplente;15/03/2026
C02277;CLI00344;30/09/2025;Shopping Norte;Loja física;3459,54;10;345,95;Jd. America;F;28;6496,0;Em dia;15/03/2026
C02279;CLI02353;21/09/2025;Centro;Loja física;2342,65;24;97,61;Jardim Botânico;M;52;2555,25;Em dia;15/03/2026
C02280;CLI02324;16/06/2024;Shopping Norte;Loja física;10314,73;12;859,56;Jardim Botânico;F;27;2327,84;Inadimplente;15/03/2026
C02282;CLI01115;19/06/2025;Centro;Loja física;1840,17;12;153,35;Jardim Botânico;M;63;3622,04;Em dia;15/03/2026
C02284;CLI00416;26/07/2024;Shopping Norte;Televendas;743,76;18;41,32;Jardim América;F;45;5922,2;Inadimplente;15/03/2026
C02285;CLI02373;29/06/2024;Centro;Loja física;994,4;18;55,24;Bela Vista;M;43;2205,74;Quitado;15/03/2026
C02286;CLI00393;20/10/2024;Centro;Loja física;4140,15;24;172,51;Centro;M;56;2594,33;Em dia;15/03/2026
C02287;CLI00255;07/05/2025;Shopping Norte;Loja física;1439,4;10;143,94;Vila Progresso;F;64;4033,76;Quitado;15/03/2026
C02288;CLI01050;11/02/2025;Zona Leste;Site;2775,33;12;231,28;Jardim Botânico;F;22;2023,73;Quitado;15/03/2026
C02289;CLI01530;14/06/2025;Online;Televendas;1854,12;12;154,51;Vila Progresso;F;42;2678,71;Inadimplente;15/03/2026
C02290;CLI02177;22/01/2025;Centro;Site;3015,13;12;251,26;Bela Vista;F;59;3874,61;Quitado;15/03/2026
C02291;CLI02747;19/04/2025;Zona Leste;Loja física;2121,63;10;212,16;Jardim Botânico;M;44;2308,47;Inadimplente;15/03/2026
C02292;CLI01205;13/09/2025;Zona Leste;Televendas;1698,44;12;141,54;Cidade Nova;F;22;2848,7;Em dia;15/03/2026
C02293;CLI00149;21/03/2025;Shopping Norte;Loja física;5606,44;12;467,2;Centro;M;34;3791,15;Inadimplente;15/03/2026
C02294;CLI00261;09/07/2025;Zona Leste;Televendas;2373,49;10;237,35;Jardim América;F;45;1833,54;Inadimplente;15/03/2026
C02295;CLI00482;05/08/2024;Shopping Norte;Loja física;2711,16;24;112,96;Cidade Nova;F;54;2748,8;Em dia;15/03/2026
C02296;CLI01256;02/07/2025;Shopping Norte;Loja física;1212,43;6;202,07;Alto da Serra;M;27;2255,45;Quitado;15/03/2026
C02297;CLI02052;07/07/2025;Shopping Norte;Loja física;684,14;12;57,01;Jd. America;F;56;3514,25;Inadimplente;15/03/2026
C02298;CLI00060;15/07/2025;Zona Leste;Loja física;1742,58;10;174,26;Centro;M;52;1904,75;Quitado;15/03/2026
C02299;CLI01595;04/09/2024;Centro;Site;1917,75;12;159,81;Jardim América;F;37;3637,88;Quitado;15/03/2026
C02300;CLI02576;26/03/2025;Shopping Norte;Televendas;7992,24;18;444,01;Alto da Serra;M;70;2976,8;Inadimplente;15/03/2026
C02301;CLI02020;03/11/2025;Centro;Site;2559,72;18;142,21;Cidade Nova;M;43;2594,35;Em dia;15/03/2026
C02302;CLI01219;18/11/2024;Shopping Norte;Site;2234,28;12;186,19;Vila Progresso;F;30;2612,97;Inadimplente;15/03/2026
C02303;CLI01154;29/08/2025;Centro;Site;4933,11;6;822,18;Jardim América;F;67;1464,81;Inadimplente;15/03/2026
C02305;CLI02634;14/07/2024;Centro;Loja física;2727,45;24;113,64;Parque das Flores;M;38;2608,88;Em dia;15/03/2026
C02306;CLI02687;03/09/2024;Centro;Loja física;8174,1;12;681,18;Alto da Serra;F;29;2293,72;Inadimplente;15/03/2026
C02307;CLI02433;30/06/2025;Shopping Norte;Loja física;1712,9;10;171,29;Jardim Botânico;F;39;4052,36;Em dia;15/03/2026
C02308;CLI02404;02/12/2024;Shopping Norte;Loja física;6558,55;10;655,86;Jd. America;M;65;1057,93;Inadimplente;15/03/2026
C02310;CLI01793;27/07/2024;Zona Leste;Loja física;2958,07;10;295,81;Centro;F;24;5788,52;Inadimplente;15/03/2026
C02311;CLI02023;29/08/2024;Shopping Norte;Loja física;2172,27;18;120,68;Bela Vista;M;41;6952,96;Quitado;15/03/2026
C02312;CLI02168;11/10/2024;Zona Leste;Loja física;4288,03;10;428,8;Vila Progresso;M;38;3441,22;Inadimplente;15/03/2026
C02313;CLI00656;21/04/2025;Zona Leste;Loja física;3102,04;18;172,34;Jardim América;F;44;3198,0;Em dia;15/03/2026
C02314;CLI01396;09/07/2025;Zona Leste;Loja física;1163,93;24;48,5;Cidade Nova;M;45;2204,57;Em dia;15/03/2026
C02315;CLI02293;31/08/2025;Shopping Norte;Loja física;1981,47;18;110,08;Parque das Flores;M;61;5997,16;Em dia;15/03/2026
C02316;CLI00853;21/06/2024;Online;Site;1998,6;12;166,55;Cidade Nova;M;34;6882,28;Quitado;15/03/2026
C02317;CLI01123;01/01/2025;Zona Leste;Loja física;776,05;10;77,6;Jardim América;F;33;1311,04;Inadimplente;15/03/2026
C02318;CLI01185;18/12/2024;Centro;Loja física;1295,99;24;54,0;Bela Vista;M;48;3790,24;Quitado;15/03/2026
C02319;CLI01385;07/09/2024;Zona Leste;Loja física;723,22;10;72,32;Jardim América;M;51;1863,23;Em dia;15/03/2026
C02321;CLI01719;09/03/2025;Shopping Norte;Loja física;741,78;6;123,63;Centro;M;26;5369,76;Inadimplente;15/03/2026
C02322;CLI02694;18/11/2024;Shopping Norte;Loja física;7977,51;12;664,79;Vila Progresso;F;33;2008,32;Inadimplente;15/03/2026
C02323;CLI02361;15/09/2025;Shopping Norte;Loja física;1108,54;10;110,85;Centro;F;27;1968,1;Em dia;15/03/2026
C02324;CLI02754;30/10/2024;Centro;Loja física;2994,76;24;124,78;Vila Progresso;F;26;3015,19;Inadimplente;15/03/2026
C02325;CLI01775;21/06/2025;Online;Loja física;1171,87;6;195,31;Centro;M;41;3415,01;Quitado;15/03/2026
C02326;CLI02116;29/09/2025;Shopping Norte;Loja física;847,61;10;84,76;Centro;M;22;3860,22;Em dia;15/03/2026
C02327;CLI00675;19/12/2024;Shopping Norte;Loja física;2221,88;24;92,58;Jardim Botânico;M;35;2257,48;Em dia;15/03/2026
C02328;CLI02626;27/07/2024;Shopping Norte;Site;670,95;12;55,91;Jardim Botânico;M;59;2784,96;Quitado;15/03/2026
C02329;CLI02037;29/06/2025;Centro;Loja física;4272,32;12;356,03;Jd. America;M;48;2671,09;Em dia;15/03/2026
C02330;CLI01196;16/07/2025;Shopping Norte;Loja física;735,34;18;40,85;Centro;F;53;2075,37;Inadimplente;15/03/2026
C02331;CLI01933;22/11/2024;Online;Loja física;4198,56;12;349,88;Jardim América;M;28;5705,09;Inadimplente;15/03/2026
C02332;CLI01260;03/10/2024;Shopping Norte;Loja física;3603,26;18;200,18;Centro;M;44;2730,89;Em dia;15/03/2026
C02335;CLI00483;12/11/2024;Shopping Norte;Loja física;2184,49;10;218,45;Jardim Botânico;M;36;1837,2;Inadimplente;15/03/2026
C02337;CLI02586;07/11/2025;Centro;Loja física;5180,1;18;287,78;Jardim América;F;48;1558,31;Em dia;15/03/2026
C02338;CLI00172;22/09/2025;Zona Leste;Loja física;2511,92;18;139,55;Bela Vista;F;18;2644,64;Inadimplente;15/03/2026
C02339;CLI02747;03/09/2025;Centro;Site;1786,86;18;99,27;Jardim Botânico;F;50;3167,13;Em dia;15/03/2026
C02340;CLI01063;23/07/2024;Centro;Loja física;1748,29;10;174,83;Vila Progresso;M;41;3761,11;Inadimplente;15/03/2026
C02341;CLI02115;11/04/2025;Shopping Norte;Loja física;2890,18;12;240,85;Bela Vista;F;46;3616,06;Em dia;15/03/2026
C02342;CLI00228;21/05/2025;Centro;Loja física;1007,26;12;83,94;Cidade Nova;F;18;2962,49;Em dia;15/03/2026
C02343;CLI02706;01/07/2025;Shopping Norte;Loja física;829,21;12;69,1;Jardim Botânico;M;26;2169,55;Em dia;15/03/2026
C02344;CLI02305;05/09/2025;Online;Loja física;2019,63;18;112,2;Alto da Serra;F;45;2190,39;Em dia;15/03/2026
C02345;CLI01959;20/10/2025;Shopping Norte;Televendas;2533,73;10;253,37;Bela Vista;M;48;2679,5;Inadimplente;15/03/2026
C02346;CLI01428;23/07/2024;Centro;Televendas;1933,03;24;80,54;Jd. America;F;54;1620,6;Inadimplente;15/03/2026
C02347;CLI02593;30/07/2024;Centro;Loja física;1516,15;12;126,35;Bela Vista;F;45;1636,94;Quitado;15/03/2026
C02348;CLI00957;14/08/2024;Zona Leste;Loja física;811,73;24;33,82;Jd. America;F;61;3058,15;Em dia;15/03/2026
C02349;CLI01012;10/11/2025;Online;Televendas;2160,2;6;360,03;Jardim Botânico;F;46;3293,87;Em dia;15/03/2026
C02350;CLI02207;13/03/2025;Shopping Norte;Loja física;4279,69;24;178,32;Bela Vista;F;29;4329,01;Em dia;15/03/2026
C02351;CLI00021;14/06/2024;Shopping Norte;Loja física;2311,68;12;192,64;Bela Vista;F;46;4091,85;Quitado;15/03/2026
C02352;CLI01093;23/09/2025;Centro;Loja física;3201,73;6;533,62;Jardim Botânico;M;48;900,0;Inadimplente;15/03/2026
C02353;CLI01703;01/10/2025;Online;Loja física;3011,78;6;501,96;Jardim Botânico;F;43;3594,69;Em dia;15/03/2026
C02354;CLI01972;06/04/2025;Shopping Norte;Loja física;9415,9;10;941,59;Jardim Botânico;M;18;2163,54;Inadimplente;15/03/2026
C02355;CLI02143;17/05/2025;Zona Leste;Loja física;3114,0;6;519,0;Jd. America;F;28;2754,73;Inadimplente;15/03/2026
C02356;CLI01916;15/09/2025;Centro;Televendas;1568,92;18;87,16;Jardim América;F;67;3338,14;Inadimplente;15/03/2026
C02357;CLI01244;25/06/2025;Shopping Norte;Loja física;1772,82;10;177,28;Jardim Botânico;F;25;1451,22;Em dia;15/03/2026
C02359;CLI01155;20/07/2025;Zona Leste;Televendas;3171,21;24;132,13;Jardim Botânico;M;35;3753,95;Em dia;15/03/2026
C02360;CLI01515;03/07/2024;Centro;Loja física;1372,24;10;137,22;Jardim América;F;49;2862,01;Quitado;15/03/2026
C02361;CLI00360;23/11/2024;Shopping Norte;Loja física;6236,12;6;1039,35;Vila Progresso;M;45;3861,37;Inadimplente;15/03/2026
C02363;CLI00534;13/01/2025;Online;Site;2108,79;18;117,16;Bela Vista;F;45;2160,52;Em dia;15/03/2026
C02364;CLI02069;14/07/2024;Shopping Norte;Loja física;2388,18;24;99,51;Jardim América;M;22;3250,86;Em dia;15/03/2026
C02365;CLI00553;28/11/2024;Zona Leste;Loja física;2496,64;12;208,05;Bela Vista;M;43;3575,56;Quitado;15/03/2026
C02366;CLI00329;28/10/2024;Shopping Norte;Loja física;889,2;12;74,1;Jardim América;F;52;3263,92;Inadimplente;15/03/2026
C02367;CLI00331;14/09/2025;Centro;Loja física;1042,88;6;173,81;Jardim América;M;55;2454,77;Inadimplente;15/03/2026
C02368;CLI00322;22/07/2024;Centro;Loja física;1143,4;6;190,57;Vila Progresso;F;48;1953,46;Quitado;15/03/2026
C02369;CLI02460;01/06/2025;Centro;Loja física;4102,16;24;170,92;Jardim América;F;23;4302,11;Inadimplente;15/03/2026
C02371;CLI02411;01/09/2025;Centro;Televendas;3225,33;6;537,55;Jardim América;M;36;4398,78;Inadimplente;15/03/2026
C02372;CLI02330;17/08/2024;Zona Leste;Site;1729,92;6;288,32;Jd. America;M;51;4057,42;Inadimplente;15/03/2026
C02373;CLI02159;11/10/2024;Zona Leste;Site;1420,6;12;118,38;Bela Vista;F;42;2244,44;Inadimplente;15/03/2026
C02374;CLI01286;25/01/2025;Zona Leste;Loja física;1257,11;24;52,38;Jardim América;F;44;3619,93;Inadimplente;15/03/2026
C02375;CLI02028;30/06/2025;Online;Loja física;1899,21;12;158,27;Parque das Flores;F;18;4832,04;Em dia;15/03/2026
C02377;CLI01999;11/11/2024;Online;Loja física;911,12;12;75,93;Jd. America;M;49;1266,85;Quitado;15/03/2026
C02378;CLI02350;10/01/2025;Zona Leste;Loja física;2593,41;18;144,08;Jardim América;F;24;4165,97;Inadimplente;15/03/2026
C02379;CLI01494;09/09/2025;Zona Leste;Loja física;1505,25;12;125,44;Vila Progresso;F;42;4734,52;Quitado;15/03/2026
C02381;CLI02373;06/11/2024;Online;Site;1422,41;12;118,53;Bela Vista;F;37;2921,52;Quitado;15/03/2026
C02382;CLI00764;01/04/2025;Online;Site;1639,8;12;136,65;Parque das Flores;F;58;1622,91;Em dia;15/03/2026
C02383;CLI02087;03/01/2025;Centro;Loja física;3042,19;24;126,76;Parque das Flores;M;35;2779,74;Inadimplente;15/03/2026
C02385;CLI02575;24/12/2024;Centro;Loja física;3110,11;10;311,01;Parque das Flores;M;35;1687,41;Quitado;15/03/2026
C02387;CLI00395;27/08/2024;Centro;Loja física;2658,19;24;110,76;Vila Progresso;M;48;5674,41;Em dia;15/03/2026
C02388;CLI02686;15/06/2024;Online;Loja física;4007,62;12;333,97;Centro;F;18;3747,61;Inadimplente;15/03/2026
C02389;CLI00031;21/06/2025;Shopping Norte;Site;2974,09;18;165,23;Alto da Serra;M;32;7870,9;Em dia;15/03/2026
C02390;CLI02396;05/10/2025;Shopping Norte;Loja física;1637,88;6;272,98;Jardim América;F;51;2459,73;Em dia;15/03/2026
C02392;CLI00223;29/04/2025;Centro;Site;2521,88;18;140,1;Bela Vista;M;55;1930,67;Em dia;15/03/2026
C02393;CLI02559;03/08/2025;Centro;Televendas;1345,61;18;74,76;Bela Vista;F;46;2980,06;Inadimplente;15/03/2026
C02395;CLI00455;01/12/2024;Centro;Televendas;1595,55;18;88,64;Alto da Serra;F;37;1159,08;Inadimplente;15/03/2026
C02396;CLI02120;08/10/2025;Shopping Norte;Loja física;2004,21;12;167,02;Vila Progresso;M;37;3932,68;Inadimplente;15/03/2026
C02397;CLI02307;06/11/2025;Zona Leste;Loja física;2421,92;12;201,83;Jardim Botânico;M;32;3582,61;Em dia;15/03/2026
C02398;CLI00479;26/02/2025;Centro;Loja física;561,6;6;93,6;Jd. America;F;40;2546,33;Quitado;15/03/2026
C02399;CLI00475;13/09/2025;Centro;Loja física;1441,36;6;240,23;Vila Progresso;F;18;2478,29;Quitado;15/03/2026
C02400;CLI01868;01/07/2024;Centro;Loja física;1062,47;10;106,25;Jardim América;F;33;1916,21;Quitado;15/03/2026
C02401;CLI02283;01/07/2024;Zona Leste;Site;3213,79;12;267,82;Jardim Botânico;M;18;4390,48;Inadimplente;15/03/2026
C02402;CLI01530;04/10/2025;Centro;Televendas;2969,26;24;123,72;Parque das Flores;M;48;4016,23;Inadimplente;15/03/2026
C02403;CLI02090;12/06/2025;Zona Leste;Site;5873,79;12;489,48;Vila Progresso;F;31;1900,37;Inadimplente;15/03/2026
C02404;CLI00945;08/08/2024;Centro;Loja física;861,4;10;86,14;Cidade Nova;F;39;1621,89;Quitado;15/03/2026
C02405;CLI01214;08/01/2025;Shopping Norte;Loja física;2609,39;10;260,94;Bela Vista;F;26;3303,43;Quitado;15/03/2026
C02406;CLI02353;13/08/2024;Shopping Norte;Loja física;1188,2;10;118,82;Vila Progresso;F;37;2439,32;Quitado;15/03/2026
C02407;CLI01273;26/06/2025;Shopping Norte;Loja física;1888,14;10;188,81;Centro;M;23;4662,88;Inadimplente;15/03/2026
C02408;CLI00866;09/08/2024;Zona Leste;Televendas;1115,46;6;185,91;Vila Progresso;M;31;2390,19;Inadimplente;15/03/2026
C02409;CLI00092;26/05/2025;Centro;Loja física;559,38;10;55,94;Centro;F;51;3040,3;Em dia;15/03/2026
C02410;CLI02009;22/10/2025;Zona Leste;Site;878,55;18;48,81;Jardim América;F;29;3109,79;Em dia;15/03/2026
C02411;CLI01493;29/06/2024;Zona Leste;Televendas;2423,96;24;101,0;Jardim América;F;28;6872,28;Inadimplente;15/03/2026
C02412;CLI02137;16/09/2025;Centro;Loja física;4476,56;6;746,09;Parque das Flores;F;33;6078,26;Inadimplente;15/03/2026
C02413;CLI00143;01/10/2025;Shopping Norte;Loja física;4183,11;12;348,59;Jardim América;F;19;2002,85;Inadimplente;15/03/2026
C02415;CLI02688;20/10/2024;Centro;Loja física;1783,29;18;99,07;Centro;M;37;3617,02;Inadimplente;15/03/2026
C02416;CLI01257;12/09/2024;Zona Leste;Loja física;2377,16;18;132,06;Alto da Serra;M;39;2050,58;Inadimplente;15/03/2026
C02418;CLI02095;15/07/2024;Zona Leste;Loja física;6513,82;12;542,82;Jd. America;F;60;2232,84;Inadimplente;15/03/2026
C02419;CLI00958;19/06/2025;Zona Leste;Televendas;1863,79;24;77,66;Bela Vista;F;42;2264,28;Em dia;15/03/2026
C02421;CLI00376;12/10/2024;Centro;Televendas;1136,67;10;113,67;Cidade Nova;F;25;2704,08;Quitado;15/03/2026
C02422;CLI01196;22/06/2024;Centro;Site;3543,58;18;196,87;Bela Vista;M;48;3023,12;Inadimplente;15/03/2026
C02423;CLI00635;17/08/2025;Centro;Loja física;4016,3;12;334,69;Cidade Nova;F;74;4780,89;Em dia;15/03/2026
C02424;CLI00494;12/11/2024;Shopping Norte;Loja física;1462,5;18;81,25;Jardim América;M;41;5398,2;Inadimplente;15/03/2026
C02425;CLI02368;16/07/2024;Centro;Loja física;3047,12;10;304,71;Jardim América;F;30;2085,73;Inadimplente;15/03/2026
C02426;CLI01792;11/09/2024;Centro;Loja física;1440,66;18;80,04;Parque das Flores;F;31;2968,49;Inadimplente;15/03/2026
C02427;CLI01706;17/03/2025;Centro;Loja física;517,43;6;86,24;Centro;M;47;3577,37;Inadimplente;15/03/2026
C02428;CLI02277;19/09/2024;Shopping Norte;Site;1385,25;12;115,44;Parque das Flores;M;35;4465,49;Quitado;15/03/2026
C02430;CLI01705;29/04/2025;Shopping Norte;Televendas;4170,69;12;347,56;Vila Progresso;M;44;4165,38;Em dia;15/03/2026
C02431;CLI02772;19/04/2025;Shopping Norte;Loja física;1953,9;18;108,55;Vila Progresso;F;38;3680,18;Em dia;15/03/2026
C02432;CLI01016;11/09/2025;Centro;Site;858,32;12;71,53;Jardim América;F;32;1464,2;Inadimplente;15/03/2026
C02433;CLI02247;12/11/2025;Zona Leste;Loja física;3091,42;12;257,62;Bela Vista;F;18;2791,54;Em dia;15/03/2026
C02434;CLI00922;26/04/2025;Shopping Norte;Loja física;1623,88;12;135,32;Vila Progresso;M;23;2234,14;Em dia;15/03/2026
C02435;CLI01046;01/07/2024;Shopping Norte;Televendas;3402,93;10;340,29;Centro;M;40;2766,54;Inadimplente;15/03/2026
C02436;CLI00145;04/08/2024;Online;Loja física;3385,25;6;564,21;Vila Progresso;F;33;1309,97;Inadimplente;15/03/2026
C02437;CLI00052;26/06/2025;Shopping Norte;Loja física;2795,98;12;233,0;Jardim América;F;38;3000,24;Em dia;15/03/2026
C02438;CLI01531;30/06/2025;Centro;Site;1028,46;24;42,85;Parque das Flores;M;40;1829,11;Inadimplente;15/03/2026
C02439;CLI00183;19/05/2025;Centro;Loja física;1972,42;12;164,37;Jardim Botânico;F;53;3148,06;Inadimplente;15/03/2026
C02441;CLI01958;06/08/2024;Centro;Televendas;3095,05;10;309,5;Parque das Flores;M;52;4269,6;Inadimplente;15/03/2026
C02442;CLI00634;21/09/2025;Online;Site;4033,81;12;336,15;Parque das Flores;M;66;2782,46;Em dia;15/03/2026
C02443;CLI00085;12/06/2025;Centro;Televendas;2876,83;12;239,74;Parque das Flores;F;28;4091,64;Inadimplente;15/03/2026
C02444;CLI01390;10/08/2024;Online;Site;1251,36;12;104,28;Jardim América;F;46;3190,96;Quitado;15/03/2026
C02445;CLI02675;25/11/2024;Centro;Loja física;896,64;10;89,66;Jardim América;M;18;2096,33;Quitado;15/03/2026
C02446;CLI01089;10/11/2024;Centro;Loja física;2963,62;10;296,36;Centro;F;39;2111,83;Inadimplente;15/03/2026
C02447;CLI02320;06/09/2024;Centro;Loja física;2016,7;18;112,04;Vila Progresso;M;36;2057,17;Inadimplente;15/03/2026
C02448;CLI02414;28/08/2024;Zona Leste;Loja física;2841,19;6;473,53;Alto da Serra;M;29;5316,41;Inadimplente;15/03/2026
C02450;CLI00259;29/01/2025;Online;Loja física;1734,35;6;289,06;Parque das Flores;F;53;2726,83;Quitado;15/03/2026
C02451;CLI00424;12/11/2024;Centro;Site;2646,33;6;441,06;Jardim América;M;36;2238,14;Inadimplente;15/03/2026
C02452;CLI01923;17/04/2025;Zona Leste;Site;1409,91;24;58,75;Cidade Nova;M;21;2542,57;Em dia;15/03/2026
C02453;CLI00284;10/02/2025;Shopping Norte;Loja física;3596,21;24;149,84;Jardim América;F;47;2561,49;Inadimplente;15/03/2026
C02454;CLI00343;28/07/2025;Zona Leste;Loja física;1548,24;12;129,02;Jardim América;M;57;2856,63;Inadimplente;15/03/2026
C02456;CLI01783;15/11/2024;Zona Leste;Loja física;1568,16;18;87,12;Alto da Serra;M;18;2242,33;Em dia;15/03/2026
C02457;CLI00248;04/12/2024;Zona Leste;Loja física;1760,52;12;146,71;Jardim Botânico;M;54;2880,91;Quitado;15/03/2026
C02458;CLI01087;15/04/2025;Centro;Loja física;2087,21;24;86,97;Vila Progresso;F;29;5862,53;Inadimplente;15/03/2026
C02460;CLI02321;14/06/2025;Shopping Norte;Loja física;3381,33;10;338,13;Vila Progresso;M;55;3376,01;Em dia;15/03/2026
C02461;CLI00600;14/10/2025;Zona Leste;Site;3274,65;12;272,89;Bela Vista;F;18;2297,03;Inadimplente;15/03/2026
C02462;CLI02501;25/07/2025;Centro;Televendas;1546,47;18;85,92;Alto da Serra;M;50;2355,1;Em dia;15/03/2026
C02463;CLI00779;05/04/2025;Zona Leste;Site;910,27;10;91,03;Parque das Flores;F;31;1612,11;Quitado;15/03/2026
C02464;CLI01949;08/09/2025;Zona Leste;Site;1642,08;12;136,84;Jardim América;M;57;2721,54;Em dia;15/03/2026
C02465;CLI01265;10/05/2025;Zona Leste;Loja física;650,04;12;54,17;Vila Progresso;M;36;3644,83;Em dia;15/03/2026
C02466;CLI02609;01/09/2024;Centro;Loja física;2777,87;12;231,49;Parque das Flores;M;60;2528,56;Quitado;15/03/2026
C02469;CLI01915;09/01/2025;Shopping Norte;Loja física;1641,92;12;136,83;Parque das Flores;F;27;3691,26;Quitado;15/03/2026
C02471;CLI01205;24/07/2025;Zona Leste;Loja física;2976,79;10;297,68;Cidade Nova;F;61;900,0;Inadimplente;15/03/2026
C02473;CLI02782;30/11/2024;Shopping Norte;Loja física;1460,71;18;81,15;Jardim Botânico;F;52;2267,7;Quitado;15/03/2026
C02474;CLI00444;15/10/2024;Centro;Loja física;2773,54;24;115,56;Centro;F;44;2771,49;Em dia;15/03/2026
C02475;CLI02529;04/03/2025;Centro;Loja física;3189,12;24;132,88;Bela Vista;M;20;5590,06;Quitado;15/03/2026
C02477;CLI02233;26/08/2025;Shopping Norte;Loja física;2899,99;6;483,33;Centro;F;25;3070,58;Inadimplente;15/03/2026
C02478;CLI01040;15/04/2025;Online;Loja física;601,03;10;60,1;Vila Progresso;F;18;4813,48;Quitado;15/03/2026
C02479;CLI01597;20/07/2025;Online;Televendas;630,09;6;105,02;Vila Progresso;M;41;2905,54;Quitado;15/03/2026
C02480;CLI00179;23/06/2025;Zona Leste;Loja física;2392,13;10;239,21;Cidade Nova;M;31;4277,4;Em dia;15/03/2026
C02481;CLI02343;10/11/2024;Shopping Norte;Televendas;1855,38;10;185,54;Jardim Botânico;M;41;1127,47;Inadimplente;15/03/2026
C02482;CLI01572;02/05/2025;Shopping Norte;Site;856,28;18;47,57;Vila Progresso;F;22;3662,95;Inadimplente;15/03/2026
C02484;CLI00236;12/10/2024;Shopping Norte;Loja física;1710,52;18;95,03;Vila Progresso;F;59;1350,99;Quitado;15/03/2026
C02485;CLI01368;21/06/2024;Shopping Norte;Loja física;5121,51;12;426,79;Jd. America;F;64;1622,83;Quitado;15/03/2026
C02486;CLI02525;01/11/2025;Centro;Loja física;1038,83;12;86,57;Parque das Flores;M;42;3794,65;Em dia;15/03/2026
C02487;CLI00692;04/07/2025;Zona Leste;Loja física;1444,81;10;144,48;Bela Vista;M;36;2923,11;Em dia;15/03/2026
C02488;CLI01656;12/02/2025;Online;Loja física;1000,17;12;83,35;Vila Progresso;F;52;2733,93;Quitado;15/03/2026
C02489;CLI01580;28/03/2025;Online;Site;1228,78;10;122,88;Bela Vista;M;62;5921,14;Inadimplente;15/03/2026
C02490;CLI01746;21/03/2025;Centro;Loja física;1888,37;10;188,84;Parque das Flores;F;48;3041,63;Quitado;15/03/2026
C02491;CLI01564;05/08/2024;Centro;Site;4349,2;12;362,43;Bela Vista;F;50;4132,93;Inadimplente;15/03/2026
C02492;CLI00234;18/01/2025;Centro;Loja física;2441,99;24;101,75;Alto da Serra;M;33;1857,05;Em dia;15/03/2026
C02493;CLI02463;14/09/2025;Zona Leste;Loja física;1267,78;18;70,43;Jardim América;M;60;3026,85;Em dia;15/03/2026
C02494;CLI01816;20/01/2025;Online;Loja física;1185,8;24;49,41;Parque das Flores;M;45;4020,24;Em dia;15/03/2026
C02495;CLI00124;08/08/2024;Shopping Norte;Loja física;2256,41;12;188,03;Jardim Botânico;M;52;4576,06;Inadimplente;15/03/2026
C02496;CLI00750;08/11/2025;Shopping Norte;Loja física;2130,14;18;118,34;Centro;F;18;1175,76;Em dia;15/03/2026
C02497;CLI01321;15/12/2024;Centro;Loja física;627,46;6;104,58;Cidade Nova;F;36;1749,79;Quitado;15/03/2026
C02498;CLI00511;15/12/2024;Centro;Loja física;3990,61;10;399,06;Centro;M;59;2226,17;Quitado;15/03/2026
C02499;CLI01696;24/05/2025;Shopping Norte;Loja física;4418,91;10;441,89;Centro;M;66;3992,35;Inadimplente;15/03/2026
C02500;CLI01466;30/08/2025;Zona Leste;Loja física;3875,05;24;161,46;Jardim América;F;31;2997,18;Inadimplente;15/03/2026
C02501;CLI01884;05/11/2025;Centro;Loja física;2925,48;10;292,55;Bela Vista;F;50;2537,52;Inadimplente;15/03/2026
C02502;CLI00932;12/11/2024;Shopping Norte;Loja física;1122,09;12;93,51;Vila Progresso;F;40;2390,92;Inadimplente;15/03/2026
C02503;CLI02375;30/05/2025;Zona Leste;Televendas;3218,58;12;268,21;Centro;F;41;1988,93;Inadimplente;15/03/2026
C02504;CLI01434;13/07/2024;Zona Leste;Loja física;2712,73;24;113,03;Parque das Flores;F;44;2933,6;Inadimplente;15/03/2026
C02505;CLI02670;15/07/2025;Zona Leste;Loja física;1371,21;12;114,27;Bela Vista;M;63;1422,75;Quitado;15/03/2026
C02506;CLI01915;30/09/2025;Online;Site;2624,14;10;262,41;Vila Progresso;M;28;3124,21;Inadimplente;15/03/2026
C02507;CLI02166;09/08/2024;Centro;Loja física;4183,72;10;418,37;Parque das Flores;F;47;1998,63;Inadimplente;15/03/2026
C02508;CLI00442;14/09/2025;Zona Leste;Site;1610,92;18;89,5;Cidade Nova;F;38;2254,93;Inadimplente;15/03/2026
C02509;CLI00196;07/10/2025;Online;Loja física;1878,03;12;156,5;Parque das Flores;M;37;2967,27;Em dia;15/03/2026
C02510;CLI01453;27/03/2025;Centro;Loja física;2083,24;12;173,6;Jd. America;M;24;1616,36;Inadimplente;15/03/2026
C02511;CLI00232;23/06/2024;Zona Leste;Loja física;4990,12;12;415,84;Jardim América;F;52;2836,04;Quitado;15/03/2026
C02512;CLI01929;26/05/2025;Centro;Site;993,41;12;82,78;Vila Progresso;M;78;2053,84;Inadimplente;15/03/2026
C02513;CLI02430;18/07/2024;Shopping Norte;Loja física;1882,12;12;156,84;Vila Progresso;M;62;4091,51;Inadimplente;15/03/2026
C02515;CLI01916;28/06/2024;Centro;Loja física;1853,52;10;185,35;Jardim América;F;40;6312,45;Quitado;15/03/2026
C02516;CLI02172;31/10/2024;Centro;Loja física;2475,73;18;137,54;Jardim Botânico;F;44;2635,68;Inadimplente;15/03/2026
C02517;CLI01958;08/10/2025;Centro;Loja física;1187,62;10;118,76;Parque das Flores;M;24;1798,4;Em dia;15/03/2026
C02518;CLI01809;08/11/2024;Centro;Loja física;475,22;10;47,52;Jardim Botânico;M;52;2387,07;Quitado;15/03/2026
C02519;CLI02496;06/12/2024;Centro;Loja física;1092,34;6;182,06;Bela Vista;M;48;1790,66;Quitado;15/03/2026
C02520;CLI01019;22/03/2025;Centro;Loja física;670,52;12;55,88;Parque das Flores;M;40;2248,58;Em dia;15/03/2026
C02521;CLI00052;19/08/2025;Shopping Norte;Televendas;4254,01;18;236,33;Parque das Flores;M;48;1056,79;Inadimplente;15/03/2026
C02522;CLI02233;12/09/2024;Shopping Norte;Loja física;2208,29;12;184,02;Cidade Nova;F;52;3018,15;Quitado;15/03/2026
C02523;CLI02404;19/07/2024;Zona Leste;Loja física;1560,57;10;156,06;Centro;F;61;1426,63;Inadimplente;15/03/2026
C02524;CLI01669;13/04/2025;Shopping Norte;Loja física;1720,31;18;95,57;Jd. America;M;31;2256,99;Em dia;15/03/2026
C02525;CLI02287;20/01/2025;Online;Loja física;875,51;24;36,48;Vila Progresso;M;51;3026,07;Inadimplente;15/03/2026
C02526;CLI00882;28/06/2024;Shopping Norte;Televendas;1139,38;18;63,3;Vila Progresso;F;65;2706,71;Quitado;15/03/2026
C02527;CLI00718;03/11/2025;Centro;Loja física;2492,7;10;249,27;Jd. America;M;50;2741,41;Em dia;15/03/2026
C02528;CLI00953;09/03/2025;Shopping Norte;Loja física;1339,35;18;74,41;Vila Progresso;M;49;4843,9;Em dia;15/03/2026
C02529;CLI01382;23/07/2024;Zona Leste;Site;3443,2;6;573,87;Jd. America;M;39;4541,84;Em dia;15/03/2026
C02530;CLI02154;06/12/2024;Centro;Loja física;1359,6;24;56,65;Bela Vista;F;18;2936,03;Em dia;15/03/2026
C02531;CLI00029;24/03/2025;Online;Loja física;6535,83;12;544,65;Parque das Flores;F;44;4048,72;Inadimplente;15/03/2026
C02532;CLI00483;23/03/2025;Shopping Norte;Loja física;1951,76;24;81,32;Jardim Botânico;M;38;3508,88;Em dia;15/03/2026
C02533;CLI01379;04/02/2025;Zona Leste;Loja física;1476,34;12;123,03;Vila Progresso;M;48;3238,55;Inadimplente;15/03/2026
C02534;CLI02097;30/06/2025;Online;Loja física;2932,86;12;244,4;Vila Progresso;M;59;2651,66;Em dia;15/03/2026
C02535;CLI02405;21/10/2025;Centro;Site;2536,8;12;211,4;Jardim América;M;49;3145,37;Em dia;15/03/2026
C02536;CLI02756;01/02/2025;Shopping Norte;Loja física;2677,74;12;223,14;Vila Progresso;F;26;5218,96;Inadimplente;15/03/2026
C02538;CLI01581;26/07/2025;Centro;Loja física;1856,3;12;154,69;Jardim América;F;37;3000,41;Inadimplente;15/03/2026
C02539;CLI00842;19/10/2024;Zona Leste;Televendas;2398,59;12;199,88;Alto da Serra;F;52;2700,75;Inadimplente;15/03/2026
C02540;CLI02634;19/02/2025;Shopping Norte;Loja física;1556,31;18;86,46;Parque das Flores;M;28;5420,17;Em dia;15/03/2026
C02541;CLI02087;01/12/2024;Shopping Norte;Loja física;1057,02;6;176,17;Jardim América;M;55;4254,26;Inadimplente;15/03/2026
C02542;CLI01191;24/10/2025;Zona Leste;Loja física;3444,05;10;344,4;Bela Vista;M;36;1829,5;Inadimplente;15/03/2026
C02543;CLI01365;08/11/2024;Shopping Norte;Loja física;2149,7;6;358,28;Bela Vista;M;45;1496,37;Quitado;15/03/2026
C02544;CLI01102;16/01/2025;Centro;Loja física;1676,71;10;167,67;Centro;F;36;2985,37;Quitado;15/03/2026
C02546;CLI02770;05/02/2025;Shopping Norte;Loja física;1383,81;12;115,32;Vila Progresso;F;61;6187,43;Quitado;15/03/2026
C02547;CLI00626;10/08/2024;Online;Loja física;1351,01;10;135,1;Vila Progresso;F;19;5770,17;Quitado;15/03/2026
C02548;CLI01283;16/07/2024;Shopping Norte;Televendas;2855,48;24;118,98;Jardim América;M;30;2110,48;Em dia;15/03/2026
C02549;CLI01280;23/02/2025;Zona Leste;Loja física;1987,68;12;165,64;Jardim Botânico;M;36;2764,34;Quitado;15/03/2026
C02550;CLI00405;27/10/2025;Zona Leste;Loja física;2717,01;6;452,84;Centro;F;45;2346,0;Inadimplente;15/03/2026
C02551;CLI02381;16/06/2024;Zona Leste;Loja física;4075,1;12;339,59;Bela Vista;F;36;2043,9;Quitado;15/03/2026
C02552;CLI00088;30/11/2024;Shopping Norte;Site;2102,5;6;350,42;Centro;F;64;3268,22;Quitado;15/03/2026
C02553;CLI00785;14/04/2025;Zona Leste;Televendas;4331,66;10;433,17;Cidade Nova;F;53;2631,78;Inadimplente;15/03/2026
C02554;CLI01662;28/12/2024;Centro;Site;3432,85;6;572,14;Cidade Nova;F;29;3049,28;Inadimplente;15/03/2026
C02555;CLI02253;15/06/2025;Centro;Loja física;4381,85;24;182,58;Parque das Flores;F;42;3415,32;Em dia;15/03/2026
C02556;CLI02718;19/08/2025;Zona Leste;Site;993,3;10;99,33;Jardim América;F;30;2661,62;Quitado;15/03/2026
C02557;CLI01126;31/10/2024;Shopping Norte;Loja física;1359,1;10;135,91;Jardim América;M;37;3030,59;Quitado;15/03/2026
C02558;CLI00580;01/11/2024;Shopping Norte;Site;1964,75;18;109,15;Alto da Serra;M;71;1928,02;Em dia;15/03/2026
C02559;CLI00456;14/11/2025;Shopping Norte;Loja física;3352,94;18;186,27;Jd. America;F;29;5838,59;Inadimplente;15/03/2026
C02561;CLI02449;14/05/2025;Zona Leste;Loja física;1919,37;10;191,94;Parque das Flores;F;46;1814,64;Quitado;15/03/2026
C02562;CLI01842;14/08/2025;Centro;Loja física;1722,06;12;143,5;Bela Vista;M;41;2027,93;Em dia;15/03/2026
C02563;CLI00731;23/05/2025;Shopping Norte;Loja física;1012,5;10;101,25;Bela Vista;M;38;2492,69;Em dia;15/03/2026
C02564;CLI01957;24/06/2025;Shopping Norte;Loja física;380,0;18;21,11;Parque das Flores;M;52;1342,46;Em dia;15/03/2026
C02565;CLI00781;15/07/2025;Zona Leste;Loja física;749,22;12;62,44;Vila Progresso;F;18;1848,12;Em dia;15/03/2026
C02566;CLI02624;08/02/2025;Centro;Loja física;1035,86;24;43,16;Jardim América;F;31;2609,13;Inadimplente;15/03/2026
C02567;CLI01304;24/10/2025;Zona Leste;Loja física;1780,3;12;148,36;Vila Progresso;F;41;8611,7;Inadimplente;15/03/2026
C02568;CLI02025;10/10/2025;Zona Leste;Site;1600,94;10;160,09;Alto da Serra;F;18;2462,85;Em dia;15/03/2026
C02569;CLI01173;12/05/2025;Online;Site;3877,64;12;323,14;Centro;M;68;4401,39;Inadimplente;15/03/2026
C02570;CLI01432;19/07/2025;Zona Leste;Loja física;2001,06;12;166,76;Jardim América;M;45;2334,78;Em dia;15/03/2026
C02571;CLI02451;30/05/2025;Centro;Site;737,4;18;40,97;Cidade Nova;M;29;3262,94;Em dia;15/03/2026
C02572;CLI02513;04/12/2024;Zona Leste;Loja física;1831,81;10;183,18;Vila Progresso;F;45;1769,92;Quitado;15/03/2026
C02573;CLI00239;17/06/2024;Centro;Loja física;1316,09;18;73,12;Alto da Serra;F;45;3623,83;Inadimplente;15/03/2026
C02574;CLI00738;25/06/2024;Zona Leste;Loja física;6069,49;12;505,79;Vila Progresso;F;108;2718,81;Inadimplente;15/03/2026
C02575;CLI01620;18/04/2025;Shopping Norte;Loja física;1995,94;10;199,59;Parque das Flores;M;60;2829,25;Quitado;15/03/2026
C02577;CLI00334;06/03/2025;Centro;Loja física;832,56;6;138,76;Jardim Botânico;F;45;2492,75;Quitado;15/03/2026
C02578;CLI02763;11/09/2024;Zona Leste;Loja física;2266,39;12;188,87;Vila Progresso;F;38;2532,95;Inadimplente;15/03/2026
C02579;CLI00435;29/06/2024;Centro;Televendas;824,26;6;137,38;Jardim Botânico;F;45;1648,28;Quitado;15/03/2026
C02580;CLI00231;01/03/2025;Zona Leste;Televendas;1358,41;10;135,84;Vila Progresso;M;60;2321,44;Quitado;15/03/2026
C02581;CLI02612;29/12/2024;Zona Leste;Loja física;2492,63;24;103,86;Vila Progresso;F;61;3257,72;Em dia;15/03/2026
C02582;CLI02701;20/05/2025;Online;Loja física;3477,43;6;579,57;Parque das Flores;F;50;2772,82;Quitado;15/03/2026
C02583;CLI02255;18/11/2024;Zona Leste;Loja física;1420,31;12;118,36;Jardim Botânico;F;50;1883,03;Quitado;15/03/2026
C02584;CLI01646;30/07/2025;Centro;Loja física;1610,19;24;67,09;Jardim Botânico;M;35;3515,28;Em dia;15/03/2026
C02585;CLI02028;10/08/2024;Centro;Loja física;2315,01;12;192,92;Vila Progresso;M;39;2650,43;Inadimplente;15/03/2026
C02586;CLI00572;25/09/2025;Centro;Loja física;2184,32;18;121,35;Centro;F;31;3773,35;Em dia;15/03/2026
C02587;CLI02563;21/07/2025;Zona Leste;Site;7023,34;24;292,64;Jardim América;M;46;3694,55;Inadimplente;15/03/2026
C02588;CLI02465;25/08/2025;Zona Leste;Loja física;505,16;6;84,19;Jardim América;F;63;2839,76;Quitado;15/03/2026
C02589;CLI01412;04/11/2025;Online;Loja física;3618,79;24;150,78;Vila Progresso;M;44;3331,09;Em dia;15/03/2026
C02590;CLI02171;03/11/2025;Zona Leste;Site;1068,43;12;89,04;Jd. America;M;47;5768,52;Quitado;15/03/2026
C02591;CLI02483;13/02/2025;Shopping Norte;Loja física;1501,86;12;125,15;Jardim Botânico;F;37;4416,8;Inadimplente;15/03/2026
C02592;CLI02165;15/06/2025;Centro;Televendas;2100,42;18;116,69;Centro;F;47;3124,12;Em dia;15/03/2026
C02593;CLI01421;26/10/2024;Shopping Norte;Loja física;1188,35;24;49,51;Parque das Flores;F;67;3836,46;Em dia;15/03/2026
C02594;CLI00851;21/09/2024;Online;Loja física;951,09;6;158,52;Parque das Flores;M;36;2574,08;Quitado;15/03/2026
C02595;CLI00372;12/11/2025;Centro;Loja física;1765,95;12;147,16;Cidade Nova;M;34;2000,8;Em dia;15/03/2026
C02596;CLI01162;13/04/2025;Centro;Loja física;1173,23;18;65,18;Bela Vista;M;20;2531,64;Em dia;15/03/2026
C02597;CLI00023;03/07/2024;Centro;Loja física;6008,74;6;1001,46;Jardim América;F;45;4003,31;Inadimplente;15/03/2026
C02598;CLI02616;13/12/2024;Zona Leste;Site;3231,62;10;323,16;Parque das Flores;M;57;2003,14;Inadimplente;15/03/2026
C02599;CLI00133;03/08/2025;Zona Leste;Site;1668,18;6;278,03;Jd. America;F;52;3466,63;Quitado;15/03/2026
C02600;CLI00971;19/02/2025;Centro;Loja física;2591,37;10;259,14;Cidade Nova;F;18;3677,83;Quitado;15/03/2026
C02601;CLI00221;26/06/2025;Online;Loja física;3264,23;6;544,04;Cidade Nova;F;23;2420,56;Inadimplente;15/03/2026
C02602;CLI00030;13/07/2025;Centro;Loja física;753,21;18;41,84;Parque das Flores;F;35;2222,26;Em dia;15/03/2026
C02603;CLI00037;09/05/2025;Zona Leste;Loja física;3175,4;18;176,41;Cidade Nova;M;61;3230,06;Em dia;15/03/2026
C02604;CLI02597;22/03/2025;Centro;Loja física;2512,76;10;251,28;Jd. America;F;27;2497,02;Inadimplente;15/03/2026
C02605;CLI01651;30/10/2025;Centro;Loja física;1682,2;24;70,09;Vila Progresso;M;45;2411,58;Inadimplente;15/03/2026
C02606;CLI01715;31/05/2025;Shopping Norte;Loja física;1484,03;10;148,4;Centro;F;44;2025,12;Inadimplente;15/03/2026
C02607;CLI02028;18/03/2025;Zona Leste;Site;1245,29;6;207,55;Alto da Serra;F;56;2801,41;Quitado;15/03/2026
C02608;CLI01930;25/06/2025;Shopping Norte;Loja física;2081,1;18;115,62;Jd. America;M;35;2037,29;Inadimplente;15/03/2026
C02609;CLI00100;04/11/2024;Online;Loja física;1573,55;6;262,26;Centro;M;34;6638,36;Quitado;15/03/2026
C02610;CLI02524;13/02/2025;Centro;Loja física;1891,62;6;315,27;Bela Vista;F;22;1829,41;Quitado;15/03/2026
C02611;CLI02140;10/04/2025;Centro;Loja física;2502,29;10;250,23;Jardim América;M;53;1403,97;Quitado;15/03/2026
C02612;CLI02301;18/03/2025;Zona Leste;Loja física;2934,6;12;244,55;Cidade Nova;M;24;3154,96;Inadimplente;15/03/2026
C02613;CLI01302;28/10/2024;Centro;Televendas;3913,78;12;326,15;Bela Vista;M;55;1683,74;Inadimplente;15/03/2026
C02614;CLI00128;14/08/2024;Centro;Site;2358,96;18;131,05;Centro;F;39;2677,7;Quitado;15/03/2026
C02615;CLI00303;06/06/2025;Shopping Norte;Televendas;1227,45;6;204,58;Vila Progresso;M;53;3105,2;Inadimplente;15/03/2026
C02616;CLI02340;11/12/2024;Online;Loja física;2156,5;12;179,71;Jd. America;M;55;3311,09;Inadimplente;15/03/2026
C02617;CLI02446;03/04/2025;Zona Leste;Loja física;1257,78;12;104,82;Centro;M;62;2333,01;Em dia;15/03/2026
C02618;CLI02743;21/07/2024;Centro;Loja física;4831,09;10;483,11;Vila Progresso;M;42;2552,94;Quitado;15/03/2026
C02619;CLI00482;22/07/2025;Zona Leste;Televendas;924,94;12;77,08;Parque das Flores;M;52;3053,24;Inadimplente;15/03/2026
C02620;CLI00014;04/11/2024;Centro;Loja física;2341,36;18;130,08;Parque das Flores;F;62;1814,82;Em dia;15/03/2026
C02621;CLI02440;15/09/2025;Centro;Loja física;3054,56;18;169,7;Centro;F;46;3031,75;Em dia;15/03/2026
C02622;CLI02589;25/02/2025;Centro;Televendas;657,69;10;65,77;Cidade Nova;F;47;2781,44;Inadimplente;15/03/2026
C02623;CLI02713;20/08/2025;Shopping Norte;Loja física;1569,5;10;156,95;Bela Vista;F;52;2349,6;Em dia;15/03/2026
C02624;CLI01229;01/10/2024;Shopping Norte;Loja física;1386,46;6;231,08;Cidade Nova;F;34;3490,86;Inadimplente;15/03/2026
C02625;CLI02698;09/12/2024;Shopping Norte;Loja física;1095,93;24;45,66;Jd. America;M;31;2762,95;Inadimplente;15/03/2026
C02626;CLI02608;01/11/2025;Online;Site;1898,17;12;158,18;Jardim América;F;38;1142,78;Em dia;15/03/2026
C02627;CLI00184;09/08/2025;Shopping Norte;Loja física;3617,08;6;602,85;Vila Progresso;M;40;2891,09;Quitado;15/03/2026
C02628;CLI02032;18/08/2025;Shopping Norte;Site;1920,17;18;106,68;Parque das Flores;F;25;3388,39;Inadimplente;15/03/2026
C02629;CLI00092;29/10/2024;Zona Leste;Site;544,2;12;45,35;Vila Progresso;M;63;9708,18;Quitado;15/03/2026
C02630;CLI00162;24/08/2024;Online;Loja física;1326,01;10;132,6;Jd. America;M;52;1751,01;Quitado;15/03/2026
C02631;CLI02716;01/05/2025;Zona Leste;Loja física;757,4;12;63,12;Jardim Botânico;F;36;2237,47;Em dia;15/03/2026
C02632;CLI02326;03/07/2025;Centro;Loja física;500,51;18;27,81;Bela Vista;F;40;1639,96;Em dia;15/03/2026
C02633;CLI01995;24/07/2024;Centro;Televendas;5457,95;6;909,66;Jardim América;M;46;1097,87;Inadimplente;15/03/2026
C02634;CLI00291;03/10/2024;Zona Leste;Loja física;1716,59;10;171,66;Jardim América;F;29;3981,24;Quitado;15/03/2026
C02636;CLI01500;30/10/2024;Zona Leste;Televendas;1210,0;18;67,22;Parque das Flores;M;30;2112,72;Em dia;15/03/2026
C02638;CLI01360;17/01/2025;Zona Leste;Loja física;1485,1;18;82,51;Vila Progresso;F;49;2971,96;Em dia;15/03/2026
C02640;CLI02499;15/04/2025;Zona Leste;Televendas;2325,67;10;232,57;Parque das Flores;M;34;2440,67;Quitado;15/03/2026
C02641;CLI01911;06/01/2025;Zona Leste;Loja física;2864,08;10;286,41;Jardim Botânico;F;44;3201,66;Quitado;15/03/2026
C02643;CLI01134;26/10/2024;Shopping Norte;Televendas;1498,2;12;124,85;Vila Progresso;M;29;2708,21;Quitado;15/03/2026
C02644;CLI01766;17/09/2025;Centro;Loja física;2554,72;6;425,79;Bela Vista;F;28;2825,33;Em dia;15/03/2026
C02647;CLI00734;18/02/2025;Centro;Loja física;2116,62;12;176,38;Cidade Nova;F;58;2994,67;Inadimplente;15/03/2026
C02648;CLI02623;15/08/2025;Zona Leste;Loja física;832,41;6;138,73;Alto da Serra;F;20;1919,53;Quitado;15/03/2026
C02649;CLI00952;18/08/2025;Centro;Loja física;1164,83;12;97,07;Parque das Flores;M;38;1772,48;Inadimplente;15/03/2026
C02650;CLI01398;20/04/2025;Zona Leste;Loja física;1270,04;24;52,92;Centro;M;19;1834,89;Em dia;15/03/2026
C02651;CLI01484;11/08/2025;Zona Leste;Loja física;3891,17;24;162,13;Bela Vista;F;28;2913,7;Em dia;15/03/2026
C02652;CLI01824;05/07/2025;Online;Site;754,02;12;62,84;Parque das Flores;F;21;2909,73;Em dia;15/03/2026
C02654;CLI02473;28/08/2024;Zona Leste;Loja física;2447,38;24;101,97;Jardim Botânico;M;45;1871,79;Em dia;15/03/2026
C02655;CLI02598;06/04/2025;Shopping Norte;Loja física;4641,14;24;193,38;Vila Progresso;F;43;3212,81;Inadimplente;15/03/2026
C02656;CLI01276;15/01/2025;Centro;Site;6146,31;18;341,46;Jardim América;M;32;3194,61;Em dia;15/03/2026
C02657;CLI01484;30/07/2025;Zona Leste;Loja física;2256,12;24;94,0;Jardim América;F;28;1256,49;Em dia;15/03/2026
C02658;CLI01878;13/08/2025;Zona Leste;Televendas;4186,66;12;348,89;Alto da Serra;M;57;1645,27;Em dia;15/03/2026
C02659;CLI00699;11/03/2025;Centro;Loja física;1442,27;18;80,13;Jd. America;M;36;2987,05;Inadimplente;15/03/2026
C02660;CLI00279;28/10/2025;Zona Leste;Loja física;1895,59;10;189,56;Bela Vista;M;41;2152,96;Inadimplente;15/03/2026
C02661;CLI01646;25/08/2024;Zona Leste;Loja física;1495,95;12;124,66;Jd. America;F;45;2453,77;Quitado;15/03/2026
C02663;CLI01901;02/03/2025;Zona Leste;Loja física;1677,36;12;139,78;Centro;F;58;4541,89;Quitado;15/03/2026
C02664;CLI00503;28/07/2025;Centro;Loja física;3050,58;18;169,48;Bela Vista;F;33;2426,3;Em dia;15/03/2026
C02665;CLI01918;20/06/2025;Centro;Loja física;1293,43;18;71,86;Jd. America;F;35;4912,16;Inadimplente;15/03/2026
C02666;CLI00891;24/06/2024;Shopping Norte;Televendas;1787,55;24;74,48;Jardim América;M;37;2086,79;Em dia;15/03/2026
C02667;CLI02722;10/10/2024;Online;Loja física;1513,04;18;84,06;Cidade Nova;F;35;7539,77;Em dia;15/03/2026
C02668;CLI00168;15/08/2025;Centro;Loja física;1978,41;12;164,87;Jardim Botânico;F;57;5289,08;Em dia;15/03/2026
C02669;CLI00262;12/03/2025;Zona Leste;Loja física;704,27;18;39,13;Jd. America;F;35;4616,59;Em dia;15/03/2026
C02671;CLI00896;22/10/2024;Centro;Loja física;1341,34;10;134,13;Jd. America;F;26;2004,01;Inadimplente;15/03/2026
C02672;CLI02416;17/06/2025;Zona Leste;Televendas;13951,26;6;2325,21;Bela Vista;F;44;3607,23;Inadimplente;15/03/2026
C02673;CLI02132;09/08/2024;Shopping Norte;Loja física;1230,56;12;102,55;Parque das Flores;F;34;1413,9;Quitado;15/03/2026
C02674;CLI01402;05/05/2025;Online;Site;1201,64;12;100,14;Parque das Flores;M;36;3369,05;Em dia;15/03/2026
C02675;CLI00387;02/11/2024;Online;Site;2729,44;6;454,91;Jardim Botânico;F;45;2639,11;Inadimplente;15/03/2026
C02676;CLI01095;03/05/2025;Centro;Site;1171,46;24;48,81;Jd. America;M;48;1946,74;Em dia;15/03/2026
C02677;CLI01855;15/04/2025;Zona Leste;Loja física;3367,14;10;336,71;Jardim América;F;41;2652,57;Inadimplente;15/03/2026
C02678;CLI00872;17/05/2025;Shopping Norte;Televendas;2677,87;10;267,79;Jd. America;F;38;3056,87;Inadimplente;15/03/2026
C02680;CLI01797;23/06/2024;Shopping Norte;Televendas;1434,47;12;119,54;Jardim América;M;60;5754,11;Quitado;15/03/2026
C02681;CLI01727;03/05/2025;Online;Televendas;2545,34;18;141,41;Jardim Botânico;F;52;2650,23;Em dia;15/03/2026
C02682;CLI01000;25/08/2025;Shopping Norte;Televendas;3419,55;6;569,93;Vila Progresso;F;52;3118,89;Quitado;15/03/2026
C02683;CLI02133;31/10/2024;Shopping Norte;Loja física;3916,63;18;217,59;Vila Progresso;M;49;1964,18;Inadimplente;15/03/2026
C02684;CLI01582;22/09/2025;Zona Leste;Loja física;3278,35;18;182,13;Jardim Botânico;M;32;1467,16;Inadimplente;15/03/2026
C02685;CLI02651;03/08/2025;Centro;Loja física;838,99;18;46,61;Bela Vista;F;22;5319,73;Quitado;15/03/2026
C02686;CLI01299;14/08/2024;Zona Leste;Site;2114,9;18;117,49;Centro;M;34;4086,44;Inadimplente;15/03/2026
C02687;CLI02279;01/06/2025;Zona Leste;Loja física;2754,8;10;275,48;Centro;M;51;2679,58;Em dia;15/03/2026
C02688;CLI02531;15/03/2025;Online;Loja física;2015,03;12;167,92;Bela Vista;F;27;3312,54;Quitado;15/03/2026
C02689;CLI00914;21/09/2025;Shopping Norte;Loja física;2297,0;12;191,42;Alto da Serra;F;38;1888,73;Em dia;15/03/2026
C02690;CLI02184;07/10/2025;Zona Leste;Loja física;4235,23;12;352,94;Alto da Serra;M;36;1965,86;Inadimplente;15/03/2026
C02691;CLI01835;16/02/2025;Centro;Televendas;1214,89;12;101,24;Bela Vista;F;41;3304,42;Em dia;15/03/2026
C02693;CLI01827;16/07/2025;Zona Leste;Site;2848,45;18;158,25;Parque das Flores;F;30;6999,41;Em dia;15/03/2026
C02695;CLI00714;03/12/2024;Online;Loja física;1576,35;12;131,36;Cidade Nova;F;30;2910,59;Quitado;15/03/2026
C02696;CLI00597;17/05/2025;Zona Leste;Loja física;1479,64;10;147,96;Centro;F;23;1351,03;Inadimplente;15/03/2026
C02697;CLI00918;26/12/2024;Centro;Loja física;2157,52;24;89,9;Jardim América;F;38;3278,24;Em dia;15/03/2026
C02698;CLI01802;09/08/2025;Shopping Norte;Loja física;836,92;12;69,74;Bela Vista;M;42;5085,44;Em dia;15/03/2026
C02699;CLI00708;25/12/2024;Shopping Norte;Site;1862,48;18;103,47;Jardim América;M;46;1710,0;Inadimplente;15/03/2026
C02700;CLI02751;11/04/2025;Zona Leste;Loja física;3942,1;10;394,21;Jd. America;F;26;2817,03;Quitado;15/03/2026
C02701;CLI00853;29/08/2025;Online;Loja física;5341,12;12;445,09;Bela Vista;F;46;2350,31;Em dia;15/03/2026
C02702;CLI02132;29/05/2025;Zona Leste;Loja física;4086,45;10;408,64;Vila Progresso;F;31;2990,67;Em dia;15/03/2026
C02703;CLI01287;20/11/2024;Shopping Norte;Loja física;1469,94;24;61,25;Cidade Nova;F;26;4870,87;Em dia;15/03/2026
C02704;CLI00129;20/09/2024;Centro;Loja física;8047,53;12;670,63;Jardim América;M;31;4828,24;Inadimplente;15/03/2026
C02705;CLI01797;08/01/2025;Zona Leste;Loja física;1220,4;12;101,7;Jd. America;M;18;1986,05;Quitado;15/03/2026
C02706;CLI01541;08/08/2024;Shopping Norte;Loja física;3869,74;18;214,99;Centro;F;23;2551,73;Inadimplente;15/03/2026
C02707;CLI00549;08/10/2025;Zona Leste;Loja física;787,14;6;131,19;Jd. America;F;49;2551,4;Em dia;15/03/2026
C02708;CLI00152;18/06/2024;Shopping Norte;Site;951,67;12;79,31;Parque das Flores;F;57;2174,23;Quitado;15/03/2026
C02709;CLI01613;24/12/2024;Centro;Loja física;3970,78;12;330,9;Parque das Flores;M;30;3444,89;Inadimplente;15/03/2026
C02711;CLI01345;01/04/2025;Centro;Loja física;926,8;12;77,23;Jardim América;M;32;2091,24;Inadimplente;15/03/2026
C02713;CLI00221;30/09/2025;Shopping Norte;Site;3216,17;12;268,01;Jardim América;M;42;2545,42;Inadimplente;15/03/2026
C02714;CLI01659;21/10/2024;Zona Leste;Loja física;1111,31;18;61,74;Alto da Serra;F;37;3853,45;Em dia;15/03/2026
C02715;CLI02430;09/09/2024;Centro;Loja física;840,54;12;70,04;Centro;F;54;3947,73;Inadimplente;15/03/2026
C02716;CLI02274;31/07/2025;Shopping Norte;Site;1340,38;6;223,4;Vila Progresso;M;66;2430,43;Quitado;15/03/2026
C02717;CLI02366;20/09/2024;Shopping Norte;Site;2293,94;6;382,32;Bela Vista;M;37;2147,26;Inadimplente;15/03/2026
C02718;CLI02696;11/04/2025;Online;Televendas;1767,56;12;147,3;Alto da Serra;M;43;2671,88;Inadimplente;15/03/2026
C02719;CLI00405;21/04/2025;Shopping Norte;Loja física;1199,55;12;99,96;Cidade Nova;F;43;2040,98;Inadimplente;15/03/2026
C02720;CLI02275;27/08/2024;Centro;Loja física;2858,88;10;285,89;Vila Progresso;F;47;2977,92;Quitado;15/03/2026
C02721;CLI02011;14/09/2024;Zona Leste;Loja física;1037,94;10;103,79;Bela Vista;M;50;1952,71;Quitado;15/03/2026
C02722;CLI02465;08/02/2025;Zona Leste;Loja física;1997,49;10;199,75;Centro;F;43;4268,92;Quitado;15/03/2026
C02723;CLI01668;21/02/2025;Shopping Norte;Site;1125,02;12;93,75;Vila Progresso;F;40;2175,31;Inadimplente;15/03/2026
C02724;CLI02553;20/09/2024;Centro;Site;3732,88;10;373,29;Alto da Serra;M;37;6682,0;Quitado;15/03/2026
C02725;CLI01981;26/12/2024;Centro;Loja física;1663,11;24;69,3;Jd. America;M;37;2613,22;Em dia;15/03/2026
C02726;CLI00420;05/11/2024;Shopping Norte;Televendas;1595,3;18;88,63;Centro;M;37;2738,07;Inadimplente;15/03/2026
C02727;CLI00862;05/04/2025;Shopping Norte;Loja física;2532,24;12;211,02;Parque das Flores;F;42;996,04;Inadimplente;15/03/2026
C02728;CLI00735;15/11/2025;Zona Leste;Site;2168,89;6;361,48;Jardim Botânico;F;41;2178,98;Em dia;15/03/2026
C02729;CLI00621;28/01/2025;Zona Leste;Loja física;4636,37;6;772,73;Jardim América;F;33;3381,53;Inadimplente;15/03/2026
C02730;CLI00436;28/07/2024;Zona Leste;Loja física;1567,42;24;65,31;Centro;M;65;4131,84;Em dia;15/03/2026
C02732;CLI00142;05/10/2024;Online;Televendas;1927,8;24;80,32;Parque das Flores;F;22;2776,58;Inadimplente;15/03/2026
C02733;CLI00995;28/05/2025;Centro;Televendas;1538,16;6;256,36;Bela Vista;F;54;1751,75;Quitado;15/03/2026
C02734;CLI01876;26/07/2025;Zona Leste;Televendas;1056,48;6;176,08;Vila Progresso;M;30;1175,46;Quitado;15/03/2026
C02735;CLI01876;26/08/2024;Centro;Loja física;724,74;12;60,4;Vila Progresso;M;25;2976,62;Quitado;15/03/2026
C02736;CLI02657;27/10/2025;Zona Leste;Televendas;3035,5;12;252,96;Jd. America;M;45;3856,34;Inadimplente;15/03/2026
C02737;CLI01174;14/10/2025;Shopping Norte;Loja física;2150,6;6;358,43;Jd. America;F;33;3109,77;Em dia;15/03/2026
C02738;CLI00732;17/10/2024;Centro;Loja física;1148,45;6;191,41;Jardim América;F;28;2441,93;Inadimplente;15/03/2026
C02739;CLI00181;29/11/2024;Centro;Loja física;1308,26;12;109,02;Alto da Serra;F;41;2358,6;Quitado;15/03/2026
C02740;CLI02222;18/07/2025;Zona Leste;Loja física;7446,7;18;413,71;Parque das Flores;M;31;5320,74;Inadimplente;15/03/2026
C02741;CLI00164;07/10/2024;Centro;Loja física;1747,45;6;291,24;Jardim América;F;31;2324,48;Quitado;15/03/2026
C02742;CLI02201;04/07/2024;Shopping Norte;Loja física;2449,29;12;204,11;Centro;M;43;6162,69;Quitado;15/03/2026
C02743;CLI00715;01/07/2024;Centro;Loja física;1164,58;6;194,1;Centro;F;31;2756,84;Inadimplente;15/03/2026
C02744;CLI02293;06/08/2024;Zona Leste;Loja física;2041,37;18;113,41;Bela Vista;F;54;2865,65;Quitado;15/03/2026
C02745;CLI01126;27/10/2025;Centro;Loja física;1874,21;12;156,18;Vila Progresso;M;38;2539,18;Em dia;15/03/2026
C02746;CLI01904;19/06/2025;Zona Leste;Loja física;1633,56;10;163,36;Jardim América;M;34;4422,53;Em dia;15/03/2026
C02747;CLI00190;02/06/2025;Zona Leste;Loja física;1543,28;12;128,61;Parque das Flores;M;56;3435,45;Em dia;15/03/2026
C02748;CLI01067;25/08/2025;Centro;Loja física;2133,15;18;118,51;Cidade Nova;M;41;2899,4;Em dia;15/03/2026
C02749;CLI01927;28/10/2025;Shopping Norte;Loja física;2038,63;24;84,94;Centro;F;32;1541,14;Em dia;15/03/2026
C02750;CLI00550;15/03/2025;Zona Leste;Televendas;5166,29;6;861,05;Jd. America;M;32;2291,83;Inadimplente;15/03/2026
C02751;CLI02101;04/02/2025;Centro;Televendas;1944,52;10;194,45;Bela Vista;F;41;4207,36;Quitado;15/03/2026
C02752;CLI02661;03/12/2024;Zona Leste;Loja física;879,62;12;73,3;Vila Progresso;F;43;3613,69;Quitado;15/03/2026
C02753;CLI00259;25/12/2024;Shopping Norte;Loja física;2608,81;6;434,8;Alto da Serra;F;59;4876,63;Quitado;15/03/2026
C02754;CLI01458;21/04/2025;Shopping Norte;Loja física;3891,75;24;162,16;Centro;M;68;1465,17;Inadimplente;15/03/2026
C02755;CLI01321;10/11/2024;Zona Leste;Loja física;1200,23;24;50,01;Cidade Nova;M;37;3091,79;Inadimplente;15/03/2026
C02756;CLI00022;05/08/2024;Zona Leste;Loja física;797,5;10;79,75;Jardim América;M;42;3844,4;Quitado;15/03/2026
C02757;CLI02434;01/10/2024;Zona Leste;Loja física;1520,54;18;84,47;Parque das Flores;M;40;3115,59;Inadimplente;15/03/2026
C02758;CLI01004;30/06/2025;Online;Loja física;5203,82;10;520,38;Cidade Nova;M;38;1937,68;Inadimplente;15/03/2026
C02760;CLI01425;12/02/2025;Shopping Norte;Site;5927,16;18;329,29;Vila Progresso;M;42;2428,15;Inadimplente;15/03/2026
C02761;CLI02041;24/07/2024;Shopping Norte;Loja física;718,49;24;29,94;Jardim América;F;52;2662,76;Em dia;15/03/2026
C02762;CLI01796;15/07/2025;Shopping Norte;Loja física;3590,94;18;199,5;Centro;F;58;1898,82;Em dia;15/03/2026
C02763;CLI00977;07/12/2024;Shopping Norte;Site;1418,76;18;78,82;Parque das Flores;M;18;3128,39;Em dia;15/03/2026
C02765;CLI00829;27/08/2025;Zona Leste;Loja física;3534,62;6;589,1;Alto da Serra;M;38;3639,72;Inadimplente;15/03/2026
C02766;CLI00781;18/09/2025;Shopping Norte;Loja física;1944,89;12;162,07;Alto da Serra;M;61;2061,11;Inadimplente;15/03/2026
C02767;CLI02321;06/01/2025;Zona Leste;Loja física;1202,32;10;120,23;Alto da Serra;M;42;4964,66;Quitado;15/03/2026
C02768;CLI02071;28/10/2025;Online;Televendas;6449,92;10;644,99;Vila Progresso;M;42;1391,45;Inadimplente;15/03/2026
C02769;CLI01332;08/04/2025;Online;Loja física;2842,61;6;473,77;Jardim América;F;52;4131,3;Inadimplente;15/03/2026
C02771;CLI01375;10/10/2025;Zona Leste;Televendas;1107,84;12;92,32;Centro;M;29;5470,9;Em dia;15/03/2026
C02772;CLI02604;16/03/2025;Centro;Site;3211,9;12;267,66;Parque das Flores;F;42;3136,03;Inadimplente;15/03/2026
C02774;CLI00990;21/02/2025;Online;Loja física;1763,45;12;146,95;Parque das Flores;F;28;2668,21;Quitado;15/03/2026
C02775;CLI01734;28/05/2025;Zona Leste;Loja física;3689,9;10;368,99;Jd. America;F;52;2431,92;Inadimplente;15/03/2026
C02776;CLI00792;19/05/2025;Zona Leste;Televendas;1844,02;24;76,83;Alto da Serra;M;41;5101,31;Em dia;15/03/2026
C02777;CLI02682;05/12/2024;Centro;Loja física;1183,85;12;98,65;Jardim Botânico;F;39;1598,6;Inadimplente;15/03/2026
C02778;CLI01896;25/10/2025;Shopping Norte;Site;730,85;12;60,9;Cidade Nova;F;49;2299,53;Em dia;15/03/2026
C02779;CLI00791;02/05/2025;Online;Loja física;2709,83;12;225,82;Centro;M;22;4568,05;Em dia;15/03/2026
C02780;CLI01540;14/02/2025;Zona Leste;Loja física;872,7;12;72,73;Vila Progresso;M;60;2722,65;Inadimplente;15/03/2026
C02781;CLI01801;02/09/2024;Shopping Norte;Loja física;1853,61;12;154,47;Jardim América;F;27;2474,69;Quitado;15/03/2026
C02782;CLI01014;31/12/2024;Zona Leste;Loja física;1828,65;18;101,59;Cidade Nova;M;27;1872,81;Em dia;15/03/2026
C02783;CLI01929;07/10/2025;Zona Leste;Loja física;1848,36;12;154,03;Jd. America;M;56;4089,81;Inadimplente;15/03/2026
C02784;CLI00666;05/12/2024;Zona Leste;Loja física;2315,35;12;192,95;Centro;F;33;2536,33;Quitado;15/03/2026
C02785;CLI01296;08/10/2025;Shopping Norte;Loja física;1357,57;6;226,26;Jd. America;F;44;3732,61;Em dia;15/03/2026
C02786;CLI01187;03/10/2025;Shopping Norte;Loja física;3767,13;18;209,28;Jardim Botânico;M;21;1540,04;Em dia;15/03/2026
C02787;CLI01655;26/12/2024;Shopping Norte;Loja física;2571,5;12;214,29;Vila Progresso;M;34;4375,85;Inadimplente;15/03/2026
C02788;CLI00221;24/12/2024;Centro;Site;1929,24;12;160,77;Centro;M;43;2421,63;Inadimplente;15/03/2026
C02789;CLI00620;11/11/2025;Zona Leste;Loja física;2653,27;6;442,21;Centro;M;44;1615,08;Inadimplente;15/03/2026
C02791;CLI01072;07/08/2025;Shopping Norte;Site;890,13;18;49,45;Parque das Flores;M;50;4583,55;Em dia;15/03/2026
C02792;CLI00357;23/12/2024;Shopping Norte;Loja física;787,78;10;78,78;Vila Progresso;M;36;2029,36;Quitado;15/03/2026
C02793;CLI01408;28/02/2025;Zona Leste;Loja física;4142,34;18;230,13;Jardim Botânico;M;43;3082,37;Em dia;15/03/2026
C02795;CLI02546;08/11/2024;Centro;Site;1564,48;6;260,75;Bela Vista;M;31;2370,91;Inadimplente;15/03/2026
C02796;CLI01514;12/04/2025;Centro;Loja física;1315,63;18;73,09;Vila Progresso;M;26;4303,24;Em dia;15/03/2026
C02797;CLI00691;10/11/2024;Shopping Norte;Loja física;3172,12;12;264,34;Centro;F;44;2183,46;Inadimplente;15/03/2026
C02798;CLI01837;02/12/2024;Shopping Norte;Site;2196,51;24;91,52;Cidade Nova;M;47;4304,53;Inadimplente;15/03/2026
C02799;CLI02749;21/08/2024;Shopping Norte;Loja física;4259,84;10;425,98;Vila Progresso;F;51;5141,85;Quitado;15/03/2026
C02802;CLI00881;24/01/2025;Zona Leste;Loja física;713,67;18;39,65;Jardim América;F;30;7765,54;Inadimplente;15/03/2026
C02803;CLI02169;06/11/2025;Online;Loja física;1095,28;24;45,64;Alto da Serra;F;43;3265,78;Em dia;15/03/2026
C02804;CLI00538;18/01/2025;Shopping Norte;Loja física;1778,17;6;296,36;Vila Progresso;F;20;2001,21;Quitado;15/03/2026
C02805;CLI01518;10/10/2025;Zona Leste;Televendas;2155,85;18;119,77;Cidade Nova;M;63;4783,17;Em dia;15/03/2026
C02806;CLI02030;24/09/2024;Centro;Televendas;771,78;10;77,18;Bela Vista;F;60;2115,01;Inadimplente;15/03/2026
C02807;CLI00698;05/07/2025;Shopping Norte;Televendas;4402,84;10;440,28;Centro;F;60;1031,21;Inadimplente;15/03/2026
C02808;CLI01041;04/02/2025;Centro;Loja física;977,59;6;162,93;Parque das Flores;M;49;4520,86;Quitado;15/03/2026
C02809;CLI01180;09/02/2025;Zona Leste;Loja física;985,1;18;54,73;Bela Vista;F;43;2648,44;Inadimplente;15/03/2026
C02810;CLI01422;14/10/2024;Zona Leste;Loja física;1833,96;12;152,83;Parque das Flores;F;43;4858,5;Quitado;15/03/2026
C02811;CLI02658;15/05/2025;Zona Leste;Site;2693,67;18;149,65;Parque das Flores;F;78;5076,12;Inadimplente;15/03/2026
C02812;CLI02174;23/08/2025;Shopping Norte;Loja física;534,38;10;53,44;Centro;F;32;3915,29;Em dia;15/03/2026
C02813;CLI01161;26/09/2025;Shopping Norte;Loja física;1851,96;12;154,33;Jardim América;F;22;2107,17;Em dia;15/03/2026
C02815;CLI01482;25/08/2025;Centro;Televendas;1342,89;6;223,82;Parque das Flores;F;45;3447,76;Quitado;15/03/2026
C02816;CLI01603;11/07/2024;Zona Leste;Televendas;856,91;10;85,69;Alto da Serra;F;48;2340,54;Quitado;15/03/2026
C02817;CLI00708;10/04/2025;Shopping Norte;Loja física;1785,06;10;178,51;Centro;F;33;3056,43;Quitado;15/03/2026
C02818;CLI00687;19/10/2024;Shopping Norte;Televendas;3143,44;6;523,91;Alto da Serra;M;58;5737,75;Inadimplente;15/03/2026
C02820;CLI00338;28/05/2025;Shopping Norte;Site;1255,12;6;209,19;Vila Progresso;F;32;7120,07;Quitado;15/03/2026
C02821;CLI01917;09/04/2025;Online;Loja física;3153,8;18;175,21;Jardim Botânico;M;64;4247,19;Inadimplente;15/03/2026
C02822;CLI01707;22/01/2025;Shopping Norte;Loja física;937,88;10;93,79;Jardim América;F;32;915,39;Quitado;15/03/2026
C02824;CLI01282;14/07/2024;Centro;Loja física;1625,95;12;135,5;Centro;F;54;1918,3;Inadimplente;15/03/2026
C02825;CLI00141;26/10/2025;Online;Site;1699,13;12;141,59;Parque das Flores;M;27;2407,39;Em dia;15/03/2026
C02826;CLI00357;06/09/2025;Shopping Norte;Loja física;3016,15;24;125,67;Centro;F;52;2267,8;Inadimplente;15/03/2026
C02827;CLI01554;14/10/2025;Shopping Norte;Loja física;5243,79;18;291,32;Vila Progresso;M;44;4519,28;Em dia;15/03/2026
C02828;CLI02104;13/11/2025;Zona Leste;Loja física;2358,04;12;196,5;Alto da Serra;M;24;4861,76;Inadimplente;15/03/2026
C02830;CLI00176;22/07/2025;Zona Leste;Loja física;745,4;10;74,54;Parque das Flores;M;44;3876,81;Inadimplente;15/03/2026
C02831;CLI00207;09/10/2025;Zona Leste;Loja física;1956,99;18;108,72;Jardim América;F;27;2800,43;Em dia;15/03/2026
C02832;CLI01686;10/09/2025;Shopping Norte;Loja física;1296,95;12;108,08;Centro;F;37;3944,34;Em dia;15/03/2026
C02833;CLI01552;26/05/2025;Shopping Norte;Site;3550,19;10;355,02;Vila Progresso;M;21;1781,31;Inadimplente;15/03/2026
C02834;CLI00320;20/06/2024;Centro;Site;5539,45;18;307,75;Jardim Botânico;M;29;2341,97;Quitado;15/03/2026
C02835;CLI01638;11/09/2025;Shopping Norte;Loja física;2144,24;6;357,37;Cidade Nova;M;45;1821,83;Quitado;15/03/2026
C02837;CLI02017;07/10/2025;Shopping Norte;Loja física;1992,7;10;199,27;Jd. America;M;63;2120,82;Inadimplente;15/03/2026
C02838;CLI01034;27/10/2024;Zona Leste;Loja física;1216,98;12;101,42;Jd. America;M;76;5576,68;Inadimplente;15/03/2026
C02839;CLI01004;04/08/2024;Zona Leste;Loja física;1067,9;10;106,79;Jd. America;M;57;2206,72;Inadimplente;15/03/2026
C02840;CLI00005;09/11/2024;Shopping Norte;Loja física;1366,32;12;113,86;Alto da Serra;M;47;2076,73;Quitado;15/03/2026
C02841;CLI00464;03/06/2025;Centro;Loja física;3416,13;12;284,68;Vila Progresso;F;46;1308,79;Inadimplente;15/03/2026
C02842;CLI00295;05/06/2025;Zona Leste;Loja física;3588,06;6;598,01;Cidade Nova;F;22;5746,81;Quitado;15/03/2026
C02843;CLI02048;04/04/2025;Online;Loja física;3665,75;10;366,58;Parque das Flores;M;28;3766,1;Inadimplente;15/03/2026
C02844;CLI01123;06/06/2025;Zona Leste;Loja física;2814,79;24;117,28;Vila Progresso;M;64;1478,4;Inadimplente;15/03/2026
C02845;CLI00157;06/10/2025;Zona Leste;Televendas;1588,66;10;158,87;Alto da Serra;M;54;2964,39;Em dia;15/03/2026
C02846;CLI02285;29/09/2025;Centro;Loja física;772,71;10;77,27;Jd. America;M;48;2705,81;Em dia;15/03/2026
C02847;CLI00165;10/11/2024;Shopping Norte;Loja física;1019,58;12;84,96;Bela Vista;M;68;3792,61;Quitado;15/03/2026
C02848;CLI01003;15/10/2024;Centro;Loja física;1298,47;18;72,14;Vila Progresso;M;42;1468,43;Em dia;15/03/2026
C02849;CLI01703;08/12/2024;Shopping Norte;Loja física;5831,13;12;485,93;Centro;F;23;5967,07;Quitado;15/03/2026
C02850;CLI00459;11/08/2024;Shopping Norte;Site;1840,78;12;153,4;Jardim América;M;42;1566,97;Quitado;15/03/2026
C02851;CLI01573;18/09/2024;Online;Loja física;930,73;6;155,12;Vila Progresso;F;68;2736,43;Quitado;15/03/2026
C02852;CLI00281;22/04/2025;Zona Leste;Loja física;904,66;10;90,47;Jardim América;F;52;1747,86;Quitado;15/03/2026
C02853;CLI02099;29/07/2025;Shopping Norte;Loja física;3223,46;12;268,62;Jardim Botânico;M;49;3968,02;Em dia;15/03/2026
C02854;CLI02278;05/12/2024;Centro;Loja física;8198,71;12;683,23;Centro;M;36;3025,23;Inadimplente;15/03/2026
C02855;CLI01776;08/11/2024;Zona Leste;Loja física;995,23;12;82,94;Centro;F;44;1326,81;Quitado;15/03/2026
C02856;CLI02114;04/09/2024;Centro;Loja física;646,76;12;53,9;Bela Vista;M;42;2575,08;Quitado;15/03/2026
C02857;CLI00359;12/01/2025;Zona Leste;Loja física;1863,41;24;77,64;Vila Progresso;M;18;2552,32;Em dia;15/03/2026
C02859;CLI02066;20/03/2025;Shopping Norte;Loja física;1974,27;6;329,04;Cidade Nova;F;63;2385,37;Quitado;15/03/2026
C02860;CLI00454;31/12/2024;Shopping Norte;Loja física;526,57;18;29,25;Bela Vista;F;18;1672,1;Em dia;15/03/2026
C02861;CLI00017;21/07/2025;Zona Leste;Televendas;3034,64;6;505,77;Jd. America;M;18;5926,42;Quitado;15/03/2026
C02862;CLI00146;25/05/2025;Zona Leste;Site;3173,81;18;176,32;Vila Progresso;M;51;4499,13;Em dia;15/03/2026
C02863;CLI01289;22/02/2025;Shopping Norte;Loja física;2025,37;6;337,56;Vila Progresso;M;30;2998,77;Inadimplente;15/03/2026
C02864;CLI01643;03/11/2024;Shopping Norte;Site;2176,99;6;362,83;Jardim Botânico;F;38;3306,64;Inadimplente;15/03/2026
C02865;CLI02117;17/08/2024;Shopping Norte;Loja física;1694,31;12;141,19;Cidade Nova;F;56;2924,64;Quitado;15/03/2026
C02866;CLI01805;10/10/2024;Centro;Loja física;2757,51;6;459,58;Jardim Botânico;M;48;3323,75;Inadimplente;15/03/2026
C02867;CLI00824;08/02/2025;Online;Loja física;380,0;12;31,67;Parque das Flores;F;48;2461,21;Quitado;15/03/2026
C02868;CLI00549;27/05/2025;Centro;Loja física;6022,64;12;501,89;Jardim América;M;47;2467,84;Inadimplente;15/03/2026
C02869;CLI01880;29/09/2025;Centro;Loja física;1287,97;10;128,8;Jardim Botânico;F;38;2554,88;Inadimplente;15/03/2026
C02870;CLI01591;14/08/2024;Zona Leste;Loja física;1089,42;12;90,79;Vila Progresso;M;36;3210,8;Inadimplente;15/03/2026
C02871;CLI00415;11/10/2025;Shopping Norte;Televendas;639,61;10;63,96;Vila Progresso;M;55;2486,25;Inadimplente;15/03/2026
C02872;CLI00562;18/10/2025;Shopping Norte;Loja física;1158,84;10;115,88;Parque das Flores;F;23;2897,44;Em dia;15/03/2026
C02874;CLI00904;28/07/2024;Centro;Loja física;2813,5;10;281,35;Cidade Nova;F;48;1705,85;Inadimplente;15/03/2026
C02875;CLI00088;15/09/2024;Shopping Norte;Loja física;4755,17;24;198,13;Parque das Flores;M;42;2507,62;Em dia;15/03/2026
C02876;CLI01787;03/09/2025;Shopping Norte;Televendas;1681,27;12;140,11;Vila Progresso;F;29;2224,28;Inadimplente;15/03/2026
C02877;CLI00264;22/09/2025;Centro;Loja física;1615,47;12;134,62;Vila Progresso;M;20;6468,34;Em dia;15/03/2026
C02879;CLI00543;14/07/2025;Centro;Site;783,66;6;130,61;Centro;M;46;5246,28;Quitado;15/03/2026
C02880;CLI00791;17/02/2025;Zona Leste;Televendas;3808,05;6;634,68;Vila Progresso;F;26;2141,36;Em dia;15/03/2026
C02882;CLI02123;20/08/2025;Zona Leste;Site;1905,58;6;317,6;Parque das Flores;F;43;2552,34;Inadimplente;15/03/2026
C02883;CLI00286;20/11/2024;Centro;Loja física;971,12;12;80,93;Jardim Botânico;M;35;2952,81;Quitado;15/03/2026
C02884;CLI00238;07/11/2025;Zona Leste;Loja física;642,04;12;53,5;Bela Vista;M;58;2251,53;Em dia;15/03/2026
C02885;CLI02171;22/07/2025;Zona Leste;Loja física;1559,45;12;129,95;Bela Vista;F;64;3987,94;Inadimplente;15/03/2026
C02886;CLI00415;23/09/2025;Shopping Norte;Loja física;878,16;12;73,18;Jd. America;F;55;2326,62;Inadimplente;15/03/2026
C02887;CLI00925;07/10/2024;Zona Leste;Loja física;1483,45;12;123,62;Jardim Botânico;M;52;5086,24;Quitado;15/03/2026
C02888;CLI01832;09/07/2024;Shopping Norte;Televendas;958,6;24;39,94;Vila Progresso;M;38;5465,33;Em dia;15/03/2026
C02889;CLI00599;14/09/2025;Centro;Site;1812,24;24;75,51;Parque das Flores;F;49;1783,5;Em dia;15/03/2026
C02891;CLI01179;28/10/2025;Zona Leste;Loja física;2422,22;18;134,57;Bela Vista;F;41;5552,54;Em dia;15/03/2026
C02892;CLI02358;08/11/2024;Centro;Loja física;3610,69;18;200,59;Jd. America;F;48;3015,46;Em dia;15/03/2026
C02893;CLI02402;05/09/2025;Centro;Site;1312,3;6;218,72;Cidade Nova;M;43;3587,76;Quitado;15/03/2026
C02895;CLI00595;12/09/2025;Shopping Norte;Televendas;1125,72;24;46,9;Vila Progresso;M;50;1840,25;Inadimplente;15/03/2026
C02896;CLI00520;16/09/2024;Zona Leste;Loja física;2867,73;18;159,32;Cidade Nova;F;36;2005,4;Inadimplente;15/03/2026
C02897;CLI01562;19/02/2025;Zona Leste;Loja física;694,18;24;28,92;Jd. America;F;53;3250,72;Em dia;15/03/2026
C02898;CLI01801;20/03/2025;Online;Loja física;1672,17;6;278,7;Vila Progresso;M;40;3389,47;Quitado;15/03/2026
C02899;CLI00171;12/01/2025;Zona Leste;Site;1382,66;18;76,81;Centro;F;35;2986,71;Inadimplente;15/03/2026
C02900;CLI00484;14/08/2025;Online;Loja física;1519,15;24;63,3;Centro;M;57;6703,27;Em dia;15/03/2026
C02901;CLI02518;28/10/2025;Online;Site;1843,32;10;184,33;Vila Progresso;M;42;4156,17;Inadimplente;15/03/2026
C02902;CLI01850;20/09/2024;Zona Leste;Loja física;3930,97;12;327,58;Parque das Flores;F;40;3601,78;Quitado;15/03/2026
C02903;CLI01990;21/08/2024;Centro;Loja física;1175,83;10;117,58;Jardim América;F;27;2130,6;Quitado;15/03/2026
C02904;CLI02028;20/09/2025;Zona Leste;Loja física;5565,19;24;231,88;Vila Progresso;F;36;3611,56;Inadimplente;15/03/2026
C02905;CLI00150;08/06/2025;Online;Televendas;1235,19;18;68,62;Cidade Nova;M;57;5168,69;Inadimplente;15/03/2026
C02906;CLI02685;11/11/2024;Centro;Loja física;1234,71;18;68,6;Jardim América;M;32;4749,36;Inadimplente;15/03/2026
C02907;CLI01870;30/07/2024;Centro;Site;380,0;10;38,0;Cidade Nova;F;50;1922,08;Quitado;15/03/2026
C02908;CLI00915;04/09/2025;Shopping Norte;Loja física;1242,75;12;103,56;Centro;M;49;1800,06;Inadimplente;15/03/2026
C02909;CLI00917;09/10/2025;Zona Leste;Televendas;1990,92;6;331,82;Jardim América;F;51;5957,58;Em dia;15/03/2026
C02910;CLI02230;15/07/2025;Centro;Loja física;2685,82;6;447,64;Jardim América;F;46;3818,32;Inadimplente;15/03/2026
C02911;CLI01236;26/03/2025;Shopping Norte;Site;2043,25;18;113,51;Parque das Flores;M;20;1429,13;Em dia;15/03/2026
C02912;CLI01048;07/02/2025;Centro;Loja física;1575,54;18;87,53;Vila Progresso;F;65;2380,16;Inadimplente;15/03/2026
C02913;CLI00606;09/10/2025;Centro;Televendas;1494,34;18;83,02;Parque das Flores;F;31;2669,14;Em dia;15/03/2026
C02914;CLI00646;04/05/2025;Shopping Norte;Loja física;1493,37;18;82,96;Jardim Botânico;M;40;3212,08;Em dia;15/03/2026
C02915;CLI01785;22/09/2024;Centro;Televendas;975,84;6;162,64;Vila Progresso;M;27;1821,56;Quitado;15/03/2026
C02916;CLI01952;23/11/2024;Zona Leste;Loja física;1790,11;12;149,18;Bela Vista;M;38;3623,51;Quitado;15/03/2026
C02917;CLI00343;04/02/2025;Centro;Loja física;793,8;10;79,38;Cidade Nova;M;62;2655,47;Quitado;15/03/2026
C02918;CLI00232;09/11/2024;Zona Leste;Loja física;2774,42;10;277,44;Cidade Nova;F;51;2989,04;Quitado;15/03/2026
C02919;CLI00261;27/08/2025;Zona Leste;Televendas;1490,39;12;124,2;Jardim América;F;18;931,48;Inadimplente;15/03/2026
C02920;CLI01914;02/02/2025;Shopping Norte;Loja física;1038,56;12;86,55;Vila Progresso;M;20;3704,34;Inadimplente;15/03/2026
C02921;CLI00880;13/08/2024;Zona Leste;Loja física;1238,99;12;103,25;Centro;F;45;2635,58;Quitado;15/03/2026
C02922;CLI02321;30/03/2025;Centro;Televendas;1403,39;10;140,34;Vila Progresso;F;35;4623,98;Quitado;15/03/2026
C02923;CLI02136;15/03/2025;Centro;Loja física;5018,21;18;278,79;Jardim América;M;54;2698,05;Em dia;15/03/2026
C02924;CLI01370;11/10/2025;Zona Leste;Loja física;4749,53;18;263,86;Parque das Flores;F;40;4498,75;Em dia;15/03/2026
C02925;CLI00878;18/10/2024;Centro;Loja física;2635,49;24;109,81;Jardim Botânico;M;36;2517,31;Inadimplente;15/03/2026
C02926;CLI00211;13/11/2025;Centro;Loja física;1529,46;10;152,95;Cidade Nova;F;18;2497,97;Em dia;15/03/2026
C02927;CLI02252;23/06/2024;Zona Leste;Site;682,34;12;56,86;Vila Progresso;F;40;2871,26;Quitado;15/03/2026
C02928;CLI01826;21/06/2025;Zona Leste;Televendas;3203,27;10;320,33;Cidade Nova;F;25;5868,21;Em dia;15/03/2026
C02929;CLI01169;20/12/2024;Zona Leste;Televendas;1928,58;6;321,43;Vila Progresso;F;45;2122,08;Inadimplente;15/03/2026
C02930;CLI00347;28/11/2024;Shopping Norte;Site;1616,31;6;269,38;Bela Vista;F;29;3608,23;Quitado;15/03/2026
C02931;CLI01193;18/11/2024;Centro;Site;1180,15;18;65,56;Centro;F;60;2962,93;Inadimplente;15/03/2026
C02932;CLI01441;23/10/2024;Centro;Loja física;2310,32;10;231,03;Alto da Serra;M;41;3362,14;Quitado;15/03/2026
C02934;CLI02471;04/03/2025;Zona Leste;Site;3842,07;10;384,21;Jd. America;F;33;2628,24;Inadimplente;15/03/2026
C02935;CLI02676;19/08/2024;Online;Televendas;1024,82;10;102,48;Jardim América;M;18;1438,91;Quitado;15/03/2026
C02937;CLI01880;24/02/2025;Shopping Norte;Loja física;4193,15;12;349,43;Vila Progresso;F;63;1983,91;Inadimplente;15/03/2026
C02938;CLI02530;11/03/2025;Online;Televendas;3221,47;12;268,46;Bela Vista;M;60;2633,95;Quitado;15/03/2026
C02939;CLI01001;14/11/2024;Centro;Loja física;1348,18;6;224,7;Jardim Botânico;M;38;4013,75;Quitado;15/03/2026
C02940;CLI01775;30/07/2025;Shopping Norte;Televendas;1670,99;6;278,5;Centro;F;44;2049,13;Inadimplente;15/03/2026
C02941;CLI01288;06/10/2024;Shopping Norte;Loja física;1245,46;6;207,58;Jardim América;F;62;1962,42;Inadimplente;15/03/2026
C02942;CLI02011;19/07/2024;Shopping Norte;Loja física;2093,67;10;209,37;Alto da Serra;F;50;2928,6;Quitado;15/03/2026
C02943;CLI00493;15/06/2024;Shopping Norte;Loja física;2743,57;18;152,42;Centro;M;41;4647,22;Quitado;15/03/2026
C02944;CLI01075;27/06/2025;Centro;Televendas;1989,48;12;165,79;Parque das Flores;F;71;5380,61;Em dia;15/03/2026
C02945;CLI02230;06/12/2024;Online;Loja física;2427,94;24;101,16;Alto da Serra;F;29;5874,25;Em dia;15/03/2026
C02947;CLI01480;14/07/2024;Online;Loja física;837,1;12;69,76;Centro;M;39;4399,86;Inadimplente;15/03/2026
C02948;CLI01267;14/08/2025;Centro;Site;810,18;10;81,02;Centro;F;53;3196,67;Em dia;15/03/2026
C02949;CLI01394;16/07/2024;Shopping Norte;Loja física;1403,08;18;77,95;Bela Vista;M;34;1037,02;Inadimplente;15/03/2026
C02951;CLI00525;20/09/2025;Centro;Site;1815,01;18;100,83;Centro;F;19;1762,58;Em dia;15/03/2026
C02952;CLI00748;19/09/2025;Shopping Norte;Site;6174,71;24;257,28;Jardim Botânico;M;28;3262,81;Inadimplente;15/03/2026
C02953;CLI02185;17/07/2024;Zona Leste;Loja física;1601,37;10;160,14;Bela Vista;M;61;5067,19;Em dia;15/03/2026
C02954;CLI00184;27/11/2024;Zona Leste;Loja física;2351,4;24;97,98;Centro;F;26;3983,99;Em dia;15/03/2026
C02955;CLI02037;30/01/2025;Zona Leste;Loja física;1730,39;24;72,1;Jd. America;M;41;1000,85;Inadimplente;15/03/2026
C02956;CLI01881;01/09/2025;Shopping Norte;Loja física;7366,73;10;736,67;Jardim América;M;54;2180,36;Inadimplente;15/03/2026
C02957;CLI02692;10/01/2025;Centro;Loja física;727,24;12;60,6;Jardim América;M;33;3459,5;Inadimplente;15/03/2026
C02958;CLI01672;17/06/2024;Zona Leste;Site;1181,21;18;65,62;Bela Vista;F;52;3466,42;Inadimplente;15/03/2026
C02960;CLI01129;20/09/2024;Shopping Norte;Loja física;945,92;24;39,41;Bela Vista;F;45;2896,81;Em dia;15/03/2026
C02961;CLI01338;12/12/2024;Zona Leste;Loja física;4020,42;10;402,04;Cidade Nova;F;44;1742,2;Inadimplente;15/03/2026
C02962;CLI02158;25/12/2024;Centro;Televendas;2120,29;12;176,69;Bela Vista;F;51;2243,77;Em dia;15/03/2026
C02963;CLI01938;13/11/2024;Shopping Norte;Televendas;2633,71;12;219,48;Jardim Botânico;F;18;3102,6;Quitado;15/03/2026
C02965;CLI00034;30/06/2025;Centro;Site;2708,83;10;270,88;Cidade Nova;F;34;1852,26;Inadimplente;15/03/2026
C02966;CLI01752;27/01/2025;Zona Leste;Loja física;489,33;6;81,55;Cidade Nova;F;23;1652,2;Inadimplente;15/03/2026
C02967;CLI00726;17/08/2025;Centro;Loja física;2572,85;12;214,4;Parque das Flores;F;33;1786,77;Em dia;15/03/2026
C02968;CLI02380;26/07/2024;Centro;Loja física;892,31;10;89,23;Jardim Botânico;M;32;2698,88;Inadimplente;15/03/2026
C02969;CLI01838;22/10/2025;Shopping Norte;Loja física;2974,98;18;165,28;Centro;M;34;4817,99;Inadimplente;15/03/2026
C02970;CLI00031;02/06/2025;Online;Site;632,74;18;35,15;Vila Progresso;M;32;2171,3;Em dia;15/03/2026
C02971;CLI02000;11/05/2025;Centro;Loja física;2764,37;12;230,36;Jardim América;F;53;1971,49;Inadimplente;15/03/2026
C02972;CLI00160;23/01/2025;Centro;Loja física;786,24;12;65,52;Vila Progresso;M;40;2168,44;Quitado;15/03/2026
C02973;CLI01862;20/05/2025;Online;Loja física;3615,69;12;301,31;Cidade Nova;M;18;1676,36;Inadimplente;15/03/2026
C02974;CLI00314;02/07/2024;Centro;Loja física;2079,2;18;115,51;Jardim América;M;45;3338,29;Inadimplente;15/03/2026
C02975;CLI02200;17/03/2025;Zona Leste;Loja física;1028,32;6;171,39;Bela Vista;F;27;2375,7;Inadimplente;15/03/2026
C02976;CLI01604;09/11/2024;Zona Leste;Site;2570,28;24;107,1;Cidade Nova;F;29;1992,02;Quitado;15/03/2026
C02977;CLI01206;13/07/2024;Centro;Loja física;1498,81;24;62,45;Jd. America;M;64;4421,29;Inadimplente;15/03/2026
C02978;CLI02339;19/07/2025;Shopping Norte;Site;2459,09;18;136,62;Bela Vista;M;57;2769,27;Inadimplente;15/03/2026
C02979;CLI00995;08/09/2024;Centro;Loja física;2374,97;18;131,94;Jardim América;M;23;2203,79;Inadimplente;15/03/2026
C02980;CLI01687;28/07/2025;Zona Leste;Loja física;2265,12;12;188,76;Jd. America;F;47;5064,68;Em dia;15/03/2026
C02981;CLI01136;30/07/2025;Centro;Site;789,47;6;131,58;Bela Vista;F;60;1863,43;Quitado;15/03/2026
C02982;CLI01087;09/05/2025;Centro;Loja física;1952,21;10;195,22;Jd. America;M;41;2508,51;Quitado;15/03/2026
C02983;CLI00839;04/03/2025;Shopping Norte;Site;2382,61;18;132,37;Centro;M;40;2124,12;Em dia;15/03/2026
C02984;CLI01998;31/12/2024;Zona Leste;Loja física;669,72;24;27,9;Parque das Flores;M;45;1640,16;Em dia;15/03/2026
C02987;CLI00581;06/11/2024;Shopping Norte;Loja física;2532,08;6;422,01;Vila Progresso;F;35;3137,01;Quitado;15/03/2026
C02988;CLI00528;12/02/2025;Zona Leste;Loja física;3716,32;18;206,46;Cidade Nova;M;53;1738,99;Inadimplente;15/03/2026
C02989;CLI01932;22/09/2024;Shopping Norte;Loja física;1216,95;12;101,41;Jardim Botânico;F;32;5136,38;Quitado;15/03/2026
C02990;CLI02233;30/08/2025;Centro;Loja física;2514,96;18;139,72;Bela Vista;F;23;2914,2;Em dia;15/03/2026
C02991;CLI00413;01/04/2025;Zona Leste;Loja física;1697,12;18;94,28;Jd. America;F;39;1989,44;Em dia;15/03/2026
C02992;CLI01315;28/02/2025;Shopping Norte;Televendas;3656,26;12;304,69;Jardim Botânico;F;34;3301,22;Inadimplente;15/03/2026
C02993;CLI01286;19/07/2025;Centro;Loja física;1399,93;18;77,77;Jardim Botânico;M;35;4279,41;Em dia;15/03/2026
C02994;CLI00614;15/05/2025;Online;Loja física;1195,12;24;49,8;Alto da Serra;F;49;2312,6;Em dia;15/03/2026
C02995;CLI00641;29/08/2025;Zona Leste;Loja física;3748,47;18;208,25;Parque das Flores;F;47;2500,06;Inadimplente;15/03/2026
C02996;CLI00369;07/10/2025;Shopping Norte;Loja física;1408,79;10;140,88;Bela Vista;F;24;2408,94;Em dia;15/03/2026
C02997;CLI00524;19/07/2025;Online;Site;1542,44;18;85,69;Jd. America;F;46;1482,09;Em dia;15/03/2026
C02998;CLI00076;25/06/2025;Zona Leste;Site;1983,1;24;82,63;Vila Progresso;M;52;2646,59;Em dia;15/03/2026
C02999;CLI01839;29/06/2025;Online;Site;2662,9;12;221,91;Vila Progresso;M;63;6136,51;Em dia;15/03/2026
C03000;CLI00137;27/10/2025;Zona Leste;Site;5891,56;18;327,31;Vila Progresso;M;34;1691,11;Inadimplente;15/03/2026
C03001;CLI01645;06/10/2025;Shopping Norte;Site;1932,67;12;161,06;Bela Vista;F;42;1695,35;Inadimplente;15/03/2026
C03002;CLI00049;28/12/2024;Shopping Norte;Loja física;2086,54;12;173,88;Alto da Serra;F;43;3993,67;Quitado;15/03/2026
C03004;CLI00057;16/07/2024;Centro;Loja física;2907,67;6;484,61;Vila Progresso;M;36;1452,56;Inadimplente;15/03/2026
C03005;CLI01018;29/08/2024;Shopping Norte;Loja física;1317,98;10;131,8;Centro;F;52;1390,9;Quitado;15/03/2026
C03006;CLI00665;19/08/2024;Shopping Norte;Site;1981,66;10;198,17;Vila Progresso;F;56;3497,84;Quitado;15/03/2026
C03007;CLI00325;31/08/2024;Online;Loja física;2267,63;6;377,94;Bela Vista;M;78;1632,14;Quitado;15/03/2026
C03008;CLI02231;17/04/2025;Centro;Loja física;1213,1;12;101,09;Centro;F;51;3939,44;Inadimplente;15/03/2026
C03009;CLI01057;26/08/2025;Zona Leste;Site;1705,51;12;142,13;Jardim América;M;26;2587,07;Inadimplente;15/03/2026
C03010;CLI02420;08/08/2025;Zona Leste;Site;2406,54;12;200,54;Centro;M;48;3054,31;Em dia;15/03/2026
C03011;CLI02496;02/11/2025;Online;Loja física;2807,19;12;233,93;Jardim Botânico;M;36;5562,76;Em dia;15/03/2026
C03012;CLI00222;21/08/2025;Shopping Norte;Televendas;721,87;12;60,16;Parque das Flores;M;37;2977,02;Inadimplente;15/03/2026
C03013;CLI01276;18/01/2025;Online;Loja física;2363,19;24;98,47;Parque das Flores;M;39;4318,23;Em dia;15/03/2026
C03014;CLI01067;30/07/2025;Zona Leste;Loja física;2730,1;6;455,02;Parque das Flores;F;37;3244,98;Inadimplente;15/03/2026
C03016;CLI00816;30/06/2024;Shopping Norte;Loja física;1486,42;24;61,93;Vila Progresso;M;46;2120,96;Em dia;15/03/2026
C03017;CLI01037;16/08/2025;Shopping Norte;Loja física;1888,31;12;157,36;Jardim América;F;52;2518,85;Em dia;15/03/2026
C03018;CLI02407;28/12/2024;Zona Leste;Loja física;1691,05;12;140,92;Jardim Botânico;F;27;2040,59;Quitado;15/03/2026
C03019;CLI01735;12/06/2025;Shopping Norte;Televendas;572,19;10;57,22;Centro;F;43;3145,69;Em dia;15/03/2026
C03020;CLI02306;14/08/2024;Centro;Site;1851,26;10;185,13;Jardim América;M;30;2132,23;Inadimplente;15/03/2026
C03021;CLI01214;30/05/2025;Zona Leste;Loja física;869,86;24;36,24;Jd. America;F;27;3018,94;Em dia;15/03/2026
C03022;CLI02698;14/08/2025;Shopping Norte;Loja física;2275,12;10;227,51;Vila Progresso;F;18;4719,26;Inadimplente;15/03/2026
C03023;CLI00560;19/07/2024;Centro;Televendas;1999,43;24;83,31;Centro;M;37;1721,06;Inadimplente;15/03/2026
C03024;CLI01779;03/07/2024;Shopping Norte;Loja física;1111,75;6;185,29;Bela Vista;M;41;2277,22;Quitado;15/03/2026
C03025;CLI01627;30/10/2025;Zona Leste;Loja física;1860,18;10;186,02;Cidade Nova;M;41;2306,52;Em dia;15/03/2026
C03026;CLI02079;14/09/2024;Shopping Norte;Loja física;4396,73;12;366,39;Jardim América;F;38;1992,48;Inadimplente;15/03/2026
C03027;CLI01593;12/05/2025;Zona Leste;Loja física;1048,17;6;174,7;Jardim América;F;55;2657,26;Quitado;15/03/2026
C03028;CLI00466;03/08/2025;Centro;Loja física;2203,33;12;183,61;Alto da Serra;F;39;5526,14;Em dia;15/03/2026
C03029;CLI00962;30/07/2025;Zona Leste;Site;983,02;12;81,92;Vila Progresso;M;51;3978,34;Em dia;15/03/2026
C03030;CLI01203;17/12/2024;Centro;Loja física;9385,39;10;938,54;Vila Progresso;M;43;2466,34;Inadimplente;15/03/2026
C03031;CLI01862;17/07/2024;Centro;Site;1661,77;24;69,24;Parque das Flores;F;49;1542,21;Inadimplente;15/03/2026
C03032;CLI01226;05/11/2025;Shopping Norte;Site;3508,92;24;146,21;Vila Progresso;F;18;2336,22;Em dia;15/03/2026
C03033;CLI00577;09/05/2025;Centro;Loja física;3748,93;12;312,41;Vila Progresso;F;28;1541,11;Quitado;15/03/2026
C03034;CLI01228;19/05/2025;Zona Leste;Loja física;2289,93;10;228,99;Cidade Nova;F;27;4421,21;Quitado;15/03/2026
C03036;CLI01379;09/10/2025;Centro;Loja física;4082,18;24;170,09;Parque das Flores;M;72;5085,77;Em dia;15/03/2026
C03037;CLI00964;14/05/2025;Shopping Norte;Loja física;6112,78;18;339,6;Jd. America;M;48;3321,76;Inadimplente;15/03/2026
C03038;CLI01611;29/11/2024;Online;Loja física;1286,34;24;53,6;Bela Vista;F;56;4297,87;Em dia;15/03/2026
C03039;CLI00799;10/11/2025;Centro;Loja física;2525,82;12;210,48;Vila Progresso;M;42;3900,53;Em dia;15/03/2026
C03040;CLI00966;07/01/2025;Centro;Loja física;2940,87;10;294,09;Jardim América;M;48;9103,61;Quitado;15/03/2026
C03041;CLI00975;13/11/2025;Zona Leste;Televendas;1882,79;18;104,6;Jd. America;F;34;1669,88;Em dia;15/03/2026
C03042;CLI00488;29/09/2024;Shopping Norte;Loja física;567,92;12;47,33;Vila Progresso;F;28;3199,92;Inadimplente;15/03/2026
C03043;CLI00445;07/10/2024;Zona Leste;Loja física;1942,96;6;323,83;Centro;M;34;3197,03;Quitado;15/03/2026
C03045;CLI00872;10/09/2025;Zona Leste;Loja física;2280,27;18;126,68;Jardim América;F;61;5374,05;Em dia;15/03/2026
C03046;CLI02409;16/12/2024;Shopping Norte;Loja física;1781,33;24;74,22;Vila Progresso;M;37;5434,51;Inadimplente;15/03/2026
C03048;CLI00296;15/02/2025;Zona Leste;Loja física;5039,08;6;839,85;Vila Progresso;F;62;1753,6;Inadimplente;15/03/2026
C03049;CLI00781;11/11/2025;Centro;Loja física;1777,55;24;74,06;Bela Vista;F;55;2448,26;Em dia;15/03/2026
C03050;CLI02386;22/08/2024;Centro;Loja física;3192,07;6;532,01;Vila Progresso;M;30;2773,54;Inadimplente;15/03/2026
C03051;CLI00957;24/09/2024;Zona Leste;Loja física;2395,71;12;199,64;Jardim Botânico;M;55;1303,33;Quitado;15/03/2026
C03052;CLI00537;31/12/2024;Centro;Loja física;2051,82;10;205,18;Jardim América;F;53;2878,39;Quitado;15/03/2026
C03053;CLI00339;02/11/2025;Shopping Norte;Televendas;888,68;12;74,06;Vila Progresso;M;43;12407,33;Em dia;15/03/2026
C03054;CLI01684;16/07/2025;Zona Leste;Loja física;2026,59;10;202,66;Bela Vista;F;26;1964,15;Inadimplente;15/03/2026
C03055;CLI01598;15/07/2024;Centro;Loja física;1204,86;12;100,4;Alto da Serra;M;54;2403,47;Inadimplente;15/03/2026
C03056;CLI02297;25/07/2024;Centro;Loja física;2519,74;10;251,97;Jardim América;F;39;2986,64;Inadimplente;15/03/2026
C03057;CLI02353;26/09/2025;Shopping Norte;Loja física;1901,6;12;158,47;Bela Vista;F;18;1118,3;Inadimplente;15/03/2026
C03058;CLI00865;22/09/2024;Centro;Loja física;3851,34;10;385,13;Jd. America;F;57;2673,13;Quitado;15/03/2026
C03059;CLI02004;18/11/2024;Shopping Norte;Loja física;1401,45;18;77,86;Cidade Nova;F;37;1975,04;Inadimplente;15/03/2026
C03060;CLI00983;06/11/2025;Centro;Televendas;1703,95;10;170,4;Centro;F;44;2912,46;Inadimplente;15/03/2026
C03061;CLI02483;28/05/2025;Centro;Site;1473,92;12;122,83;Cidade Nova;M;29;2214,99;Em dia;15/03/2026
C03062;CLI02366;24/09/2025;Centro;Site;1282,73;12;106,89;Centro;M;70;4747,13;Em dia;15/03/2026
C03064;CLI01012;13/08/2025;Shopping Norte;Televendas;2667,23;6;444,54;Jd. America;M;57;4092,44;Inadimplente;15/03/2026
C03065;CLI00986;24/08/2025;Centro;Site;1042,02;24;43,42;Jardim Botânico;M;32;3127,56;Inadimplente;15/03/2026
C03066;CLI02101;25/08/2024;Centro;Loja física;1526,18;12;127,18;Bela Vista;M;44;6402,9;Quitado;15/03/2026
C03067;CLI01581;16/08/2025;Shopping Norte;Loja física;3007,06;6;501,18;Centro;M;48;3159,82;Inadimplente;15/03/2026
C03068;CLI00935;16/03/2025;Centro;Loja física;1110,01;6;185,0;Jardim América;M;44;3044,32;Quitado;15/03/2026
C03070;CLI01420;02/11/2025;Zona Leste;Loja física;1280,88;18;71,16;Jardim América;F;49;5318,16;Inadimplente;15/03/2026
C03071;CLI00226;22/05/2025;Zona Leste;Site;1885,04;24;78,54;Cidade Nova;M;33;3746,7;Em dia;15/03/2026
C03072;CLI01893;16/02/2025;Shopping Norte;Loja física;1548,09;12;129,01;Vila Progresso;M;61;5580,22;Inadimplente;15/03/2026
C03073;CLI02153;26/10/2024;Centro;Televendas;3047,12;10;304,71;Jd. America;M;28;1504,25;Inadimplente;15/03/2026
C03074;CLI01938;12/10/2024;Centro;Loja física;2073,38;18;115,19;Jardim Botânico;M;34;3410,85;Inadimplente;15/03/2026
C03076;CLI00043;28/05/2025;Centro;Site;3721,55;12;310,13;Vila Progresso;F;55;3376,13;Em dia;15/03/2026
C03078;CLI01381;23/01/2025;Centro;Loja física;1918,35;24;79,93;Vila Progresso;M;37;4047,84;Inadimplente;15/03/2026
C03080;CLI01976;26/07/2024;Zona Leste;Loja física;796,69;6;132,78;Centro;M;53;1363,07;Quitado;15/03/2026
C03081;CLI02233;26/09/2025;Centro;Loja física;4728,84;24;197,04;Cidade Nova;M;42;1182,51;Inadimplente;15/03/2026
C03082;CLI02301;09/07/2025;Shopping Norte;Loja física;4774,63;24;198,94;Centro;M;38;5523,86;Inadimplente;15/03/2026
C03083;CLI01686;11/02/2025;Shopping Norte;Site;2266,46;12;188,87;Centro;M;49;2113,83;Quitado;15/03/2026
C03084;CLI02540;03/06/2025;Zona Leste;Loja física;1569,79;6;261,63;Centro;M;18;3359,09;Quitado;15/03/2026
C03085;CLI00640;16/06/2024;Centro;Site;1008,82;18;56,05;Parque das Flores;M;42;3120,75;Quitado;15/03/2026
C03086;CLI02051;25/06/2025;Centro;Televendas;2786,2;18;154,79;Vila Progresso;F;36;1650,36;Em dia;15/03/2026
C03087;CLI02660;07/10/2025;Centro;Loja física;1557,77;18;86,54;Centro;F;42;3046,89;Inadimplente;15/03/2026
C03088;CLI01208;14/04/2025;Centro;Loja física;1899,62;12;158,3;Jardim América;F;45;3638,67;Em dia;15/03/2026
C03089;CLI02329;12/01/2025;Shopping Norte;Loja física;3982,13;24;165,92;Jardim Botânico;M;31;5214,35;Inadimplente;15/03/2026
C03090;CLI01180;21/07/2025;Zona Leste;Loja física;792,2;6;132,03;Centro;F;32;2530,27;Quitado;15/03/2026
C03091;CLI01222;02/03/2025;Zona Leste;Loja física;2993,74;18;166,32;Centro;M;54;2212,08;Inadimplente;15/03/2026
C03092;CLI00644;10/07/2025;Centro;Loja física;1254,78;12;104,56;Jardim Botânico;F;21;2877,54;Em dia;15/03/2026
C03093;CLI00085;08/12/2024;Zona Leste;Loja física;2487,67;18;138,2;Vila Progresso;F;67;3140,47;Em dia;15/03/2026
C03094;CLI00332;23/11/2024;Online;Loja física;2141,66;12;178,47;Jardim América;F;34;3599,99;Quitado;15/03/2026
C03095;CLI01853;06/10/2024;Zona Leste;Site;1889,54;12;157,46;Jardim Botânico;M;31;4296,91;Quitado;15/03/2026
C03096;CLI00558;25/06/2024;Shopping Norte;Site;770,22;12;64,18;Parque das Flores;F;29;5452,57;Quitado;15/03/2026
C03098;CLI00384;20/08/2025;Centro;Loja física;2832,57;24;118,02;Centro;F;72;2624,01;Em dia;15/03/2026
C03100;CLI00865;08/10/2025;Shopping Norte;Site;4722,33;10;472,23;Parque das Flores;F;18;1032,3;Inadimplente;15/03/2026
C03102;CLI00413;14/10/2024;Zona Leste;Site;2616,08;10;261,61;Alto da Serra;F;47;6057,15;Quitado;15/03/2026
C03103;CLI02165;25/06/2024;Shopping Norte;Loja física;1820,87;12;151,74;Centro;F;33;2004,99;Inadimplente;15/03/2026
C03104;CLI01293;07/11/2024;Online;Loja física;2775,0;18;154,17;Vila Progresso;M;59;3203,44;Inadimplente;15/03/2026
C03105;CLI00414;12/11/2024;Online;Loja física;2422,02;24;100,92;Alto da Serra;M;34;3070,08;Em dia;15/03/2026
C03106;CLI01768;29/10/2024;Zona Leste;Loja física;664,52;12;55,38;Vila Progresso;M;36;4487,2;Quitado;15/03/2026
C03107;CLI01987;27/08/2024;Shopping Norte;Site;1861,77;18;103,43;Jardim América;M;48;2161,47;Quitado;15/03/2026
C03108;CLI02032;18/03/2025;Shopping Norte;Loja física;2341,86;18;130,1;Jardim América;M;39;3739,56;Em dia;15/03/2026
C03109;CLI01561;31/10/2025;Shopping Norte;Site;2213,08;18;122,95;Parque das Flores;M;31;6148,49;Inadimplente;15/03/2026
C03110;CLI02707;22/07/2024;Centro;Site;2401,63;12;200,14;Cidade Nova;M;33;3908,66;Inadimplente;15/03/2026
C03112;CLI01195;15/12/2024;Online;Loja física;1572,44;10;157,24;Bela Vista;F;49;8266,98;Inadimplente;15/03/2026
C03113;CLI02016;05/10/2024;Centro;Loja física;3840,94;10;384,09;Bela Vista;M;54;2094,34;Quitado;15/03/2026
C03114;CLI01818;20/10/2025;Zona Leste;Loja física;925,6;6;154,27;Jardim Botânico;F;46;3331,71;Inadimplente;15/03/2026
C03115;CLI02363;08/07/2024;Centro;Loja física;1817,93;18;101,0;Parque das Flores;M;33;2973,73;Inadimplente;15/03/2026
C03116;CLI01343;20/09/2025;Zona Leste;Loja física;2218,25;6;369,71;Jardim Botânico;M;36;1922,82;Em dia;15/03/2026
C03117;CLI02717;24/12/2024;Centro;Loja física;1790,08;10;179,01;Parque das Flores;F;29;2078,94;Quitado;15/03/2026
C03118;CLI00423;04/11/2024;Centro;Loja física;572,55;12;47,71;Parque das Flores;F;40;2904,79;Inadimplente;15/03/2026
C03119;CLI01444;23/06/2025;Shopping Norte;Site;1952,21;12;162,68;Vila Progresso;F;51;3270,42;Em dia;15/03/2026
C03120;CLI02456;15/04/2025;Online;Loja física;2673,29;10;267,33;Alto da Serra;F;18;1681,04;Quitado;15/03/2026
C03121;CLI02669;08/12/2024;Centro;Televendas;3016,81;12;251,4;Vila Progresso;M;47;4947,8;Quitado;15/03/2026
C03122;CLI02187;13/10/2025;Shopping Norte;Site;2635,09;10;263,51;Bela Vista;F;59;2159,34;Em dia;15/03/2026
C03124;CLI01297;02/01/2025;Shopping Norte;Site;1775,81;12;147,98;Jardim América;F;34;3531,09;Quitado;15/03/2026
C03125;CLI00258;02/01/2025;Zona Leste;Loja física;2495,53;12;207,96;Jardim América;F;45;3149,76;Quitado;15/03/2026
C03126;CLI00838;31/07/2024;Zona Leste;Loja física;475,7;12;39,64;Jd. America;F;42;3191,14;Quitado;15/03/2026
C03127;CLI00072;05/03/2025;Zona Leste;Site;795,77;12;66,31;Jd. America;F;53;3164,73;Quitado;15/03/2026
C03128;CLI00782;13/12/2024;Zona Leste;Loja física;1528,74;6;254,79;Cidade Nova;M;27;3421,04;Quitado;15/03/2026
C03130;CLI00584;25/07/2025;Online;Loja física;1346,58;6;224,43;Vila Progresso;F;22;2525,91;Quitado;15/03/2026
C03131;CLI02685;17/04/2025;Zona Leste;Loja física;1764,88;12;147,07;Alto da Serra;F;30;3038,23;Em dia;15/03/2026
C03132;CLI00783;14/01/2025;Centro;Site;1919,27;12;159,94;Parque das Flores;M;46;1081,07;Quitado;15/03/2026
C03134;CLI00533;07/10/2025;Zona Leste;Televendas;1334,33;12;111,19;Jd. America;M;47;5570,84;Em dia;15/03/2026
C03135;CLI01863;26/01/2025;Centro;Loja física;5167,27;12;430,61;Jardim América;F;36;5739,29;Quitado;15/03/2026
C03136;CLI01156;13/11/2024;Online;Loja física;2407,64;10;240,76;Jardim América;M;60;1934,3;Quitado;15/03/2026
C03137;CLI00939;25/08/2024;Centro;Loja física;4992,6;10;499,26;Alto da Serra;F;51;1976,28;Quitado;15/03/2026
C03138;CLI02494;16/03/2025;Centro;Televendas;1510,7;10;151,07;Parque das Flores;M;41;3896,78;Quitado;15/03/2026
C03139;CLI01584;20/06/2024;Centro;Loja física;5531,4;24;230,48;Vila Progresso;M;49;2725,08;Inadimplente;15/03/2026
C03140;CLI00695;16/05/2025;Online;Loja física;2561,52;6;426,92;Jardim América;F;43;3506,43;Em dia;15/03/2026
C03141;CLI00705;09/07/2024;Zona Leste;Loja física;1239,33;10;123,93;Jardim América;M;65;2464,98;Quitado;15/03/2026
C03142;CLI00239;24/07/2025;Zona Leste;Loja física;1620,24;18;90,01;Parque das Flores;M;30;3343,12;Em dia;15/03/2026
C03143;CLI01719;27/09/2025;Zona Leste;Loja física;1964,84;12;163,74;Jd. America;F;30;2037,48;Em dia;15/03/2026
C03144;CLI02639;09/06/2025;Online;Loja física;2884,17;12;240,35;Jardim América;M;31;1351,44;Em dia;15/03/2026
C03145;CLI00098;02/09/2024;Zona Leste;Loja física;1512,67;18;84,04;Jardim América;M;41;2887,84;Quitado;15/03/2026
C03146;CLI02312;30/10/2024;Zona Leste;Loja física;1464,46;12;122,04;Cidade Nova;F;34;3401,42;Quitado;15/03/2026
C03147;CLI01819;17/10/2025;Centro;Loja física;4963,69;12;413,64;Vila Progresso;M;53;3238,51;Inadimplente;15/03/2026
C03148;CLI02477;13/07/2025;Shopping Norte;Loja física;789,5;10;78,95;Jardim América;M;44;1233,18;Inadimplente;15/03/2026
C03149;CLI02713;19/08/2024;Shopping Norte;Loja física;1380,84;12;115,07;Centro;F;26;5601,4;Inadimplente;15/03/2026
C03150;CLI00819;28/07/2025;Online;Loja física;2198,62;18;122,15;Cidade Nova;F;30;3024,66;Em dia;15/03/2026
C03151;CLI02234;15/12/2024;Online;Loja física;1843,77;12;153,65;Cidade Nova;F;69;2370,62;Quitado;15/03/2026
C03152;CLI02738;28/06/2024;Zona Leste;Loja física;1359,87;6;226,64;Vila Progresso;F;36;4442,84;Quitado;15/03/2026
C03154;CLI01273;23/02/2025;Centro;Loja física;1595,23;10;159,52;Parque das Flores;F;36;3935,92;Quitado;15/03/2026
C03155;CLI00478;07/07/2024;Zona Leste;Site;1410,87;10;141,09;Vila Progresso;F;31;2953,29;Quitado;15/03/2026
C03156;CLI02095;03/01/2025;Zona Leste;Loja física;1984,77;6;330,8;Parque das Flores;F;24;3177,04;Quitado;15/03/2026
C03157;CLI02009;03/10/2025;Shopping Norte;Loja física;2570,1;18;142,78;Centro;F;18;1489,94;Inadimplente;15/03/2026
C03158;CLI00983;31/10/2025;Zona Leste;Loja física;1562,54;18;86,81;Parque das Flores;F;44;2808,08;Inadimplente;15/03/2026
C03161;CLI02610;14/08/2024;Shopping Norte;Loja física;1064,23;12;88,69;Centro;M;54;2523,36;Inadimplente;15/03/2026
C03162;CLI00556;07/12/2024;Centro;Loja física;953,94;6;158,99;Vila Progresso;F;45;3365,39;Inadimplente;15/03/2026
C03163;CLI01426;04/10/2024;Shopping Norte;Loja física;2886,42;12;240,54;Centro;M;56;4700,74;Inadimplente;15/03/2026
C03164;CLI02555;06/07/2025;Shopping Norte;Televendas;1036,93;12;86,41;Jd. America;M;35;1275,03;Inadimplente;15/03/2026
C03165;CLI02022;10/07/2025;Zona Leste;Site;6022,66;6;1003,78;Jardim América;M;31;3050,09;Inadimplente;15/03/2026
C03168;CLI00935;30/10/2025;Shopping Norte;Loja física;1650,07;18;91,67;Cidade Nova;F;50;3919,59;Em dia;15/03/2026
C03169;CLI00036;30/09/2024;Shopping Norte;Loja física;1111,57;18;61,75;Jardim Botânico;M;45;6239,01;Inadimplente;15/03/2026
C03170;CLI02657;16/11/2024;Centro;Loja física;9598,01;10;959,8;Alto da Serra;F;45;4188,12;Inadimplente;15/03/2026
C03171;CLI02065;12/01/2025;Shopping Norte;Loja física;840,95;18;46,72;Alto da Serra;F;28;2110,18;Em dia;15/03/2026
C03172;CLI00318;08/12/2024;Centro;Site;966,01;24;40,25;Jardim América;M;46;1364,27;Inadimplente;15/03/2026
C03173;CLI01675;05/11/2025;Online;Televendas;949,53;10;94,95;Centro;M;28;4014,74;Inadimplente;15/03/2026
C03174;CLI00238;22/07/2025;Online;Loja física;2350,62;24;97,94;Centro;F;38;1635,1;Inadimplente;15/03/2026
C03175;CLI01385;08/10/2024;Zona Leste;Loja física;1831,72;18;101,76;Vila Progresso;M;24;2862,03;Em dia;15/03/2026
C03176;CLI02475;30/09/2024;Zona Leste;Televendas;1742,18;12;145,18;Centro;F;49;2003,5;Quitado;15/03/2026
C03178;CLI01243;14/11/2025;Centro;Loja física;1495,06;12;124,59;Jardim América;F;27;2448,2;Em dia;15/03/2026
C03180;CLI02513;29/01/2025;Zona Leste;Loja física;1573,75;24;65,57;Vila Progresso;F;35;1920,89;Inadimplente;15/03/2026
C03181;CLI00205;29/03/2025;Online;Loja física;2874,14;6;479,02;Jd. America;M;71;1274,53;Inadimplente;15/03/2026
C03182;CLI02367;11/03/2025;Centro;Loja física;1720,06;12;143,34;Jd. America;F;58;3177,48;Quitado;15/03/2026
C03183;CLI02534;06/11/2025;Shopping Norte;Televendas;1478,73;24;61,61;Jardim Botânico;M;44;1596,88;Em dia;15/03/2026
C03184;CLI02320;16/10/2024;Centro;Loja física;3224,68;12;268,72;Jardim Botânico;F;33;1725,97;Inadimplente;15/03/2026
C03185;CLI01129;07/09/2024;Centro;Loja física;869,25;10;86,92;Vila Progresso;M;22;3439,32;Inadimplente;15/03/2026
C03186;CLI01413;28/11/2024;Online;Televendas;858,66;6;143,11;Jardim América;M;41;3852,28;Quitado;15/03/2026
C03187;CLI00968;20/04/2025;Online;Site;1626,72;12;135,56;Parque das Flores;F;34;3800,6;Inadimplente;15/03/2026
C03188;CLI02421;08/04/2025;Zona Leste;Loja física;1750,91;18;97,27;Jardim Botânico;F;20;2838,03;Inadimplente;15/03/2026
C03189;CLI00560;04/08/2024;Zona Leste;Loja física;2732,99;12;227,75;Vila Progresso;F;37;3233,07;Quitado;15/03/2026
C03190;CLI00283;22/12/2024;Zona Leste;Loja física;3385,87;24;141,08;Vila Progresso;F;34;1764,69;Em dia;15/03/2026
C03191;CLI02743;12/01/2025;Zona Leste;Loja física;5635,39;12;469,62;Vila Progresso;F;39;4070,3;Quitado;15/03/2026
C03192;CLI01774;23/03/2025;Shopping Norte;Loja física;1529,98;24;63,75;Alto da Serra;M;55;4939,18;Em dia;15/03/2026
C03193;CLI00243;08/11/2025;Zona Leste;Loja física;2295,55;12;191,3;Parque das Flores;F;35;4130,16;Em dia;15/03/2026
C03194;CLI01261;09/08/2025;Shopping Norte;Loja física;869,28;12;72,44;Parque das Flores;M;51;4868,53;Em dia;15/03/2026
C03195;CLI01170;04/06/2025;Shopping Norte;Loja física;2535,59;18;140,87;Bela Vista;M;57;5110,52;Em dia;15/03/2026
C03196;CLI02561;30/06/2024;Shopping Norte;Loja física;949,06;18;52,73;Parque das Flores;M;32;2314,65;Quitado;15/03/2026
C03197;CLI00801;04/08/2025;Shopping Norte;Loja física;807,68;10;80,77;Centro;M;48;2863,74;Em dia;15/03/2026
C03198;CLI02617;03/10/2025;Centro;Loja física;3049,35;18;169,41;Jd. America;F;41;1836,34;Em dia;15/03/2026
C03199;CLI00027;15/11/2024;Shopping Norte;Site;1518,15;12;126,51;Alto da Serra;F;31;4661,45;Quitado;15/03/2026
C03200;CLI00098;19/08/2024;Centro;Loja física;1551,0;10;155,1;Centro;M;39;3921,37;Quitado;15/03/2026
C03202;CLI00731;06/07/2025;Centro;Loja física;2848,58;6;474,76;Jardim América;M;34;2224,03;Inadimplente;15/03/2026
C03203;CLI00897;03/12/2024;Zona Leste;Loja física;1664,33;18;92,46;Jardim América;M;31;2359,64;Em dia;15/03/2026
C03204;CLI01657;28/06/2024;Online;Televendas;5221,48;10;522,15;Jardim Botânico;M;48;2627,72;Inadimplente;15/03/2026
C03205;CLI01762;09/07/2024;Shopping Norte;Loja física;4033,04;18;224,06;Parque das Flores;M;20;3130,6;Quitado;15/03/2026
C03206;CLI00164;22/07/2024;Shopping Norte;Televendas;2038,51;10;203,85;Jardim América;M;23;2783,44;Inadimplente;15/03/2026
C03207;CLI00650;02/08/2025;Centro;Loja física;2997,83;6;499,64;Alto da Serra;M;52;3413,34;Inadimplente;15/03/2026
C03208;CLI01656;01/07/2024;Centro;Site;2823,03;10;282,3;Jardim Botânico;M;56;3142,72;Quitado;15/03/2026
C03209;CLI01543;23/05/2025;Centro;Loja física;3968,41;10;396,84;Centro;F;40;4837,21;Em dia;15/03/2026
C03210;CLI01131;18/10/2024;Shopping Norte;Site;3052,11;10;305,21;Vila Progresso;F;41;3017,16;Inadimplente;15/03/2026
C03211;CLI00366;26/07/2024;Centro;Loja física;2686,26;24;111,93;Vila Progresso;M;43;3783,3;Em dia;15/03/2026
C03212;CLI00515;22/01/2025;Centro;Loja física;3593,13;12;299,43;Centro;M;31;2990,35;Quitado;15/03/2026
C03213;CLI00085;12/07/2024;Centro;Loja física;1951,21;24;81,3;Vila Progresso;F;54;2423,03;Em dia;15/03/2026
C03214;CLI01023;26/03/2025;Zona Leste;Televendas;1604,6;10;160,46;Vila Progresso;M;24;2868,58;Quitado;15/03/2026
C03215;CLI00651;10/01/2025;Centro;Loja física;1869,63;10;186,96;Jardim América;F;27;1379,41;Quitado;15/03/2026
C03216;CLI00996;03/08/2024;Centro;Televendas;873,83;12;72,82;Jardim América;M;61;2300,02;Quitado;15/03/2026
C03217;CLI00137;20/01/2025;Centro;Loja física;1302,85;6;217,14;Vila Progresso;M;45;2165,89;Quitado;15/03/2026
C03218;CLI02788;23/09/2024;Centro;Site;1047,6;12;87,3;Jd. America;F;37;1501,16;Quitado;15/03/2026
C03219;CLI01917;10/10/2024;Shopping Norte;Loja física;1891,41;18;105,08;Centro;F;48;2877,95;Inadimplente;15/03/2026
C03220;CLI01228;11/07/2024;Centro;Loja física;1037,44;12;86,45;Cidade Nova;F;61;2477,75;Quitado;15/03/2026
C03221;CLI02557;27/08/2024;Zona Leste;Loja física;1688,17;10;168,82;Jardim América;F;43;2313,47;Quitado;15/03/2026
C03222;CLI00226;04/10/2025;Zona Leste;Loja física;2628,08;10;262,81;Bela Vista;M;47;3578,12;Inadimplente;15/03/2026
C03223;CLI00360;22/08/2025;Online;Site;1624,86;6;270,81;Vila Progresso;F;61;2649,39;Inadimplente;15/03/2026
C03224;CLI02638;15/08/2024;Zona Leste;Loja física;1595,06;18;88,61;Vila Progresso;F;53;1678,1;Quitado;15/03/2026
C03225;CLI02274;16/05/2025;Shopping Norte;Site;1233,02;12;102,75;Vila Progresso;F;39;3769,1;Em dia;15/03/2026
C03226;CLI00432;06/11/2025;Zona Leste;Loja física;1441,55;18;80,09;Alto da Serra;F;55;2331,15;Quitado;15/03/2026
C03227;CLI01852;03/11/2025;Zona Leste;Loja física;1053,94;18;58,55;Jardim Botânico;F;25;1627,87;Em dia;15/03/2026
C03228;CLI00682;24/03/2025;Centro;Loja física;2257,49;12;188,12;Jardim Botânico;F;52;3207,27;Em dia;15/03/2026
C03229;CLI02604;01/06/2025;Online;Loja física;1049,33;10;104,93;Jardim América;F;19;1804,63;Inadimplente;15/03/2026
C03230;CLI00837;28/10/2024;Centro;Loja física;1450,38;6;241,73;Centro;F;18;1721,81;Quitado;15/03/2026
C03231;CLI00894;22/08/2024;Shopping Norte;Site;3098,87;12;258,24;Jardim América;M;44;4437,48;Inadimplente;15/03/2026
C03232;CLI00793;23/06/2025;Centro;Televendas;4418,01;24;184,08;Parque das Flores;M;38;900,0;Inadimplente;15/03/2026
C03233;CLI01573;26/04/2025;Shopping Norte;Loja física;988,69;12;82,39;Jardim América;F;37;2701,12;Inadimplente;15/03/2026
C03235;CLI01328;05/07/2024;Zona Leste;Site;1915,68;24;79,82;Bela Vista;M;53;2564,54;Em dia;15/03/2026
C03237;CLI02362;11/11/2025;Zona Leste;Loja física;1128,18;6;188,03;Bela Vista;M;36;4505,31;Inadimplente;15/03/2026
C03239;CLI02517;15/10/2025;Shopping Norte;Loja física;1657,15;12;138,1;Jardim Botânico;F;48;5766,3;Em dia;15/03/2026
C03241;CLI02500;25/07/2024;Centro;Loja física;2768,41;24;115,35;Jardim Botânico;F;41;4141,58;Inadimplente;15/03/2026
C03242;CLI00370;13/10/2024;Centro;Loja física;2995,77;12;249,65;Bela Vista;F;37;2132,86;Quitado;15/03/2026
C03243;CLI00404;15/07/2025;Shopping Norte;Loja física;2227,16;10;222,72;Parque das Flores;F;40;2476,63;Inadimplente;15/03/2026
C03244;CLI01814;23/01/2025;Centro;Loja física;3801,47;12;316,79;Jardim Botânico;M;18;3985,28;Inadimplente;15/03/2026
C03245;CLI00153;19/07/2024;Shopping Norte;Televendas;1339,51;24;55,81;Bela Vista;F;33;3655,77;Em dia;15/03/2026
C03246;CLI02773;01/08/2024;Shopping Norte;Loja física;1416,6;10;141,66;Jd. America;M;38;1653,56;Quitado;15/03/2026
C03247;CLI00463;21/07/2024;Centro;Loja física;1347,76;10;134,78;Centro;F;55;2276,11;Inadimplente;15/03/2026
C03248;CLI01516;19/11/2024;Online;Loja física;2832,02;18;157,33;Vila Progresso;F;60;2424,0;Em dia;15/03/2026
C03249;CLI01806;07/11/2024;Online;Loja física;2951,33;10;295,13;Alto da Serra;F;37;2913,82;Inadimplente;15/03/2026
C03250;CLI02657;18/06/2025;Centro;Loja física;443,84;12;36,99;Vila Progresso;F;44;3401,34;Em dia;15/03/2026
C03251;CLI01408;12/08/2024;Online;Site;1785,89;12;148,82;Centro;F;37;5768,25;Quitado;15/03/2026
C03252;CLI01798;02/02/2025;Online;Loja física;1766,36;18;98,13;Centro;F;35;2797,0;Em dia;15/03/2026
C03253;CLI02270;25/11/2024;Shopping Norte;Loja física;843,46;10;84,35;Centro;F;39;3390,85;Quitado;15/03/2026
C03254;CLI01229;12/07/2024;Zona Leste;Loja física;2046,63;12;170,55;Centro;M;32;2480,39;Quitado;15/03/2026
C03255;CLI00268;24/05/2025;Zona Leste;Loja física;1742,82;10;174,28;Cidade Nova;F;34;915,81;Inadimplente;15/03/2026
C03256;CLI02698;22/09/2024;Centro;Site;4654,14;12;387,84;Parque das Flores;F;24;4803,79;Inadimplente;15/03/2026
C03257;CLI01500;24/08/2024;Shopping Norte;Loja física;1616,05;12;134,67;Jardim América;F;30;1391,82;Quitado;15/03/2026
C03258;CLI01446;01/11/2025;Zona Leste;Loja física;2055,26;12;171,27;Jardim América;F;32;5751,74;Em dia;15/03/2026
C03259;CLI01257;01/02/2025;Zona Leste;Televendas;2273,95;12;189,5;Jd. America;F;42;5536,9;Quitado;15/03/2026
C03260;CLI02771;16/08/2025;Zona Leste;Loja física;2876,02;24;119,83;Jardim América;F;28;2977,1;Em dia;15/03/2026
C03261;CLI00629;26/08/2024;Online;Site;746,86;10;74,69;Jardim Botânico;F;63;2615,62;Inadimplente;15/03/2026
C03262;CLI00086;19/08/2025;Zona Leste;Site;1843,29;12;153,61;Bela Vista;M;22;2510,77;Em dia;15/03/2026
C03263;CLI01176;27/07/2025;Centro;Televendas;1173,59;6;195,6;Jardim Botânico;F;32;2566,12;Quitado;15/03/2026
C03264;CLI02349;02/08/2024;Centro;Site;5343,32;12;445,28;Jardim Botânico;M;38;1758,04;Inadimplente;15/03/2026
C03266;CLI00666;16/02/2025;Centro;Loja física;1708,15;12;142,35;Jardim América;M;32;5401,34;Quitado;15/03/2026
C03267;CLI00402;04/03/2025;Shopping Norte;Loja física;2168,37;12;180,7;Jardim Botânico;F;60;1915,54;Inadimplente;15/03/2026
C03268;CLI02261;07/04/2025;Shopping Norte;Loja física;2983,9;18;165,77;Parque das Flores;M;35;3499,47;Em dia;15/03/2026
C03269;CLI00883;05/11/2025;Centro;Site;1664,53;18;92,47;Bela Vista;M;66;2763,11;Inadimplente;15/03/2026
C03270;CLI00088;17/10/2025;Shopping Norte;Televendas;2835,19;24;118,13;Centro;F;57;2035,61;Inadimplente;15/03/2026
C03271;CLI02434;13/07/2024;Centro;Loja física;2157,27;12;179,77;Vila Progresso;M;59;3196,77;Quitado;15/03/2026
C03273;CLI00352;13/11/2025;Zona Leste;Loja física;2005,45;12;167,12;Vila Progresso;M;36;4302,54;Inadimplente;15/03/2026
C03274;CLI00212;11/08/2024;Zona Leste;Loja física;1141,74;6;190,29;Jardim América;F;38;2777,17;Quitado;15/03/2026
C03276;CLI00558;05/11/2025;Shopping Norte;Loja física;8009,17;10;800,92;Vila Progresso;M;18;5542,6;Inadimplente;15/03/2026
C03278;CLI01087;02/04/2025;Centro;Televendas;2550,55;12;212,55;Jardim Botânico;F;34;2277,45;Em dia;15/03/2026
C03280;CLI02653;07/11/2024;Zona Leste;Site;4839,05;10;483,9;Centro;F;49;2786,83;Quitado;15/03/2026
C03282;CLI01629;07/07/2025;Shopping Norte;Loja física;1114,75;24;46,45;Jardim América;F;41;2091,49;Inadimplente;15/03/2026
C03283;CLI00105;30/08/2025;Shopping Norte;Site;8241,07;10;824,11;Centro;M;57;2800,23;Inadimplente;15/03/2026
C03284;CLI01303;24/02/2025;Zona Leste;Site;1464,09;6;244,02;Cidade Nova;F;51;4197,78;Quitado;15/03/2026
C03286;CLI00021;30/08/2024;Online;Loja física;1468,08;18;81,56;Jardim Botânico;M;51;3272,49;Inadimplente;15/03/2026
C03287;CLI00825;03/06/2025;Shopping Norte;Site;2191,99;12;182,67;Cidade Nova;M;62;2161,76;Inadimplente;15/03/2026
C03288;CLI02419;26/08/2025;Online;Loja física;1871,12;12;155,93;Cidade Nova;M;25;3276,93;Em dia;15/03/2026
C03289;CLI00922;13/09/2025;Centro;Loja física;1060,26;12;88,36;Parque das Flores;M;52;3989,28;Inadimplente;15/03/2026
C03290;CLI02553;13/08/2025;Shopping Norte;Loja física;899,04;12;74,92;Jd. America;M;45;3480,7;Em dia;15/03/2026
C03291;CLI00685;14/07/2025;Shopping Norte;Loja física;753,31;18;41,85;Jardim América;F;55;2404,25;Em dia;15/03/2026
C03292;CLI01550;29/05/2025;Zona Leste;Televendas;1049,86;12;87,49;Centro;M;37;3586,39;Em dia;15/03/2026
C03293;CLI02351;22/09/2025;Centro;Loja física;2343,56;12;195,3;Vila Progresso;F;36;4323,22;Inadimplente;15/03/2026
C03294;CLI01891;26/09/2024;Centro;Loja física;1819,79;6;303,3;Alto da Serra;F;50;2897,9;Quitado;15/03/2026
C03295;CLI01693;02/03/2025;Centro;Loja física;2193,24;10;219,32;Centro;F;31;5269,05;Quitado;15/03/2026
C03296;CLI01410;12/04/2025;Zona Leste;Site;1289,76;12;107,48;Jd. America;M;49;3089,74;Em dia;15/03/2026
C03297;CLI02436;04/07/2024;Online;Televendas;898,96;10;89,9;Jardim América;M;54;2796,1;Quitado;15/03/2026
C03298;CLI02318;29/11/2024;Centro;Loja física;1564,96;24;65,21;Jardim Botânico;M;38;4664,64;Em dia;15/03/2026
C03299;CLI01228;23/10/2024;Zona Leste;Site;3496,42;10;349,64;Jardim América;M;41;2833,52;Inadimplente;15/03/2026
C03300;CLI01496;08/07/2025;Shopping Norte;Loja física;1302,07;18;72,34;Vila Progresso;M;27;3994,33;Em dia;15/03/2026
C03301;CLI00588;26/07/2024;Online;Loja física;3809,47;6;634,91;Bela Vista;M;23;989,16;Inadimplente;15/03/2026
C03302;CLI02510;14/08/2025;Centro;Loja física;2648,51;18;147,14;Parque das Flores;F;32;4912,5;Em dia;15/03/2026
C03306;CLI02775;12/02/2025;Zona Leste;Loja física;3752,54;6;625,42;Bela Vista;M;52;1991,8;Inadimplente;15/03/2026
C03307;CLI01723;14/08/2024;Centro;Loja física;766,28;10;76,63;Centro;F;37;3957,4;Quitado;15/03/2026
C03308;CLI01764;16/08/2024;Centro;Loja física;3506,29;18;194,79;Jardim América;F;35;5324,5;Quitado;15/03/2026
C03309;CLI00437;18/12/2024;Zona Leste;Site;1337,22;12;111,44;Jd. America;F;30;1796,55;Quitado;15/03/2026
C03310;CLI01552;22/10/2025;Zona Leste;Loja física;2447,55;12;203,96;Vila Progresso;M;57;3681,39;Em dia;15/03/2026
C03311;CLI02564;02/07/2025;Shopping Norte;Site;1900,19;10;190,02;Vila Progresso;F;44;3237,47;Em dia;15/03/2026
C03312;CLI01357;02/08/2024;Centro;Site;2006,37;18;111,46;Cidade Nova;M;37;3196,44;Quitado;15/03/2026
C03313;CLI02196;20/12/2024;Centro;Loja física;4902,72;12;408,56;Centro;F;52;5833,31;Em dia;15/03/2026
C03314;CLI01594;03/07/2024;Centro;Loja física;1041,22;24;43,38;Vila Progresso;M;33;2412,26;Inadimplente;15/03/2026
C03315;CLI00059;02/10/2024;Zona Leste;Televendas;1643,09;12;136,92;Jardim América;F;41;3775,74;Quitado;15/03/2026
C03316;CLI01373;26/05/2025;Online;Loja física;2165,32;18;120,3;Bela Vista;F;20;6486,25;Em dia;15/03/2026
C03317;CLI00441;22/10/2024;Shopping Norte;Site;1536,84;12;128,07;Vila Progresso;F;18;1931,13;Inadimplente;15/03/2026
C03318;CLI02424;05/04/2025;Zona Leste;Loja física;3165,89;18;175,88;Jardim América;M;30;2280,08;Em dia;15/03/2026
C03319;CLI00426;22/10/2024;Centro;Loja física;3419,0;18;189,94;Parque das Flores;M;48;3775,9;Em dia;15/03/2026
C03320;CLI02757;25/10/2024;Centro;Loja física;2341,24;24;97,55;Jardim América;M;50;6166,3;Inadimplente;15/03/2026
C03321;CLI01605;05/02/2025;Shopping Norte;Site;1251,7;18;69,54;Centro;F;57;2048,54;Em dia;15/03/2026
C03322;CLI01100;11/07/2025;Centro;Loja física;1424,69;10;142,47;Centro;F;46;3599,45;Em dia;15/03/2026
C03324;CLI00167;22/02/2025;Zona Leste;Loja física;2583,47;18;143,53;Bela Vista;F;46;2343,13;Em dia;15/03/2026
C03325;CLI01988;30/06/2025;Centro;Loja física;2367,39;24;98,64;Jardim América;F;35;2180,19;Em dia;15/03/2026
C03326;CLI02746;15/02/2025;Centro;Loja física;4031,95;24;168,0;Alto da Serra;F;30;3857,94;Em dia;15/03/2026
C03327;CLI01180;12/01/2025;Centro;Loja física;2029,36;12;169,11;Centro;F;43;3258,89;Quitado;15/03/2026
C03328;CLI01329;23/06/2024;Shopping Norte;Loja física;3444,95;18;191,39;Bela Vista;M;40;3109,58;Inadimplente;15/03/2026
C03329;CLI00113;06/09/2024;Zona Leste;Loja física;1797,42;10;179,74;Vila Progresso;F;50;5508,92;Quitado;15/03/2026
C03331;CLI00233;31/10/2025;Centro;Loja física;2351,85;24;97,99;Jd. America;F;25;2008,43;Inadimplente;15/03/2026
C03332;CLI02765;20/07/2024;Shopping Norte;Site;2156,19;24;89,84;Bela Vista;M;60;1927,51;Inadimplente;15/03/2026
C03333;CLI00842;29/07/2024;Centro;Loja física;2964,65;10;296,47;Alto da Serra;M;53;2907,0;Inadimplente;15/03/2026
C03334;CLI01114;27/09/2025;Centro;Televendas;3543,27;18;196,85;Vila Progresso;F;39;1865,96;Em dia;15/03/2026
C03336;CLI02429;01/09/2024;Shopping Norte;Site;6296,43;18;349,8;Vila Progresso;M;47;2996,75;Quitado;15/03/2026
C03337;CLI01137;08/09/2024;Zona Leste;Site;2145,6;12;178,8;Centro;M;37;3118,86;Quitado;15/03/2026
C03338;CLI02597;28/07/2024;Centro;Site;14000,0;18;777,78;Centro;F;68;2519,47;Quitado;15/03/2026
C03339;CLI01602;26/12/2024;Online;Loja física;2885,12;12;240,43;Jd. America;F;42;3655,64;Quitado;15/03/2026
C03340;CLI02634;15/04/2025;Zona Leste;Site;1170,06;12;97,5;Jardim América;F;40;3378,71;Em dia;15/03/2026
C03341;CLI00214;15/02/2025;Centro;Loja física;1754,79;18;97,49;Bela Vista;F;30;4050,31;Em dia;15/03/2026
C03342;CLI00197;06/07/2025;Online;Televendas;4201,44;12;350,12;Centro;M;18;4129,37;Inadimplente;15/03/2026
C03343;CLI00715;16/08/2025;Shopping Norte;Televendas;2100,4;10;210,04;Alto da Serra;F;66;1756,84;Em dia;15/03/2026
C03344;CLI01888;12/10/2025;Centro;Loja física;984,53;10;98,45;Jardim Botânico;F;44;3832,57;Em dia;15/03/2026
C03345;CLI01350;07/01/2025;Centro;Loja física;766,82;18;42,6;Jd. America;M;37;2150,73;Inadimplente;15/03/2026
C03346;CLI00208;09/03/2025;Shopping Norte;Site;1682,6;10;168,26;Jardim Botânico;M;55;1788,16;Quitado;15/03/2026
C03349;CLI02219;29/07/2025;Zona Leste;Loja física;2898,69;10;289,87;Centro;M;41;2372,87;Inadimplente;15/03/2026
C03350;CLI02321;11/05/2025;Zona Leste;Loja física;1680,43;12;140,04;Cidade Nova;F;26;4744,8;Em dia;15/03/2026
C03351;CLI02238;21/07/2025;Zona Leste;Loja física;1317,38;12;109,78;Jardim América;M;59;6257,68;Em dia;15/03/2026
C03352;CLI02222;12/11/2024;Zona Leste;Site;4398,25;10;439,82;Bela Vista;M;42;2085,63;Inadimplente;15/03/2026
C03353;CLI01212;30/06/2024;Zona Leste;Televendas;3272,96;6;545,49;Bela Vista;M;24;4084,22;Inadimplente;15/03/2026
C03354;CLI01333;19/08/2024;Centro;Loja física;2319,23;12;193,27;Vila Progresso;M;49;3048,07;Inadimplente;15/03/2026
C03355;CLI00969;01/08/2025;Shopping Norte;Loja física;1740,08;12;145,01;Vila Progresso;M;43;1591,47;Em dia;15/03/2026
C03356;CLI00144;17/06/2025;Zona Leste;Site;1613,87;12;134,49;Cidade Nova;F;21;2996,88;Em dia;15/03/2026
C03357;CLI00046;21/12/2024;Centro;Loja física;3772,44;24;157,18;Jardim América;M;24;4862,69;Inadimplente;15/03/2026
C03358;CLI01389;16/03/2025;Centro;Loja física;1298,28;10;129,83;Centro;F;22;2247,34;Quitado;15/03/2026
C03359;CLI02052;07/08/2024;Shopping Norte;Loja física;1934,04;12;161,17;Alto da Serra;F;34;3321,09;Inadimplente;15/03/2026
C03360;CLI00560;02/05/2025;Zona Leste;Loja física;5007,21;10;500,72;Vila Progresso;M;78;4518,23;Em dia;15/03/2026
C03361;CLI01880;28/10/2025;Zona Leste;Televendas;964,49;10;96,45;Vila Progresso;F;71;3007,44;Em dia;15/03/2026
C03362;CLI02258;28/09/2024;Shopping Norte;Loja física;1665,65;6;277,61;Alto da Serra;F;28;4782,3;Quitado;15/03/2026
C03363;CLI01177;22/08/2024;Centro;Site;2741,58;18;152,31;Alto da Serra;F;58;2814,86;Quitado;15/03/2026
C03364;CLI02001;23/01/2025;Zona Leste;Loja física;1238,07;18;68,78;Alto da Serra;F;29;2200,35;Em dia;15/03/2026
C03365;CLI00390;28/06/2024;Centro;Loja física;749,13;10;74,91;Cidade Nova;F;36;1225,55;Quitado;15/03/2026
C03366;CLI02373;07/08/2025;Centro;Televendas;1043,63;12;86,97;Bela Vista;F;49;2711,84;Inadimplente;15/03/2026
C03367;CLI02627;21/11/2024;Shopping Norte;Loja física;4219,19;18;234,4;Cidade Nova;F;35;1982,33;Inadimplente;15/03/2026
C03368;CLI01773;17/09/2024;Shopping Norte;Loja física;902,43;12;75,2;Vila Progresso;M;52;4060,63;Quitado;15/03/2026
C03369;CLI00627;15/02/2025;Centro;Site;3811,07;12;317,59;Centro;F;36;2367,83;Inadimplente;15/03/2026
C03370;CLI00236;10/02/2025;Zona Leste;Loja física;3099,41;12;258,28;Bela Vista;F;56;2501,73;Inadimplente;15/03/2026
C03371;CLI01587;29/12/2024;Centro;Loja física;1208,44;12;100,7;Jardim América;M;59;2142,76;Em dia;15/03/2026
C03372;CLI02055;31/01/2025;Zona Leste;Site;1983,29;18;110,18;Vila Progresso;M;52;3191,32;Em dia;15/03/2026
C03373;CLI00545;12/04/2025;Shopping Norte;Site;4365,07;12;363,76;Jardim Botânico;M;36;1686,26;Inadimplente;15/03/2026
C03374;CLI00627;22/11/2024;Centro;Loja física;3500,05;10;350,0;Jardim Botânico;M;36;1438,74;Inadimplente;15/03/2026
C03376;CLI00950;24/12/2024;Centro;Site;1918,24;12;159,85;Centro;M;18;3519,73;Quitado;15/03/2026
C03378;CLI01626;21/02/2025;Zona Leste;Loja física;3691,1;10;369,11;Cidade Nova;F;43;2244,85;Inadimplente;15/03/2026
C03379;CLI01960;08/10/2025;Zona Leste;Loja física;4213,28;10;421,33;Vila Progresso;F;25;3038,03;Em dia;15/03/2026
C03380;CLI02447;31/07/2025;Zona Leste;Loja física;1205,23;12;100,44;Cidade Nova;M;50;2793,66;Inadimplente;15/03/2026
C03381;CLI02024;11/06/2025;Online;Televendas;1002,88;18;55,72;Jardim América;F;50;4496,27;Em dia;15/03/2026
C03382;CLI01185;30/04/2025;Zona Leste;Site;1571,56;10;157,16;Jardim América;M;29;4887,05;Inadimplente;15/03/2026
C03383;CLI01646;27/06/2025;Online;Loja física;1522,2;24;63,42;Parque das Flores;F;46;3469,47;Em dia;15/03/2026
C03384;CLI00310;29/03/2025;Shopping Norte;Loja física;2278,42;18;126,58;Parque das Flores;F;36;3075,72;Em dia;15/03/2026
C03385;CLI00443;01/02/2025;Online;Loja física;1692,58;6;282,1;Jardim América;M;75;3502,74;Inadimplente;15/03/2026
C03386;CLI00814;20/10/2024;Online;Loja física;2167,29;12;180,61;Jardim América;F;23;1736,35;Inadimplente;15/03/2026
C03387;CLI01124;07/07/2025;Centro;Loja física;1233,8;12;102,82;Alto da Serra;M;42;5801,93;Inadimplente;15/03/2026
C03388;CLI01910;26/11/2024;Zona Leste;Televendas;2748,35;18;152,69;Parque das Flores;M;38;4172,16;Inadimplente;15/03/2026
C03389;CLI02587;15/06/2025;Shopping Norte;Loja física;2503,66;10;250,37;Bela Vista;F;41;1409,05;Inadimplente;15/03/2026
C03390;CLI02051;19/09/2025;Shopping Norte;Site;951,15;10;95,12;Jardim América;F;31;3484,48;Inadimplente;15/03/2026
C03391;CLI01085;20/05/2025;Shopping Norte;Televendas;1766,07;12;147,17;Cidade Nova;M;68;2863,45;Em dia;15/03/2026
C03392;CLI02563;03/09/2024;Centro;Loja física;1575,59;12;131,3;Jardim América;F;42;1464,06;Quitado;15/03/2026
C03393;CLI01036;17/09/2025;Zona Leste;Loja física;3620,17;24;150,84;Cidade Nova;F;53;1695,59;Em dia;15/03/2026
C03394;CLI01651;02/09/2024;Centro;Loja física;4940,95;6;823,49;Centro;F;41;2703,11;Quitado;15/03/2026
C03396;CLI01767;22/07/2025;Shopping Norte;Site;3373,57;6;562,26;Jd. America;M;44;3150,87;Inadimplente;15/03/2026
C03397;CLI00437;22/07/2025;Zona Leste;Loja física;1423,85;24;59,33;Jardim Botânico;F;33;1836,79;Em dia;15/03/2026
C03398;CLI00431;23/10/2025;Centro;Site;1188,45;12;99,04;Vila Progresso;M;34;2068,65;Em dia;15/03/2026
C03400;CLI02411;14/10/2025;Zona Leste;Loja física;681,87;12;56,82;Parque das Flores;F;59;3451,2;Inadimplente;15/03/2026
