id_contrato;data_consulta;score;motivo_consulta
C00001;04/05/2025;600;Aprovacao de crediario
C00003;13/03/2025;878;Aprovacao de crediario
C00004;13/11/2024;689;Aprovacao de crediario
C00004;16/10/2025;274;Revisao de carteira
C00005;13/09/2024;594;Aprovacao de crediario
C00007;09/05/2025;518;Aprovacao de crediario
C00007;25/02/2026;328;Revisao de carteira
C00008;22/11/2024;714;Aprovacao de crediario
C00008;05/02/2026;681;Revisao de carteira
C00009;07/02/2025;633;Aprovacao de crediario
C00009;23/08/2025;338;Revisao de carteira
C00010;15/06/2024;730;Aprovacao de crediario
C00012;21/09/2024;824;Aprovacao de crediario
C00013;05/10/2024;450;Aprovacao de crediario
C00013;12/02/2026;186;Revisao de carteira
C00014;21/06/2025;844;Aprovacao de crediario
C00015;31/10/2025;636;Aprovacao de crediario
C00016;12/09/2024;706;Aprovacao de crediario
C00016;04/03/2026;287;Revisao de carteira
C00017;23/09/2025;529;Aprovacao de crediario
C00017;26/02/2026;253;Revisao de carteira
C00018;05/11/2025;521;Aprovacao de crediario
C00018;19/02/2026;215;Revisao de carteira
C00019;08/09/2025;754;Aprovacao de crediario
C00019;09/03/2026;265;Revisao de carteira
C00020;26/08/2025;683;Aprovacao de crediario
C00021;03/06/2025;628;Aprovacao de crediario
C00021;20/12/2025;257;Revisao de carteira
C00022;16/09/2024;579;Aprovacao de crediario
C00023;30/09/2025;721;Aprovacao de crediario
C00024;29/08/2025;729;Aprovacao de crediario
C00025;20/02/2025;851;Aprovacao de crediario
C00026;16/07/2024;694;Aprovacao de crediario
C00027;28/01/2025;581;Aprovacao de crediario
C00027;18/12/2025;279;Revisao de carteira
C00028;05/11/2024;705;Aprovacao de crediario
C00028;14/10/2025;689;Revisao de carteira
C00029;19/06/2025;662;Aprovacao de crediario
C00030;04/12/2024;711;Aprovacao de crediario
C00031;08/04/2025;622;Aprovacao de crediario
C00032;29/08/2024;490;Aprovacao de crediario
C00032;28/03/2025;307;Revisao de carteira
C00033;15/06/2025;881;Aprovacao de crediario
C00033;04/03/2026;848;Revisao de carteira
C00034;19/08/2024;657;Aprovacao de crediario
C00034;10/09/2025;305;Revisao de carteira
C00035;30/05/2025;773;Aprovacao de crediario
C00036;22/01/2025;617;Aprovacao de crediario
C00036;05/09/2025;336;Revisao de carteira
C00037;21/03/2025;957;Aprovacao de crediario
C00038;27/06/2024;781;Aprovacao de crediario
C00039;20/01/2025;647;Aprovacao de crediario
C00039;08/02/2026;300;Revisao de carteira
C00040;12/02/2025;713;Aprovacao de crediario
C00040;01/09/2025;265;Revisao de carteira
C00041;17/11/2024;738;Aprovacao de crediario
C00042;14/08/2025;665;Aprovacao de crediario
C00043;31/10/2025;645;Aprovacao de crediario
C00043;16/02/2026;382;Revisao de carteira
C00044;23/08/2024;828;Aprovacao de crediario
C00045;06/03/2025;717;Aprovacao de crediario
C00046;12/04/2025;779;Aprovacao de crediario
C00046;14/11/2025;273;Revisao de carteira
C00047;19/02/2025;793;Aprovacao de crediario
C00048;07/11/2025;677;Aprovacao de crediario
C00048;08/03/2026;268;Revisao de carteira
C00049;05/12/2024;718;Aprovacao de crediario
C00049;21/12/2025;228;Revisao de carteira
C00050;02/12/2024;714;Aprovacao de crediario
C00050;09/12/2025;214;Revisao de carteira
C00051;15/11/2024;659;Aprovacao de crediario
C00052;06/03/2025;626;Aprovacao de crediario
C00052;12/02/2026;231;Revisao de carteira
C00053;02/10/2025;658;Aprovacao de crediario
C00054;16/09/2025;642;Aprovacao de crediario
C00054;22/02/2026;740;Revisao de carteira
C00055;25/06/2025;767;Aprovacao de crediario
C00056;17/06/2025;641;Aprovacao de crediario
C00056;31/12/2025;276;Revisao de carteira
C00057;19/02/2025;855;Aprovacao de crediario
C00058;15/09/2025;734;Aprovacao de crediario
C00059;16/05/2025;668;Aprovacao de crediario
C00060;17/10/2025;725;Aprovacao de crediario
C00060;29/01/2026;384;Revisao de carteira
C00061;14/07/2024;665;Aprovacao de crediario
C00062;12/09/2025;623;Aprovacao de crediario
C00063;05/12/2024;613;Aprovacao de crediario
C00063;20/02/2026;236;Revisao de carteira
C00065;03/03/2025;548;Aprovacao de crediario
C00065;06/03/2026;624;Revisao de carteira
C00068;21/06/2024;735;Aprovacao de crediario
C00069;20/06/2024;845;Aprovacao de crediario
C00070;25/09/2024;765;Aprovacao de crediario
C00071;21/05/2025;826;Aprovacao de crediario
C00072;20/01/2025;424;Aprovacao de crediario
C00072;12/02/2026;250;Revisao de carteira
C00073;31/10/2024;662;Aprovacao de crediario
C00073;05/09/2025;260;Revisao de carteira
C00074;28/12/2024;708;Aprovacao de crediario
C00074;23/07/2025;276;Revisao de carteira
C00075;16/12/2024;724;Aprovacao de crediario
C00075;21/02/2026;578;Revisao de carteira
C00076;07/07/2024;790;Aprovacao de crediario
C00077;30/09/2025;487;Aprovacao de crediario
C00077;09/03/2026;250;Revisao de carteira
C00078;01/11/2025;604;Aprovacao de crediario
C00080;27/06/2025;672;Aprovacao de crediario
C00081;06/07/2024;548;Aprovacao de crediario
C00083;17/07/2024;505;Aprovacao de crediario
C00083;24/06/2025;302;Revisao de carteira
C00086;21/04/2025;725;Aprovacao de crediario
C00087;14/09/2024;622;Aprovacao de crediario
C00088;06/09/2024;689;Aprovacao de crediario
C00089;25/06/2025;738;Aprovacao de crediario
C00089;23/02/2026;207;Revisao de carteira
C00090;29/07/2025;641;Aprovacao de crediario
C00090;11/03/2026;222;Revisao de carteira
C00091;21/04/2025;855;Aprovacao de crediario
C00091;14/03/2026;740;Revisao de carteira
C00092;26/01/2025;782;Aprovacao de crediario
C00093;03/10/2025;844;Aprovacao de crediario
C00094;01/10/2025;616;Aprovacao de crediario
C00095;28/10/2025;749;Aprovacao de crediario
C00095;22/02/2026;240;Revisao de carteira
C00096;01/07/2025;854;Aprovacao de crediario
C00096;07/03/2026;675;Revisao de carteira
C00097;30/08/2024;595;Aprovacao de crediario
C00099;29/09/2025;793;Aprovacao de crediario
C00100;25/07/2024;730;Aprovacao de crediario
C00100;05/08/2025;598;Revisao de carteira
C00101;29/03/2025;783;Aprovacao de crediario
C00101;10/02/2026;167;Revisao de carteira
C00102;05/11/2024;855;Aprovacao de crediario
C00103;07/06/2025;742;Aprovacao de crediario
C00103;12/03/2026;745;Revisao de carteira
C00104;03/05/2025;484;Aprovacao de crediario
C00104;04/03/2026;297;Revisao de carteira
C00105;07/07/2024;716;Aprovacao de crediario
C00106;26/05/2025;858;Aprovacao de crediario
C00107;25/10/2024;541;Aprovacao de crediario
C00107;11/02/2026;200;Revisao de carteira
C00108;07/08/2025;737;Aprovacao de crediario
C00109;29/06/2025;536;Aprovacao de crediario
C00109;05/02/2026;351;Revisao de carteira
C00110;21/08/2024;1000;Aprovacao de crediario
C00111;23/02/2025;814;Aprovacao de crediario
C00111;12/02/2026;309;Revisao de carteira
C00112;01/11/2024;729;Aprovacao de crediario
C00112;10/05/2025;217;Revisao de carteira
C00113;19/05/2025;570;Aprovacao de crediario
C00113;02/02/2026;324;Revisao de carteira
C00114;01/08/2025;536;Aprovacao de crediario
C00114;09/03/2026;354;Revisao de carteira
C00115;24/10/2025;627;Aprovacao de crediario
C00116;03/11/2025;748;Aprovacao de crediario
C00117;13/05/2025;576;Aprovacao de crediario
C00118;08/07/2025;751;Aprovacao de crediario
C00119;23/10/2024;562;Aprovacao de crediario
C00120;04/08/2025;763;Aprovacao de crediario
C00120;28/02/2026;749;Revisao de carteira
C00121;01/09/2025;610;Aprovacao de crediario
C00121;22/02/2026;708;Revisao de carteira
C00122;20/07/2024;527;Aprovacao de crediario
C00123;24/10/2025;739;Aprovacao de crediario
C00123;24/02/2026;322;Revisao de carteira
C00124;05/11/2024;624;Aprovacao de crediario
C00125;11/09/2025;721;Aprovacao de crediario
C00126;09/05/2025;687;Aprovacao de crediario
C00126;01/03/2026;194;Revisao de carteira
C00127;26/11/2024;512;Aprovacao de crediario
C00127;05/10/2025;121;Revisao de carteira
C00128;16/07/2025;654;Aprovacao de crediario
C00128;31/01/2026;227;Revisao de carteira
C00129;01/09/2025;669;Aprovacao de crediario
C00129;13/03/2026;299;Revisao de carteira
C00130;05/09/2025;773;Aprovacao de crediario
C00130;26/02/2026;637;Revisao de carteira
C00131;03/08/2024;679;Aprovacao de crediario
C00132;28/06/2024;629;Aprovacao de crediario
C00132;18/05/2025;275;Revisao de carteira
C00133;04/08/2024;770;Aprovacao de crediario
C00133;31/08/2025;272;Revisao de carteira
C00134;23/02/2025;564;Aprovacao de crediario
C00134;06/02/2026;238;Revisao de carteira
C00135;19/08/2024;774;Aprovacao de crediario
C00136;01/08/2025;818;Aprovacao de crediario
C00138;03/10/2024;703;Aprovacao de crediario
C00138;27/08/2025;205;Revisao de carteira
C00139;15/08/2024;750;Aprovacao de crediario
C00139;18/07/2025;684;Revisao de carteira
C00140;03/04/2025;772;Aprovacao de crediario
C00141;22/08/2024;777;Aprovacao de crediario
C00141;30/07/2025;237;Revisao de carteira
C00142;30/06/2025;619;Aprovacao de crediario
C00144;09/08/2024;768;Aprovacao de crediario
C00144;25/02/2025;279;Revisao de carteira
C00146;21/07/2024;661;Aprovacao de crediario
C00149;30/07/2025;594;Aprovacao de crediario
C00150;01/01/2025;822;Aprovacao de crediario
C00150;25/02/2026;813;Revisao de carteira
C00151;12/03/2025;636;Aprovacao de crediario
C00152;27/05/2025;766;Aprovacao de crediario
C00152;12/02/2026;701;Revisao de carteira
C00153;02/10/2024;646;Aprovacao de crediario
C00153;17/10/2025;211;Revisao de carteira
C00154;06/10/2024;679;Aprovacao de crediario
C00154;25/08/2025;221;Revisao de carteira
C00155;03/05/2025;620;Aprovacao de crediario
C00155;25/02/2026;795;Revisao de carteira
C00156;22/10/2024;800;Aprovacao de crediario
C00158;11/10/2024;739;Aprovacao de crediario
C00159;20/02/2025;614;Aprovacao de crediario
C00160;10/10/2025;621;Aprovacao de crediario
C00161;24/01/2025;950;Aprovacao de crediario
C00161;02/02/2026;751;Revisao de carteira
C00162;29/05/2025;662;Aprovacao de crediario
C00163;05/05/2025;700;Aprovacao de crediario
C00163;22/02/2026;272;Revisao de carteira
C00164;17/08/2024;843;Aprovacao de crediario
C00164;22/09/2025;192;Revisao de carteira
C00165;20/07/2025;576;Aprovacao de crediario
C00165;06/02/2026;264;Revisao de carteira
C00167;12/04/2025;591;Aprovacao de crediario
C00168;03/08/2025;833;Aprovacao de crediario
C00168;12/03/2026;286;Revisao de carteira
C00169;01/03/2025;564;Aprovacao de crediario
C00169;07/02/2026;265;Revisao de carteira
C00170;08/07/2025;866;Aprovacao de crediario
C00171;14/02/2025;678;Aprovacao de crediario
C00172;10/07/2024;615;Aprovacao de crediario
C00173;17/06/2025;642;Aprovacao de crediario
C00173;25/01/2026;613;Revisao de carteira
C00176;05/07/2024;575;Aprovacao de crediario
C00176;14/05/2025;192;Revisao de carteira
C00178;12/08/2025;806;Aprovacao de crediario
C00178;11/03/2026;212;Revisao de carteira
C00179;15/09/2025;881;Aprovacao de crediario
C00179;17/02/2026;202;Revisao de carteira
C00180;18/07/2024;643;Aprovacao de crediario
C00180;28/01/2025;321;Revisao de carteira
C00181;12/09/2024;724;Aprovacao de crediario
C00183;19/03/2025;774;Aprovacao de crediario
C00183;07/02/2026;694;Revisao de carteira
C00184;21/09/2024;692;Aprovacao de crediario
C00185;01/02/2025;603;Aprovacao de crediario
C00186;18/11/2024;768;Aprovacao de crediario
C00186;26/02/2026;665;Revisao de carteira
C00187;30/09/2024;750;Aprovacao de crediario
C00187;10/02/2026;729;Revisao de carteira
C00188;09/07/2025;817;Aprovacao de crediario
C00189;14/09/2024;724;Aprovacao de crediario
C00190;12/06/2024;692;Aprovacao de crediario
C00191;12/12/2024;830;Aprovacao de crediario
C00193;03/09/2024;753;Aprovacao de crediario
C00193;11/07/2025;242;Revisao de carteira
C00194;27/07/2025;535;Aprovacao de crediario
C00195;05/11/2024;607;Aprovacao de crediario
C00195;17/10/2025;686;Revisao de carteira
C00196;31/07/2025;589;Aprovacao de crediario
C00196;18/02/2026;805;Revisao de carteira
C00197;13/09/2024;714;Aprovacao de crediario
C00197;12/10/2025;247;Revisao de carteira
C00198;12/01/2025;697;Aprovacao de crediario
C00199;16/11/2024;997;Aprovacao de crediario
C00200;03/05/2025;790;Aprovacao de crediario
C00200;20/02/2026;650;Revisao de carteira
C00201;07/09/2025;545;Aprovacao de crediario
C00201;16/02/2026;296;Revisao de carteira
C00202;21/09/2024;459;Aprovacao de crediario
C00202;18/02/2026;293;Revisao de carteira
C00204;20/08/2025;763;Aprovacao de crediario
C00205;18/05/2025;697;Aprovacao de crediario
C00205;15/03/2026;293;Revisao de carteira
C00206;17/05/2025;725;Aprovacao de crediario
C00207;15/02/2025;700;Aprovacao de crediario
C00208;20/02/2025;875;Aprovacao de crediario
C00210;13/11/2025;845;Aprovacao de crediario
C00211;17/05/2025;600;Aprovacao de crediario
C00212;24/04/2025;633;Aprovacao de crediario
C00212;16/02/2026;168;Revisao de carteira
C00213;09/09/2025;745;Aprovacao de crediario
C00213;25/02/2026;253;Revisao de carteira
C00215;04/03/2025;746;Aprovacao de crediario
C00215;14/10/2025;151;Revisao de carteira
C00216;05/11/2025;843;Aprovacao de crediario
C00217;12/10/2024;814;Aprovacao de crediario
C00219;27/02/2025;644;Aprovacao de crediario
C00219;05/03/2026;300;Revisao de carteira
C00220;15/01/2025;789;Aprovacao de crediario
C00221;24/09/2025;634;Aprovacao de crediario
C00221;07/03/2026;306;Revisao de carteira
C00222;18/01/2025;601;Aprovacao de crediario
C00222;02/08/2025;223;Revisao de carteira
C00223;28/08/2025;673;Aprovacao de crediario
C00223;01/03/2026;281;Revisao de carteira
C00224;05/08/2025;599;Aprovacao de crediario
C00224;11/02/2026;244;Revisao de carteira
C00225;16/10/2024;675;Aprovacao de crediario
C00226;10/12/2024;652;Aprovacao de crediario
C00227;23/12/2024;734;Aprovacao de crediario
C00227;28/01/2026;328;Revisao de carteira
C00228;08/11/2025;711;Aprovacao de crediario
C00228;23/02/2026;212;Revisao de carteira
C00229;28/10/2024;923;Aprovacao de crediario
C00229;11/05/2025;671;Revisao de carteira
C00230;03/07/2024;299;Aprovacao de crediario
C00230;14/01/2025;183;Revisao de carteira
C00231;16/05/2025;520;Aprovacao de crediario
C00232;14/12/2024;767;Aprovacao de crediario
C00232;27/02/2026;169;Revisao de carteira
C00233;25/06/2024;772;Aprovacao de crediario
C00234;12/07/2024;562;Aprovacao de crediario
C00235;23/02/2025;707;Aprovacao de crediario
C00235;14/10/2025;690;Revisao de carteira
C00236;07/11/2024;686;Aprovacao de crediario
C00236;17/12/2025;704;Revisao de carteira
C00237;25/09/2025;683;Aprovacao de crediario
C00238;30/09/2024;838;Aprovacao de crediario
C00238;09/05/2025;249;Revisao de carteira
C00239;26/05/2025;705;Aprovacao de crediario
C00240;26/08/2024;694;Aprovacao de crediario
C00240;09/07/2025;845;Revisao de carteira
C00241;28/09/2024;631;Aprovacao de crediario
C00241;13/05/2025;673;Revisao de carteira
C00242;04/10/2025;714;Aprovacao de crediario
C00242;11/03/2026;272;Revisao de carteira
C00244;01/09/2024;697;Aprovacao de crediario
C00245;09/03/2025;472;Aprovacao de crediario
C00245;20/02/2026;246;Revisao de carteira
C00246;28/09/2025;643;Aprovacao de crediario
C00247;23/01/2025;670;Aprovacao de crediario
C00247;11/02/2026;741;Revisao de carteira
C00248;14/02/2025;687;Aprovacao de crediario
C00248;18/02/2026;684;Revisao de carteira
C00250;17/03/2025;652;Aprovacao de crediario
C00250;13/03/2026;675;Revisao de carteira
C00251;06/02/2025;829;Aprovacao de crediario
C00252;25/06/2024;504;Aprovacao de crediario
C00253;31/08/2024;682;Aprovacao de crediario
C00256;18/02/2025;706;Aprovacao de crediario
C00256;28/02/2026;287;Revisao de carteira
C00257;27/06/2025;712;Aprovacao de crediario
C00258;21/10/2025;790;Aprovacao de crediario
C00258;02/02/2026;281;Revisao de carteira
C00259;28/11/2024;579;Aprovacao de crediario
C00259;11/06/2025;309;Revisao de carteira
C00260;01/07/2024;565;Aprovacao de crediario
C00260;28/01/2025;238;Revisao de carteira
C00261;09/11/2025;698;Aprovacao de crediario
C00262;27/06/2025;732;Aprovacao de crediario
C00262;12/02/2026;328;Revisao de carteira
C00263;05/12/2024;912;Aprovacao de crediario
C00263;17/11/2025;702;Revisao de carteira
C00265;03/07/2025;728;Aprovacao de crediario
C00265;25/02/2026;293;Revisao de carteira
C00266;22/05/2025;623;Aprovacao de crediario
C00266;10/02/2026;251;Revisao de carteira
C00267;04/09/2024;683;Aprovacao de crediario
C00268;27/06/2024;715;Aprovacao de crediario
C00269;16/02/2025;670;Aprovacao de crediario
C00270;28/09/2024;635;Aprovacao de crediario
C00270;26/04/2025;244;Revisao de carteira
C00272;06/10/2024;726;Aprovacao de crediario
C00272;27/08/2025;290;Revisao de carteira
C00273;05/11/2025;662;Aprovacao de crediario
C00275;16/06/2025;762;Aprovacao de crediario
C00276;17/09/2025;693;Aprovacao de crediario
C00277;22/01/2025;746;Aprovacao de crediario
C00278;05/09/2024;563;Aprovacao de crediario
C00280;19/06/2024;781;Aprovacao de crediario
C00280;12/02/2025;705;Revisao de carteira
C00281;20/10/2025;731;Aprovacao de crediario
C00281;26/01/2026;769;Revisao de carteira
C00282;30/12/2024;530;Aprovacao de crediario
C00282;13/01/2026;286;Revisao de carteira
C00283;05/07/2024;682;Aprovacao de crediario
C00283;14/02/2025;251;Revisao de carteira
C00284;09/06/2025;803;Aprovacao de crediario
C00285;25/08/2024;608;Aprovacao de crediario
C00286;05/08/2025;594;Aprovacao de crediario
C00286;10/02/2026;256;Revisao de carteira
C00287;11/03/2025;800;Aprovacao de crediario
C00288;13/08/2025;643;Aprovacao de crediario
C00288;02/03/2026;821;Revisao de carteira
C00290;01/10/2025;783;Aprovacao de crediario
C00291;06/10/2025;706;Aprovacao de crediario
C00292;27/03/2025;658;Aprovacao de crediario
C00293;23/04/2025;617;Aprovacao de crediario
C00293;17/11/2025;260;Revisao de carteira
C00294;12/06/2024;720;Aprovacao de crediario
C00294;15/05/2025;332;Revisao de carteira
C00295;22/04/2025;703;Aprovacao de crediario
C00295;07/02/2026;330;Revisao de carteira
C00296;03/03/2025;782;Aprovacao de crediario
C00296;06/02/2026;698;Revisao de carteira
C00297;21/04/2025;812;Aprovacao de crediario
C00298;18/07/2025;713;Aprovacao de crediario
C00298;24/02/2026;269;Revisao de carteira
C00299;08/02/2025;669;Aprovacao de crediario
C00300;10/02/2025;601;Aprovacao de crediario
C00300;28/02/2026;256;Revisao de carteira
C00302;09/10/2025;854;Aprovacao de crediario
C00304;10/07/2025;780;Aprovacao de crediario
C00305;10/01/2025;899;Aprovacao de crediario
C00305;18/02/2026;706;Revisao de carteira
C00306;30/07/2024;677;Aprovacao de crediario
C00306;17/02/2025;212;Revisao de carteira
C00307;19/02/2025;745;Aprovacao de crediario
C00307;10/10/2025;619;Revisao de carteira
C00308;29/01/2025;692;Aprovacao de crediario
C00310;25/09/2025;794;Aprovacao de crediario
C00310;06/03/2026;738;Revisao de carteira
C00311;30/08/2025;593;Aprovacao de crediario
C00312;02/11/2025;752;Aprovacao de crediario
C00312;07/03/2026;281;Revisao de carteira
C00313;14/10/2024;631;Aprovacao de crediario
C00314;09/06/2025;714;Aprovacao de crediario
C00315;14/10/2024;614;Aprovacao de crediario
C00315;21/09/2025;345;Revisao de carteira
C00316;31/07/2024;689;Aprovacao de crediario
C00316;03/02/2026;346;Revisao de carteira
C00317;19/10/2024;344;Aprovacao de crediario
C00317;25/05/2025;269;Revisao de carteira
C00318;04/08/2025;860;Aprovacao de crediario
C00318;24/02/2026;632;Revisao de carteira
C00319;14/12/2024;546;Aprovacao de crediario
C00320;21/06/2024;626;Aprovacao de crediario
C00320;01/07/2025;182;Revisao de carteira
C00321;23/07/2025;719;Aprovacao de crediario
C00321;15/03/2026;650;Revisao de carteira
C00322;29/09/2024;668;Aprovacao de crediario
C00322;26/02/2026;306;Revisao de carteira
C00324;10/04/2025;691;Aprovacao de crediario
C00324;04/03/2026;209;Revisao de carteira
C00326;12/06/2025;533;Aprovacao de crediario
C00327;17/04/2025;798;Aprovacao de crediario
C00328;01/11/2024;664;Aprovacao de crediario
C00328;22/11/2025;237;Revisao de carteira
C00329;30/05/2025;738;Aprovacao de crediario
C00329;02/03/2026;308;Revisao de carteira
C00330;05/11/2025;678;Aprovacao de crediario
C00331;09/09/2024;720;Aprovacao de crediario
C00331;15/03/2026;726;Revisao de carteira
C00332;06/07/2024;721;Aprovacao de crediario
C00333;20/09/2025;577;Aprovacao de crediario
C00333;12/02/2026;373;Revisao de carteira
C00335;03/02/2025;694;Aprovacao de crediario
C00335;11/01/2026;320;Revisao de carteira
C00336;13/09/2024;942;Aprovacao de crediario
C00336;09/05/2025;839;Revisao de carteira
C00337;14/08/2024;631;Aprovacao de crediario
C00337;21/09/2025;230;Revisao de carteira
C00338;14/10/2025;776;Aprovacao de crediario
C00338;05/02/2026;753;Revisao de carteira
C00339;04/04/2025;927;Aprovacao de crediario
C00339;19/02/2026;754;Revisao de carteira
C00340;26/06/2025;522;Aprovacao de crediario
C00340;14/02/2026;820;Revisao de carteira
C00342;27/06/2024;940;Aprovacao de crediario
C00343;11/07/2024;937;Aprovacao de crediario
C00344;29/01/2025;439;Aprovacao de crediario
C00344;11/12/2025;273;Revisao de carteira
C00345;27/10/2025;767;Aprovacao de crediario
C00345;12/02/2026;130;Revisao de carteira
C00346;25/10/2025;802;Aprovacao de crediario
C00346;04/02/2026;260;Revisao de carteira
C00347;06/06/2025;622;Aprovacao de crediario
C00348;11/04/2025;737;Aprovacao de crediario
C00349;28/10/2024;682;Aprovacao de crediario
C00349;09/09/2025;312;Revisao de carteira
C00350;11/04/2025;875;Aprovacao de crediario
C00350;26/02/2026;207;Revisao de carteira
C00351;21/09/2024;846;Aprovacao de crediario
C00352;02/03/2025;663;Aprovacao de crediario
C00354;26/09/2025;717;Aprovacao de crediario
C00355;24/03/2025;669;Aprovacao de crediario
C00356;13/08/2025;688;Aprovacao de crediario
C00357;23/04/2025;777;Aprovacao de crediario
C00362;17/02/2025;711;Aprovacao de crediario
C00362;06/09/2025;219;Revisao de carteira
C00363;06/02/2025;624;Aprovacao de crediario
C00364;19/10/2025;804;Aprovacao de crediario
C00364;02/03/2026;228;Revisao de carteira
C00365;09/04/2025;596;Aprovacao de crediario
C00365;21/02/2026;318;Revisao de carteira
C00366;22/11/2024;621;Aprovacao de crediario
C00367;18/10/2025;568;Aprovacao de crediario
C00367;04/03/2026;246;Revisao de carteira
C00368;05/07/2024;741;Aprovacao de crediario
C00371;29/04/2025;711;Aprovacao de crediario
C00371;05/12/2025;710;Revisao de carteira
C00372;21/11/2024;736;Aprovacao de crediario
C00372;05/02/2026;265;Revisao de carteira
C00373;24/07/2024;769;Aprovacao de crediario
C00373;26/01/2026;166;Revisao de carteira
C00375;31/08/2024;638;Aprovacao de crediario
C00376;11/01/2025;789;Aprovacao de crediario
C00376;09/03/2026;728;Revisao de carteira
C00377;29/10/2025;659;Aprovacao de crediario
C00378;02/10/2024;693;Aprovacao de crediario
C00379;05/10/2025;571;Aprovacao de crediario
C00379;23/02/2026;223;Revisao de carteira
C00380;01/11/2024;838;Aprovacao de crediario
C00381;20/10/2024;404;Aprovacao de crediario
C00381;30/09/2025;288;Revisao de carteira
C00382;13/07/2024;617;Aprovacao de crediario
C00383;29/06/2025;777;Aprovacao de crediario
C00383;14/03/2026;780;Revisao de carteira
C00384;06/07/2025;727;Aprovacao de crediario
C00384;24/02/2026;240;Revisao de carteira
C00385;11/10/2024;703;Aprovacao de crediario
C00385;18/09/2025;194;Revisao de carteira
C00386;19/07/2025;614;Aprovacao de crediario
C00386;29/01/2026;826;Revisao de carteira
C00387;01/10/2025;759;Aprovacao de crediario
C00388;10/10/2025;792;Aprovacao de crediario
C00389;07/04/2025;638;Aprovacao de crediario
C00390;22/06/2024;693;Aprovacao de crediario
C00390;21/07/2025;301;Revisao de carteira
C00391;03/10/2024;704;Aprovacao de crediario
C00392;20/09/2024;600;Aprovacao de crediario
C00393;07/09/2025;588;Aprovacao de crediario
C00393;18/02/2026;199;Revisao de carteira
C00394;05/11/2024;676;Aprovacao de crediario
C00395;15/06/2024;715;Aprovacao de crediario
C00395;04/01/2026;838;Revisao de carteira
C00396;28/07/2025;758;Aprovacao de crediario
C00397;23/04/2025;654;Aprovacao de crediario
C00397;02/02/2026;172;Revisao de carteira
C00398;25/06/2025;562;Aprovacao de crediario
C00398;04/02/2026;175;Revisao de carteira
C00399;27/10/2024;685;Aprovacao de crediario
C00399;06/05/2025;752;Revisao de carteira
C00400;30/01/2025;384;Aprovacao de crediario
C00400;29/08/2025;288;Revisao de carteira
C00401;21/12/2024;662;Aprovacao de crediario
C00401;14/01/2026;297;Revisao de carteira
C00402;21/07/2024;679;Aprovacao de crediario
C00403;26/06/2024;649;Aprovacao de crediario
C00404;05/11/2024;647;Aprovacao de crediario
C00404;07/02/2026;803;Revisao de carteira
C00405;24/06/2025;733;Aprovacao de crediario
C00407;31/10/2024;881;Aprovacao de crediario
C00408;19/12/2024;643;Aprovacao de crediario
C00409;23/06/2024;701;Aprovacao de crediario
C00410;19/04/2025;608;Aprovacao de crediario
C00411;02/07/2025;338;Aprovacao de crediario
C00411;06/02/2026;298;Revisao de carteira
C00412;14/01/2025;904;Aprovacao de crediario
C00413;02/03/2025;723;Aprovacao de crediario
C00414;08/07/2025;579;Aprovacao de crediario
C00414;11/03/2026;236;Revisao de carteira
C00415;21/07/2025;206;Aprovacao de crediario
C00415;25/02/2026;233;Revisao de carteira
C00416;30/06/2024;634;Aprovacao de crediario
C00416;16/01/2026;216;Revisao de carteira
C00417;09/06/2025;687;Aprovacao de crediario
C00418;26/03/2025;889;Aprovacao de crediario
C00420;06/01/2025;496;Aprovacao de crediario
C00420;07/03/2026;245;Revisao de carteira
C00421;09/10/2024;584;Aprovacao de crediario
C00422;02/08/2025;597;Aprovacao de crediario
C00423;13/04/2025;938;Aprovacao de crediario
C00424;09/08/2025;683;Aprovacao de crediario
C00425;29/04/2025;770;Aprovacao de crediario
C00425;16/12/2025;722;Revisao de carteira
C00427;12/07/2025;682;Aprovacao de crediario
C00427;08/03/2026;280;Revisao de carteira
C00428;27/04/2025;776;Aprovacao de crediario
C00428;16/02/2026;777;Revisao de carteira
C00429;13/10/2025;492;Aprovacao de crediario
C00429;23/02/2026;387;Revisao de carteira
C00430;07/08/2024;752;Aprovacao de crediario
C00430;03/03/2025;190;Revisao de carteira
C00431;01/12/2024;858;Aprovacao de crediario
C00431;06/01/2026;732;Revisao de carteira
C00432;03/07/2025;891;Aprovacao de crediario
C00433;23/06/2024;695;Aprovacao de crediario
C00435;07/08/2024;635;Aprovacao de crediario
C00435;12/09/2025;740;Revisao de carteira
C00436;02/04/2025;755;Aprovacao de crediario
C00436;02/11/2025;309;Revisao de carteira
C00437;02/12/2024;669;Aprovacao de crediario
C00438;23/10/2024;772;Aprovacao de crediario
C00439;18/08/2024;688;Aprovacao de crediario
C00439;24/09/2025;357;Revisao de carteira
C00440;02/04/2025;894;Aprovacao de crediario
C00441;28/10/2024;495;Aprovacao de crediario
C00441;06/11/2025;203;Revisao de carteira
C00442;17/09/2025;537;Aprovacao de crediario
C00442;13/02/2026;346;Revisao de carteira
C00443;14/07/2025;751;Aprovacao de crediario
C00444;11/11/2025;711;Aprovacao de crediario
C00445;14/03/2025;522;Aprovacao de crediario
C00446;21/06/2024;636;Aprovacao de crediario
C00446;23/07/2025;328;Revisao de carteira
C00447;20/04/2025;760;Aprovacao de crediario
C00447;14/02/2026;591;Revisao de carteira
C00448;05/07/2025;821;Aprovacao de crediario
C00449;31/05/2025;913;Aprovacao de crediario
C00451;05/10/2024;578;Aprovacao de crediario
C00451;26/04/2025;312;Revisao de carteira
C00452;28/01/2025;569;Aprovacao de crediario
C00452;10/02/2026;698;Revisao de carteira
C00453;04/05/2025;704;Aprovacao de crediario
C00453;11/12/2025;843;Revisao de carteira
C00454;19/09/2024;791;Aprovacao de crediario
C00454;17/10/2025;374;Revisao de carteira
C00455;03/03/2025;659;Aprovacao de crediario
C00455;11/03/2026;311;Revisao de carteira
C00456;27/04/2025;621;Aprovacao de crediario
C00456;01/03/2026;260;Revisao de carteira
C00457;06/04/2025;575;Aprovacao de crediario
C00457;09/02/2026;280;Revisao de carteira
C00461;24/08/2025;525;Aprovacao de crediario
C00461;02/02/2026;223;Revisao de carteira
C00463;20/06/2024;743;Aprovacao de crediario
C00463;21/07/2025;309;Revisao de carteira
C00464;30/08/2024;824;Aprovacao de crediario
C00464;11/08/2025;857;Revisao de carteira
C00465;28/10/2024;651;Aprovacao de crediario
C00465;06/11/2025;226;Revisao de carteira
C00466;15/06/2024;684;Aprovacao de crediario
C00467;15/07/2024;427;Aprovacao de crediario
C00467;09/02/2025;212;Revisao de carteira
C00468;07/11/2024;814;Aprovacao de crediario
C00469;02/08/2024;779;Aprovacao de crediario
C00470;21/06/2024;865;Aprovacao de crediario
C00471;06/07/2025;532;Aprovacao de crediario
C00472;25/10/2024;644;Aprovacao de crediario
C00472;28/09/2025;727;Revisao de carteira
C00473;26/06/2025;648;Aprovacao de crediario
C00474;13/10/2025;722;Aprovacao de crediario
C00475;29/11/2024;734;Aprovacao de crediario
C00476;14/10/2025;649;Aprovacao de crediario
C00476;14/02/2026;173;Revisao de carteira
C00477;15/03/2025;657;Aprovacao de crediario
C00477;24/01/2026;277;Revisao de carteira
C00479;06/02/2025;479;Aprovacao de crediario
C00479;27/02/2026;290;Revisao de carteira
C00480;24/07/2024;635;Aprovacao de crediario
C00481;19/12/2024;614;Aprovacao de crediario
C00481;01/02/2026;267;Revisao de carteira
C00482;01/10/2025;826;Aprovacao de crediario
C00483;02/05/2025;437;Aprovacao de crediario
C00483;15/02/2026;191;Revisao de carteira
C00484;03/11/2024;654;Aprovacao de crediario
C00484;30/06/2025;890;Revisao de carteira
C00485;05/07/2025;505;Aprovacao de crediario
C00485;24/02/2026;652;Revisao de carteira
C00486;17/10/2025;654;Aprovacao de crediario
C00488;22/09/2025;726;Aprovacao de crediario
C00489;13/11/2025;595;Aprovacao de crediario
C00489;03/03/2026;238;Revisao de carteira
C00490;24/10/2024;724;Aprovacao de crediario
C00491;19/07/2024;779;Aprovacao de crediario
C00492;24/02/2025;704;Aprovacao de crediario
C00493;31/08/2025;655;Aprovacao de crediario
C00493;05/03/2026;219;Revisao de carteira
C00494;07/11/2024;748;Aprovacao de crediario
C00494;12/12/2025;270;Revisao de carteira
C00495;03/11/2025;707;Aprovacao de crediario
C00496;07/10/2025;962;Aprovacao de crediario
C00496;02/03/2026;666;Revisao de carteira
C00497;26/09/2025;670;Aprovacao de crediario
C00498;14/07/2024;718;Aprovacao de crediario
C00498;19/02/2025;166;Revisao de carteira
C00499;21/09/2025;730;Aprovacao de crediario
C00500;11/09/2024;785;Aprovacao de crediario
C00501;11/05/2025;645;Aprovacao de crediario
C00501;15/03/2026;231;Revisao de carteira
C00502;18/08/2024;600;Aprovacao de crediario
C00502;06/03/2025;301;Revisao de carteira
C00503;31/12/2024;689;Aprovacao de crediario
C00503;02/02/2026;265;Revisao de carteira
C00504;11/10/2025;872;Aprovacao de crediario
C00505;19/01/2025;651;Aprovacao de crediario
C00506;19/11/2024;618;Aprovacao de crediario
C00506;28/06/2025;309;Revisao de carteira
C00507;20/03/2025;705;Aprovacao de crediario
C00507;02/11/2025;335;Revisao de carteira
C00509;19/03/2025;687;Aprovacao de crediario
C00512;10/10/2024;598;Aprovacao de crediario
C00512;30/08/2025;307;Revisao de carteira
C00513;29/09/2024;776;Aprovacao de crediario
C00513;22/11/2025;666;Revisao de carteira
C00514;19/04/2025;653;Aprovacao de crediario
C00515;30/10/2024;707;Aprovacao de crediario
C00515;24/11/2025;232;Revisao de carteira
C00516;25/10/2024;590;Aprovacao de crediario
C00516;26/02/2026;283;Revisao de carteira
C00517;27/04/2025;765;Aprovacao de crediario
C00517;16/02/2026;271;Revisao de carteira
C00518;04/06/2025;644;Aprovacao de crediario
C00519;05/08/2025;678;Aprovacao de crediario
C00519;13/02/2026;314;Revisao de carteira
C00520;12/07/2025;843;Aprovacao de crediario
C00521;02/09/2025;624;Aprovacao de crediario
C00521;14/03/2026;250;Revisao de carteira
C00522;11/09/2024;434;Aprovacao de crediario
C00522;12/02/2026;210;Revisao de carteira
C00523;10/08/2025;652;Aprovacao de crediario
C00524;16/10/2024;711;Aprovacao de crediario
C00524;07/09/2025;565;Revisao de carteira
C00525;06/11/2025;628;Aprovacao de crediario
C00526;25/12/2024;635;Aprovacao de crediario
C00529;10/05/2025;718;Aprovacao de crediario
C00530;25/08/2024;479;Aprovacao de crediario
C00530;10/08/2025;717;Revisao de carteira
C00531;12/08/2024;639;Aprovacao de crediario
C00531;23/08/2025;259;Revisao de carteira
C00532;02/02/2025;719;Aprovacao de crediario
C00533;27/08/2024;685;Aprovacao de crediario
C00534;15/07/2024;537;Aprovacao de crediario
C00534;10/02/2026;368;Revisao de carteira
C00535;08/05/2025;769;Aprovacao de crediario
C00535;17/02/2026;268;Revisao de carteira
C00537;13/01/2025;686;Aprovacao de crediario
C00537;19/02/2026;275;Revisao de carteira
C00538;29/07/2024;771;Aprovacao de crediario
C00538;25/08/2025;199;Revisao de carteira
C00539;09/02/2025;784;Aprovacao de crediario
C00539;03/09/2025;290;Revisao de carteira
C00540;14/10/2024;799;Aprovacao de crediario
C00541;17/09/2024;612;Aprovacao de crediario
C00542;11/11/2024;631;Aprovacao de crediario
C00542;09/12/2025;238;Revisao de carteira
C00543;06/09/2024;724;Aprovacao de crediario
C00543;19/07/2025;282;Revisao de carteira
C00544;23/10/2025;503;Aprovacao de crediario
C00544;14/02/2026;202;Revisao de carteira
C00548;06/07/2024;665;Aprovacao de crediario
C00548;08/08/2025;225;Revisao de carteira
C00549;05/03/2025;818;Aprovacao de crediario
C00549;29/01/2026;698;Revisao de carteira
C00550;18/10/2025;503;Aprovacao de crediario
C00550;24/02/2026;219;Revisao de carteira
C00551;04/10/2025;597;Aprovacao de crediario
C00553;25/05/2025;485;Aprovacao de crediario
C00553;02/01/2026;355;Revisao de carteira
C00554;25/10/2024;874;Aprovacao de crediario
C00555;06/09/2025;542;Aprovacao de crediario
C00555;03/03/2026;423;Revisao de carteira
C00556;20/10/2025;617;Aprovacao de crediario
C00556;23/02/2026;710;Revisao de carteira
C00557;22/08/2024;873;Aprovacao de crediario
C00557;01/09/2025;337;Revisao de carteira
C00558;16/07/2025;655;Aprovacao de crediario
C00558;10/02/2026;309;Revisao de carteira
C00559;19/02/2025;886;Aprovacao de crediario
C00559;13/09/2025;822;Revisao de carteira
C00560;21/08/2025;780;Aprovacao de crediario
C00560;11/03/2026;624;Revisao de carteira
C00561;06/08/2024;740;Aprovacao de crediario
C00562;03/08/2025;664;Aprovacao de crediario
C00563;15/09/2025;615;Aprovacao de crediario
C00563;23/01/2026;250;Revisao de carteira
C00564;19/04/2025;822;Aprovacao de crediario
C00564;26/02/2026;277;Revisao de carteira
C00565;10/04/2025;844;Aprovacao de crediario
C00565;04/03/2026;250;Revisao de carteira
C00566;29/06/2025;534;Aprovacao de crediario
C00566;15/01/2026;245;Revisao de carteira
C00568;24/11/2024;635;Aprovacao de crediario
C00569;27/06/2024;616;Aprovacao de crediario
C00570;19/01/2025;661;Aprovacao de crediario
C00570;25/01/2026;294;Revisao de carteira
C00571;26/12/2024;562;Aprovacao de crediario
C00572;02/08/2025;611;Aprovacao de crediario
C00572;12/02/2026;294;Revisao de carteira
C00574;01/05/2025;775;Aprovacao de crediario
C00575;31/10/2025;739;Aprovacao de crediario
C00577;10/08/2024;624;Aprovacao de crediario
C00577;09/03/2026;174;Revisao de carteira
C00579;08/08/2024;664;Aprovacao de crediario
C00580;02/03/2025;683;Aprovacao de crediario
C00580;20/09/2025;740;Revisao de carteira
C00581;23/08/2024;773;Aprovacao de crediario
C00582;11/09/2024;632;Aprovacao de crediario
C00583;06/11/2025;554;Aprovacao de crediario
C00584;21/07/2025;689;Aprovacao de crediario
C00585;09/03/2025;640;Aprovacao de crediario
C00585;23/02/2026;262;Revisao de carteira
C00586;17/06/2024;740;Aprovacao de crediario
C00586;22/06/2025;356;Revisao de carteira
C00587;24/06/2025;510;Aprovacao de crediario
C00587;22/02/2026;751;Revisao de carteira
C00588;22/01/2025;817;Aprovacao de crediario
C00589;07/08/2025;693;Aprovacao de crediario
C00589;03/03/2026;223;Revisao de carteira
C00590;18/10/2024;535;Aprovacao de crediario
C00590;30/08/2025;207;Revisao de carteira
C00591;25/12/2024;820;Aprovacao de crediario
C00591;01/11/2025;672;Revisao de carteira
C00592;04/07/2024;837;Aprovacao de crediario
C00593;02/04/2025;913;Aprovacao de crediario
C00593;21/02/2026;266;Revisao de carteira
C00595;06/09/2024;602;Aprovacao de crediario
C00595;06/08/2025;175;Revisao de carteira
C00597;01/10/2025;995;Aprovacao de crediario
C00598;03/09/2025;600;Aprovacao de crediario
C00599;05/10/2024;592;Aprovacao de crediario
C00600;22/04/2025;632;Aprovacao de crediario
C00600;27/01/2026;178;Revisao de carteira
C00601;15/11/2024;571;Aprovacao de crediario
C00601;23/10/2025;405;Revisao de carteira
C00602;16/07/2024;675;Aprovacao de crediario
C00603;31/10/2024;727;Aprovacao de crediario
C00603;09/02/2026;367;Revisao de carteira
C00604;26/07/2025;825;Aprovacao de crediario
C00605;16/09/2025;629;Aprovacao de crediario
C00606;16/10/2024;752;Aprovacao de crediario
C00606;14/03/2026;297;Revisao de carteira
C00607;30/09/2024;553;Aprovacao de crediario
C00607;14/08/2025;380;Revisao de carteira
C00608;25/06/2025;644;Aprovacao de crediario
C00608;17/01/2026;287;Revisao de carteira
C00609;24/10/2024;680;Aprovacao de crediario
C00610;19/04/2025;708;Aprovacao de crediario
C00610;12/02/2026;771;Revisao de carteira
C00611;06/08/2025;689;Aprovacao de crediario
C00613;04/03/2025;582;Aprovacao de crediario
C00614;25/10/2024;743;Aprovacao de crediario
C00614;18/09/2025;266;Revisao de carteira
C00616;29/08/2024;559;Aprovacao de crediario
C00616;04/02/2026;215;Revisao de carteira
C00617;10/09/2025;858;Aprovacao de crediario
C00618;03/07/2024;639;Aprovacao de crediario
C00619;18/06/2025;274;Aprovacao de crediario
C00619;14/01/2026;263;Revisao de carteira
C00620;26/07/2024;603;Aprovacao de crediario
C00621;10/11/2025;548;Aprovacao de crediario
C00622;07/09/2025;597;Aprovacao de crediario
C00622;02/03/2026;357;Revisao de carteira
C00623;10/11/2024;723;Aprovacao de crediario
C00625;21/02/2025;573;Aprovacao de crediario
C00626;23/10/2024;675;Aprovacao de crediario
C00627;30/08/2024;661;Aprovacao de crediario
C00628;12/11/2024;684;Aprovacao de crediario
C00629;03/11/2025;797;Aprovacao de crediario
C00629;01/03/2026;222;Revisao de carteira
C00630;18/08/2025;621;Aprovacao de crediario
C00632;11/02/2025;764;Aprovacao de crediario
C00633;16/11/2024;641;Aprovacao de crediario
C00634;28/06/2024;637;Aprovacao de crediario
C00636;12/03/2025;688;Aprovacao de crediario
C00636;05/03/2026;281;Revisao de carteira
C00637;07/09/2024;398;Aprovacao de crediario
C00637;15/04/2025;241;Revisao de carteira
C00638;28/02/2025;759;Aprovacao de crediario
C00638;19/02/2026;759;Revisao de carteira
C00639;02/07/2025;755;Aprovacao de crediario
C00639;10/02/2026;296;Revisao de carteira
C00640;16/10/2025;553;Aprovacao de crediario
C00640;04/02/2026;819;Revisao de carteira
C00641;13/11/2024;684;Aprovacao de crediario
C00642;11/11/2025;645;Aprovacao de crediario
C00643;12/09/2024;751;Aprovacao de crediario
C00644;30/08/2024;549;Aprovacao de crediario
C00645;09/07/2025;653;Aprovacao de crediario
C00646;25/02/2025;710;Aprovacao de crediario
C00646;07/03/2026;793;Revisao de carteira
C00647;07/05/2025;786;Aprovacao de crediario
C00648;01/05/2025;681;Aprovacao de crediario
C00648;01/03/2026;344;Revisao de carteira
C00649;30/06/2025;525;Aprovacao de crediario
C00649;12/03/2026;759;Revisao de carteira
C00650;13/11/2024;749;Aprovacao de crediario
C00651;08/02/2025;716;Aprovacao de crediario
C00652;18/07/2025;529;Aprovacao de crediario
C00653;27/11/2024;600;Aprovacao de crediario
C00653;03/12/2025;230;Revisao de carteira
C00655;12/04/2025;679;Aprovacao de crediario
C00655;11/03/2026;168;Revisao de carteira
C00656;21/09/2025;727;Aprovacao de crediario
C00657;28/08/2024;507;Aprovacao de crediario
C00658;28/04/2025;759;Aprovacao de crediario
C00659;27/05/2025;866;Aprovacao de crediario
C00659;17/02/2026;218;Revisao de carteira
C00660;03/07/2024;703;Aprovacao de crediario
C00660;21/01/2025;252;Revisao de carteira
C00661;04/09/2024;694;Aprovacao de crediario
C00661;23/07/2025;176;Revisao de carteira
C00662;02/11/2024;705;Aprovacao de crediario
C00662;11/10/2025;698;Revisao de carteira
C00663;08/07/2024;744;Aprovacao de crediario
C00663;25/06/2025;845;Revisao de carteira
C00664;29/05/2025;745;Aprovacao de crediario
C00665;18/04/2025;776;Aprovacao de crediario
C00666;10/12/2024;614;Aprovacao de crediario
C00666;14/11/2025;323;Revisao de carteira
C00667;05/07/2025;773;Aprovacao de crediario
C00667;22/02/2026;667;Revisao de carteira
C00668;12/06/2024;576;Aprovacao de crediario
C00669;27/06/2024;830;Aprovacao de crediario
C00670;22/03/2025;683;Aprovacao de crediario
C00670;26/02/2026;648;Revisao de carteira
C00671;21/01/2025;672;Aprovacao de crediario
C00671;18/02/2026;203;Revisao de carteira
C00672;07/08/2024;622;Aprovacao de crediario
C00672;03/03/2026;288;Revisao de carteira
C00673;20/10/2025;704;Aprovacao de crediario
C00675;08/06/2025;540;Aprovacao de crediario
C00675;11/03/2026;264;Revisao de carteira
C00676;07/06/2025;527;Aprovacao de crediario
C00677;21/09/2025;663;Aprovacao de crediario
C00678;30/06/2024;733;Aprovacao de crediario
C00678;04/03/2026;696;Revisao de carteira
C00679;22/09/2024;808;Aprovacao de crediario
C00679;07/10/2025;331;Revisao de carteira
C00680;16/01/2025;759;Aprovacao de crediario
C00681;29/05/2025;690;Aprovacao de crediario
C00681;15/03/2026;607;Revisao de carteira
C00682;19/03/2025;829;Aprovacao de crediario
C00682;23/02/2026;819;Revisao de carteira
C00683;20/06/2024;575;Aprovacao de crediario
C00684;29/07/2024;643;Aprovacao de crediario
C00684;02/07/2025;159;Revisao de carteira
C00685;10/11/2025;898;Aprovacao de crediario
C00685;04/03/2026;276;Revisao de carteira
C00687;03/03/2025;641;Aprovacao de crediario
C00688;11/10/2024;758;Aprovacao de crediario
C00688;28/10/2025;264;Revisao de carteira
C00689;23/07/2024;873;Aprovacao de crediario
C00689;05/08/2025;167;Revisao de carteira
C00691;11/03/2025;696;Aprovacao de crediario
C00691;04/03/2026;179;Revisao de carteira
C00692;23/08/2025;677;Aprovacao de crediario
C00692;10/02/2026;238;Revisao de carteira
C00693;25/10/2024;710;Aprovacao de crediario
C00694;20/09/2024;807;Aprovacao de crediario
C00695;26/06/2025;416;Aprovacao de crediario
C00695;05/01/2026;281;Revisao de carteira
C00696;16/06/2025;404;Aprovacao de crediario
C00696;24/02/2026;283;Revisao de carteira
C00697;06/08/2024;813;Aprovacao de crediario
C00697;02/07/2025;114;Revisao de carteira
C00698;05/02/2025;858;Aprovacao de crediario
C00699;14/12/2024;733;Aprovacao de crediario
C00699;10/03/2026;731;Revisao de carteira
C00700;04/09/2025;650;Aprovacao de crediario
C00701;02/08/2025;632;Aprovacao de crediario
C00701;24/02/2026;212;Revisao de carteira
C00702;26/08/2025;587;Aprovacao de crediario
C00702;08/02/2026;243;Revisao de carteira
C00704;27/11/2024;631;Aprovacao de crediario
C00704;27/12/2025;237;Revisao de carteira
C00705;26/08/2024;750;Aprovacao de crediario
C00706;03/11/2025;598;Aprovacao de crediario
C00707;25/04/2025;597;Aprovacao de crediario
C00707;01/02/2026;340;Revisao de carteira
C00708;23/09/2025;850;Aprovacao de crediario
C00708;22/02/2026;221;Revisao de carteira
C00709;29/07/2024;486;Aprovacao de crediario
C00709;08/02/2025;236;Revisao de carteira
C00710;18/03/2025;659;Aprovacao de crediario
C00710;05/03/2026;820;Revisao de carteira
C00711;08/06/2025;607;Aprovacao de crediario
C00712;23/07/2024;857;Aprovacao de crediario
C00713;08/07/2024;654;Aprovacao de crediario
C00713;10/02/2026;343;Revisao de carteira
C00714;05/02/2025;860;Aprovacao de crediario
C00715;12/10/2024;732;Aprovacao de crediario
C00715;28/10/2025;730;Revisao de carteira
C00716;01/08/2025;798;Aprovacao de crediario
C00716;11/02/2026;244;Revisao de carteira
C00717;20/06/2024;611;Aprovacao de crediario
C00718;09/08/2024;695;Aprovacao de crediario
C00718;04/04/2025;747;Revisao de carteira
C00719;13/04/2025;554;Aprovacao de crediario
C00720;28/04/2025;796;Aprovacao de crediario
C00720;17/02/2026;618;Revisao de carteira
C00721;14/02/2025;794;Aprovacao de crediario
C00721;26/02/2026;248;Revisao de carteira
C00722;05/06/2025;614;Aprovacao de crediario
C00722;27/02/2026;244;Revisao de carteira
C00723;05/09/2024;897;Aprovacao de crediario
C00724;09/02/2025;529;Aprovacao de crediario
C00724;21/09/2025;266;Revisao de carteira
C00725;31/10/2025;655;Aprovacao de crediario
C00725;08/02/2026;193;Revisao de carteira
C00726;14/12/2024;703;Aprovacao de crediario
C00727;22/05/2025;580;Aprovacao de crediario
C00727;15/12/2025;206;Revisao de carteira
C00728;22/11/2024;844;Aprovacao de crediario
C00729;19/11/2024;596;Aprovacao de crediario
C00730;29/04/2025;633;Aprovacao de crediario
C00730;26/02/2026;315;Revisao de carteira
C00731;26/04/2025;703;Aprovacao de crediario
C00731;05/02/2026;252;Revisao de carteira
C00732;11/09/2025;831;Aprovacao de crediario
C00734;21/07/2024;845;Aprovacao de crediario
C00735;10/04/2025;585;Aprovacao de crediario
C00736;09/07/2025;695;Aprovacao de crediario
C00737;28/02/2025;602;Aprovacao de crediario
C00737;05/01/2026;253;Revisao de carteira
C00738;04/07/2025;596;Aprovacao de crediario
C00739;25/10/2025;546;Aprovacao de crediario
C00739;10/02/2026;249;Revisao de carteira
C00740;24/02/2025;843;Aprovacao de crediario
C00741;16/12/2024;734;Aprovacao de crediario
C00742;15/11/2025;919;Aprovacao de crediario
C00743;11/02/2025;662;Aprovacao de crediario
C00743;16/02/2026;231;Revisao de carteira
C00744;02/07/2025;687;Aprovacao de crediario
C00744;10/03/2026;734;Revisao de carteira
C00745;15/06/2025;657;Aprovacao de crediario
C00745;12/03/2026;293;Revisao de carteira
C00746;09/07/2024;694;Aprovacao de crediario
C00746;14/07/2025;234;Revisao de carteira
C00747;05/01/2025;672;Aprovacao de crediario
C00747;29/12/2025;653;Revisao de carteira
C00750;28/01/2025;438;Aprovacao de crediario
C00750;22/12/2025;372;Revisao de carteira
C00751;10/10/2024;878;Aprovacao de crediario
C00753;26/02/2025;695;Aprovacao de crediario
C00755;25/07/2025;681;Aprovacao de crediario
C00755;07/03/2026;621;Revisao de carteira
C00756;21/09/2024;657;Aprovacao de crediario
C00757;06/11/2025;686;Aprovacao de crediario
C00757;25/02/2026;255;Revisao de carteira
C00758;18/08/2024;542;Aprovacao de crediario
C00758;28/08/2025;256;Revisao de carteira
C00759;10/07/2024;696;Aprovacao de crediario
C00759;15/08/2025;241;Revisao de carteira
C00760;09/02/2025;736;Aprovacao de crediario
C00760;07/09/2025;909;Revisao de carteira
C00761;28/08/2025;736;Aprovacao de crediario
C00762;12/02/2025;627;Aprovacao de crediario
C00762;12/01/2026;205;Revisao de carteira
C00763;07/11/2025;794;Aprovacao de crediario
C00763;20/02/2026;789;Revisao de carteira
C00764;18/06/2025;653;Aprovacao de crediario
C00764;19/01/2026;307;Revisao de carteira
C00765;12/10/2024;753;Aprovacao de crediario
C00768;05/11/2024;831;Aprovacao de crediario
C00768;16/12/2025;696;Revisao de carteira
C00769;25/04/2025;700;Aprovacao de crediario
C00769;29/01/2026;334;Revisao de carteira
C00770;18/08/2025;845;Aprovacao de crediario
C00770;21/02/2026;332;Revisao de carteira
C00771;27/10/2024;614;Aprovacao de crediario
C00772;02/03/2025;627;Aprovacao de crediario
C00772;07/02/2026;200;Revisao de carteira
C00773;25/01/2025;616;Aprovacao de crediario
C00773;22/02/2026;381;Revisao de carteira
C00774;04/05/2025;712;Aprovacao de crediario
C00774;21/02/2026;215;Revisao de carteira
C00775;17/07/2024;708;Aprovacao de crediario
C00776;21/06/2024;729;Aprovacao de crediario
C00777;27/02/2025;665;Aprovacao de crediario
C00777;01/03/2026;712;Revisao de carteira
C00778;04/03/2025;781;Aprovacao de crediario
C00778;20/02/2026;719;Revisao de carteira
C00779;28/07/2025;551;Aprovacao de crediario
C00779;16/02/2026;303;Revisao de carteira
C00781;24/07/2024;696;Aprovacao de crediario
C00782;17/07/2025;709;Aprovacao de crediario
C00782;21/02/2026;276;Revisao de carteira
C00783;23/09/2024;729;Aprovacao de crediario
C00784;08/06/2025;739;Aprovacao de crediario
C00785;17/09/2024;564;Aprovacao de crediario
C00786;30/08/2025;800;Aprovacao de crediario
C00787;19/02/2025;643;Aprovacao de crediario
C00788;18/10/2024;687;Aprovacao de crediario
C00788;27/02/2026;784;Revisao de carteira
C00789;19/12/2024;719;Aprovacao de crediario
C00789;27/10/2025;272;Revisao de carteira
C00790;29/06/2025;760;Aprovacao de crediario
C00791;04/08/2024;623;Aprovacao de crediario
C00791;27/02/2025;201;Revisao de carteira
C00793;24/12/2024;553;Aprovacao de crediario
C00793;01/02/2026;676;Revisao de carteira
C00794;20/10/2025;664;Aprovacao de crediario
C00794;10/02/2026;702;Revisao de carteira
C00795;18/07/2025;652;Aprovacao de crediario
C00796;01/02/2025;684;Aprovacao de crediario
C00796;28/12/2025;358;Revisao de carteira
C00797;14/01/2025;536;Aprovacao de crediario
C00797;22/12/2025;245;Revisao de carteira
C00798;20/05/2025;783;Aprovacao de crediario
C00800;29/08/2025;609;Aprovacao de crediario
C00801;29/06/2025;646;Aprovacao de crediario
C00801;10/03/2026;275;Revisao de carteira
C00802;09/04/2025;960;Aprovacao de crediario
C00803;09/06/2025;694;Aprovacao de crediario
C00803;21/12/2025;279;Revisao de carteira
C00804;11/09/2025;736;Aprovacao de crediario
C00805;01/07/2024;895;Aprovacao de crediario
C00807;24/05/2025;552;Aprovacao de crediario
C00807;21/12/2025;303;Revisao de carteira
C00808;20/01/2025;675;Aprovacao de crediario
C00808;02/03/2026;560;Revisao de carteira
C00809;29/05/2025;834;Aprovacao de crediario
C00810;28/04/2025;537;Aprovacao de crediario
C00810;11/02/2026;203;Revisao de carteira
C00811;13/03/2025;704;Aprovacao de crediario
C00811;07/02/2026;702;Revisao de carteira
C00813;25/01/2025;781;Aprovacao de crediario
C00814;26/01/2025;797;Aprovacao de crediario
C00816;15/11/2024;735;Aprovacao de crediario
C00816;14/12/2025;726;Revisao de carteira
C00817;29/12/2024;438;Aprovacao de crediario
C00818;21/09/2025;830;Aprovacao de crediario
C00818;10/02/2026;804;Revisao de carteira
C00819;14/09/2025;692;Aprovacao de crediario
C00820;24/07/2024;907;Aprovacao de crediario
C00821;04/10/2025;686;Aprovacao de crediario
C00821;01/03/2026;353;Revisao de carteira
C00823;07/09/2025;558;Aprovacao de crediario
C00823;24/02/2026;254;Revisao de carteira
C00824;22/10/2024;634;Aprovacao de crediario
C00824;29/01/2026;240;Revisao de carteira
C00825;30/11/2024;573;Aprovacao de crediario
C00826;02/11/2025;645;Aprovacao de crediario
C00827;01/10/2025;807;Aprovacao de crediario
C00829;08/11/2025;675;Aprovacao de crediario
C00830;05/08/2025;689;Aprovacao de crediario
C00830;20/02/2026;256;Revisao de carteira
C00831;15/08/2024;586;Aprovacao de crediario
C00832;17/10/2025;638;Aprovacao de crediario
C00834;20/04/2025;845;Aprovacao de crediario
C00835;06/08/2024;498;Aprovacao de crediario
C00835;28/06/2025;302;Revisao de carteira
C00836;31/08/2025;694;Aprovacao de crediario
C00836;24/02/2026;307;Revisao de carteira
C00837;13/08/2025;758;Aprovacao de crediario
C00838;01/12/2024;719;Aprovacao de crediario
C00839;06/11/2025;870;Aprovacao de crediario
C00840;02/10/2025;676;Aprovacao de crediario
C00841;03/09/2025;719;Aprovacao de crediario
C00842;17/12/2024;758;Aprovacao de crediario
C00842;23/11/2025;198;Revisao de carteira
C00843;03/08/2024;637;Aprovacao de crediario
C00843;21/07/2025;662;Revisao de carteira
C00844;09/03/2025;809;Aprovacao de crediario
C00847;11/10/2024;565;Aprovacao de crediario
C00847;08/03/2026;235;Revisao de carteira
C00848;21/06/2025;732;Aprovacao de crediario
C00849;25/05/2025;741;Aprovacao de crediario
C00849;03/03/2026;164;Revisao de carteira
C00850;01/12/2024;446;Aprovacao de crediario
C00850;27/02/2026;193;Revisao de carteira
C00852;27/11/2024;689;Aprovacao de crediario
C00853;30/04/2025;525;Aprovacao de crediario
C00853;11/02/2026;217;Revisao de carteira
C00854;16/10/2024;636;Aprovacao de crediario
C00855;30/11/2024;825;Aprovacao de crediario
C00856;01/02/2025;824;Aprovacao de crediario
C00857;31/10/2025;862;Aprovacao de crediario
C00858;23/02/2025;728;Aprovacao de crediario
C00858;25/02/2026;302;Revisao de carteira
C00859;23/09/2025;706;Aprovacao de crediario
C00859;05/02/2026;153;Revisao de carteira
C00860;01/02/2025;737;Aprovacao de crediario
C00861;03/04/2025;602;Aprovacao de crediario
C00861;13/03/2026;221;Revisao de carteira
C00862;09/09/2024;834;Aprovacao de crediario
C00863;08/03/2025;617;Aprovacao de crediario
C00863;14/03/2026;191;Revisao de carteira
C00864;11/01/2025;810;Aprovacao de crediario
C00865;05/11/2024;682;Aprovacao de crediario
C00866;23/07/2024;599;Aprovacao de crediario
C00866;29/01/2026;295;Revisao de carteira
C00867;17/02/2025;698;Aprovacao de crediario
C00867;20/02/2026;321;Revisao de carteira
C00868;19/08/2024;715;Aprovacao de crediario
C00868;29/03/2025;612;Revisao de carteira
C00869;01/07/2025;693;Aprovacao de crediario
C00869;26/02/2026;319;Revisao de carteira
C00870;09/05/2025;778;Aprovacao de crediario
C00870;01/03/2026;252;Revisao de carteira
C00871;22/10/2024;527;Aprovacao de crediario
C00871;13/09/2025;265;Revisao de carteira
C00872;28/10/2025;728;Aprovacao de crediario
C00873;24/08/2025;626;Aprovacao de crediario
C00874;03/05/2025;655;Aprovacao de crediario
C00874;03/03/2026;288;Revisao de carteira
C00875;08/02/2025;665;Aprovacao de crediario
C00876;10/03/2025;664;Aprovacao de crediario
C00876;15/03/2026;271;Revisao de carteira
C00877;28/10/2025;658;Aprovacao de crediario
C00879;08/12/2024;747;Aprovacao de crediario
C00879;25/12/2025;289;Revisao de carteira
C00880;27/07/2024;651;Aprovacao de crediario
C00880;13/02/2025;717;Revisao de carteira
C00881;08/09/2025;844;Aprovacao de crediario
C00884;04/08/2024;570;Aprovacao de crediario
C00884;30/06/2025;324;Revisao de carteira
C00885;12/11/2024;551;Aprovacao de crediario
C00886;06/12/2024;846;Aprovacao de crediario
C00886;18/12/2025;261;Revisao de carteira
C00887;25/02/2025;734;Aprovacao de crediario
C00889;09/04/2025;496;Aprovacao de crediario
C00889;10/03/2026;352;Revisao de carteira
C00890;19/09/2025;704;Aprovacao de crediario
C00890;23/02/2026;225;Revisao de carteira
C00891;07/11/2025;481;Aprovacao de crediario
C00891;20/02/2026;215;Revisao de carteira
C00892;25/06/2024;667;Aprovacao de crediario
C00894;18/06/2025;605;Aprovacao de crediario
C00895;23/01/2025;708;Aprovacao de crediario
C00895;21/02/2026;729;Revisao de carteira
C00896;03/09/2025;707;Aprovacao de crediario
C00896;12/02/2026;202;Revisao de carteira
C00899;28/12/2024;750;Aprovacao de crediario
C00899;13/03/2026;672;Revisao de carteira
C00900;15/07/2025;461;Aprovacao de crediario
C00900;08/02/2026;281;Revisao de carteira
C00901;01/09/2024;685;Aprovacao de crediario
C00901;24/02/2026;603;Revisao de carteira
C00902;24/01/2025;605;Aprovacao de crediario
C00902;21/02/2026;263;Revisao de carteira
C00903;23/07/2024;686;Aprovacao de crediario
C00904;17/10/2025;688;Aprovacao de crediario
C00905;22/06/2024;777;Aprovacao de crediario
C00907;30/06/2024;586;Aprovacao de crediario
C00908;18/02/2025;721;Aprovacao de crediario
C00908;24/02/2026;264;Revisao de carteira
C00909;22/02/2025;600;Aprovacao de crediario
C00909;19/01/2026;362;Revisao de carteira
C00910;31/08/2024;728;Aprovacao de crediario
C00910;11/02/2026;927;Revisao de carteira
C00911;02/07/2025;652;Aprovacao de crediario
C00911;20/02/2026;860;Revisao de carteira
C00912;04/09/2025;839;Aprovacao de crediario
C00913;07/10/2025;658;Aprovacao de crediario
C00913;21/02/2026;729;Revisao de carteira
C00914;13/06/2025;634;Aprovacao de crediario
C00914;11/01/2026;273;Revisao de carteira
C00916;10/08/2024;601;Aprovacao de crediario
C00916;17/02/2026;696;Revisao de carteira
C00917;30/07/2025;845;Aprovacao de crediario
C00918;30/10/2025;598;Aprovacao de crediario
C00919;20/08/2024;787;Aprovacao de crediario
C00919;10/09/2025;245;Revisao de carteira
C00920;14/06/2025;865;Aprovacao de crediario
C00921;29/04/2025;867;Aprovacao de crediario
C00922;21/09/2025;469;Aprovacao de crediario
C00924;11/10/2024;874;Aprovacao de crediario
C00924;29/09/2025;753;Revisao de carteira
C00925;28/09/2024;899;Aprovacao de crediario
C00926;13/06/2024;665;Aprovacao de crediario
C00926;13/03/2026;238;Revisao de carteira
C00927;10/10/2025;586;Aprovacao de crediario
C00928;17/12/2024;762;Aprovacao de crediario
C00929;21/03/2025;616;Aprovacao de crediario
C00931;21/10/2025;658;Aprovacao de crediario
C00932;28/10/2025;641;Aprovacao de crediario
C00932;07/02/2026;279;Revisao de carteira
C00933;23/10/2025;595;Aprovacao de crediario
C00933;07/03/2026;261;Revisao de carteira
C00934;18/10/2025;710;Aprovacao de crediario
C00934;03/03/2026;203;Revisao de carteira
C00935;13/10/2024;652;Aprovacao de crediario
C00936;09/07/2024;572;Aprovacao de crediario
C00936;08/06/2025;196;Revisao de carteira
C00937;30/10/2025;737;Aprovacao de crediario
C00938;25/08/2024;759;Aprovacao de crediario
C00939;24/09/2024;784;Aprovacao de crediario
C00939;13/10/2025;659;Revisao de carteira
C00940;12/08/2024;504;Aprovacao de crediario
C00940;13/02/2026;728;Revisao de carteira
C00941;02/02/2025;615;Aprovacao de crediario
C00941;09/01/2026;321;Revisao de carteira
C00942;13/09/2024;568;Aprovacao de crediario
C00942;13/10/2025;894;Revisao de carteira
C00943;28/12/2024;816;Aprovacao de crediario
C00943;02/02/2026;763;Revisao de carteira
C00944;29/04/2025;744;Aprovacao de crediario
C00947;29/06/2025;658;Aprovacao de crediario
C00947;22/01/2026;301;Revisao de carteira
C00949;28/07/2025;554;Aprovacao de crediario
C00949;03/03/2026;271;Revisao de carteira
C00950;30/09/2024;597;Aprovacao de crediario
C00950;14/08/2025;285;Revisao de carteira
C00951;16/06/2025;629;Aprovacao de crediario
C00951;30/01/2026;200;Revisao de carteira
C00952;27/12/2024;633;Aprovacao de crediario
C00952;12/02/2026;217;Revisao de carteira
C00953;27/03/2025;684;Aprovacao de crediario
C00954;09/09/2024;522;Aprovacao de crediario
C00954;10/08/2025;273;Revisao de carteira
C00955;24/08/2024;706;Aprovacao de crediario
C00955;09/02/2026;261;Revisao de carteira
C00956;29/10/2025;708;Aprovacao de crediario
C00956;27/02/2026;264;Revisao de carteira
C00957;15/11/2024;554;Aprovacao de crediario
C00957;13/06/2025;138;Revisao de carteira
C00958;11/12/2024;667;Aprovacao de crediario
C00959;02/01/2025;625;Aprovacao de crediario
C00959;05/08/2025;249;Revisao de carteira
C00960;21/02/2025;903;Aprovacao de crediario
C00960;01/03/2026;780;Revisao de carteira
C00961;22/07/2024;705;Aprovacao de crediario
C00962;30/07/2025;773;Aprovacao de crediario
C00963;25/10/2025;663;Aprovacao de crediario
C00963;04/03/2026;287;Revisao de carteira
C00964;10/08/2024;819;Aprovacao de crediario
C00966;26/09/2025;504;Aprovacao de crediario
C00967;26/09/2024;694;Aprovacao de crediario
C00968;24/07/2025;778;Aprovacao de crediario
C00969;01/12/2024;781;Aprovacao de crediario
C00969;13/11/2025;724;Revisao de carteira
C00970;30/09/2024;631;Aprovacao de crediario
C00970;31/08/2025;337;Revisao de carteira
C00971;17/10/2025;791;Aprovacao de crediario
C00972;04/11/2024;765;Aprovacao de crediario
C00973;20/06/2025;568;Aprovacao de crediario
C00973;13/02/2026;293;Revisao de carteira
C00974;19/01/2025;787;Aprovacao de crediario
C00974;16/02/2026;192;Revisao de carteira
C00975;24/04/2025;696;Aprovacao de crediario
C00976;10/11/2024;455;Aprovacao de crediario
C00977;02/07/2024;762;Aprovacao de crediario
C00978;15/05/2025;619;Aprovacao de crediario
C00979;07/02/2025;752;Aprovacao de crediario
C00979;06/03/2026;306;Revisao de carteira
C00980;20/01/2025;604;Aprovacao de crediario
C00981;25/01/2025;627;Aprovacao de crediario
C00981;25/02/2026;295;Revisao de carteira
C00982;30/03/2025;823;Aprovacao de crediario
C00983;19/09/2025;749;Aprovacao de crediario
C00983;23/02/2026;275;Revisao de carteira
C00984;13/08/2024;751;Aprovacao de crediario
C00984;18/02/2026;330;Revisao de carteira
C00985;21/09/2025;751;Aprovacao de crediario
C00986;07/10/2025;487;Aprovacao de crediario
C00987;19/07/2024;646;Aprovacao de crediario
C00988;15/08/2024;649;Aprovacao de crediario
C00988;26/07/2025;322;Revisao de carteira
C00989;08/09/2025;748;Aprovacao de crediario
C00990;30/09/2025;612;Aprovacao de crediario
C00991;16/02/2025;920;Aprovacao de crediario
C00992;26/07/2025;539;Aprovacao de crediario
C00992;25/02/2026;231;Revisao de carteira
C00993;05/10/2024;506;Aprovacao de crediario
C00993;14/02/2026;288;Revisao de carteira
C00994;14/10/2024;864;Aprovacao de crediario
C00995;15/10/2025;779;Aprovacao de crediario
C00995;03/02/2026;216;Revisao de carteira
C00996;25/09/2024;724;Aprovacao de crediario
C00998;22/09/2025;705;Aprovacao de crediario
C00998;18/02/2026;319;Revisao de carteira
C00999;14/03/2025;619;Aprovacao de crediario
C01000;14/10/2024;742;Aprovacao de crediario
C01001;30/08/2025;620;Aprovacao de crediario
C01001;07/03/2026;207;Revisao de carteira
C01002;26/02/2025;722;Aprovacao de crediario
C01002;08/03/2026;319;Revisao de carteira
C01003;16/06/2024;572;Aprovacao de crediario
C01004;07/10/2024;678;Aprovacao de crediario
C01004;30/09/2025;728;Revisao de carteira
C01005;26/08/2024;652;Aprovacao de crediario
C01005;15/10/2025;778;Revisao de carteira
C01006;15/08/2025;656;Aprovacao de crediario
C01008;11/11/2024;607;Aprovacao de crediario
C01008;18/10/2025;146;Revisao de carteira
C01009;11/06/2025;563;Aprovacao de crediario
C01009;11/03/2026;189;Revisao de carteira
C01010;19/10/2025;642;Aprovacao de crediario
C01010;02/03/2026;294;Revisao de carteira
C01011;08/12/2024;446;Aprovacao de crediario
C01011;15/11/2025;234;Revisao de carteira
C01012;25/08/2025;655;Aprovacao de crediario
C01013;27/03/2025;478;Aprovacao de crediario
C01013;28/10/2025;256;Revisao de carteira
C01014;18/11/2024;819;Aprovacao de crediario
C01015;10/12/2024;824;Aprovacao de crediario
C01015;14/03/2026;782;Revisao de carteira
C01016;08/05/2025;603;Aprovacao de crediario
C01016;04/03/2026;830;Revisao de carteira
C01017;14/11/2025;570;Aprovacao de crediario
C01017;23/02/2026;324;Revisao de carteira
C01018;21/07/2024;801;Aprovacao de crediario
C01019;11/09/2025;724;Aprovacao de crediario
C01019;03/03/2026;801;Revisao de carteira
C01021;16/11/2024;734;Aprovacao de crediario
C01021;04/10/2025;311;Revisao de carteira
C01022;27/02/2025;534;Aprovacao de crediario
C01023;13/12/2024;729;Aprovacao de crediario
C01024;05/01/2025;568;Aprovacao de crediario
C01024;24/02/2026;352;Revisao de carteira
C01025;23/02/2025;711;Aprovacao de crediario
C01025;06/02/2026;265;Revisao de carteira
C01026;05/12/2024;701;Aprovacao de crediario
C01027;03/10/2024;698;Aprovacao de crediario
C01027;20/08/2025;627;Revisao de carteira
C01028;28/05/2025;591;Aprovacao de crediario
C01028;16/02/2026;193;Revisao de carteira
C01029;13/08/2024;588;Aprovacao de crediario
C01030;02/08/2024;485;Aprovacao de crediario
C01030;14/08/2025;148;Revisao de carteira
C01031;12/09/2025;482;Aprovacao de crediario
C01032;30/01/2025;916;Aprovacao de crediario
C01032;05/01/2026;247;Revisao de carteira
C01033;19/08/2025;821;Aprovacao de crediario
C01034;09/02/2025;669;Aprovacao de crediario
C01035;16/10/2024;560;Aprovacao de crediario
C01035;11/09/2025;264;Revisao de carteira
C01036;07/01/2025;697;Aprovacao de crediario
C01036;18/01/2026;266;Revisao de carteira
C01037;26/06/2025;682;Aprovacao de crediario
C01037;23/02/2026;212;Revisao de carteira
C01038;14/10/2024;642;Aprovacao de crediario
C01039;25/04/2025;703;Aprovacao de crediario
C01040;23/05/2025;823;Aprovacao de crediario
C01041;23/10/2025;611;Aprovacao de crediario
C01042;15/09/2024;737;Aprovacao de crediario
C01042;28/10/2025;647;Revisao de carteira
C01043;21/02/2025;671;Aprovacao de crediario
C01044;27/10/2025;716;Aprovacao de crediario
C01045;05/12/2024;577;Aprovacao de crediario
C01045;06/02/2026;284;Revisao de carteira
C01046;11/10/2025;680;Aprovacao de crediario
C01047;03/06/2025;806;Aprovacao de crediario
C01048;04/11/2024;742;Aprovacao de crediario
C01048;17/11/2025;296;Revisao de carteira
C01049;27/08/2024;541;Aprovacao de crediario
C01049;16/09/2025;228;Revisao de carteira
C01050;27/05/2025;691;Aprovacao de crediario
C01051;02/10/2024;770;Aprovacao de crediario
C01051;27/04/2025;784;Revisao de carteira
C01052;01/05/2025;485;Aprovacao de crediario
C01054;09/08/2025;680;Aprovacao de crediario
C01054;17/02/2026;235;Revisao de carteira
C01055;28/08/2025;673;Aprovacao de crediario
C01057;22/02/2025;693;Aprovacao de crediario
C01058;13/09/2025;668;Aprovacao de crediario
C01058;04/03/2026;301;Revisao de carteira
C01059;29/05/2025;650;Aprovacao de crediario
C01060;20/12/2024;605;Aprovacao de crediario
C01061;12/11/2024;701;Aprovacao de crediario
C01062;26/04/2025;785;Aprovacao de crediario
C01063;11/09/2024;673;Aprovacao de crediario
C01063;01/03/2026;243;Revisao de carteira
C01064;12/12/2024;580;Aprovacao de crediario
C01065;15/12/2024;807;Aprovacao de crediario
C01065;14/01/2026;810;Revisao de carteira
C01066;10/02/2025;766;Aprovacao de crediario
C01066;05/03/2026;698;Revisao de carteira
C01067;01/10/2024;674;Aprovacao de crediario
C01067;19/08/2025;261;Revisao de carteira
C01068;02/06/2025;745;Aprovacao de crediario
C01069;23/10/2024;841;Aprovacao de crediario
C01070;30/06/2024;811;Aprovacao de crediario
C01071;30/10/2025;720;Aprovacao de crediario
C01071;23/02/2026;261;Revisao de carteira
C01072;25/10/2024;645;Aprovacao de crediario
C01072;03/10/2025;305;Revisao de carteira
C01073;04/09/2025;763;Aprovacao de crediario
C01073;10/03/2026;301;Revisao de carteira
C01074;14/09/2025;861;Aprovacao de crediario
C01075;27/10/2024;703;Aprovacao de crediario
C01075;27/02/2026;310;Revisao de carteira
C01076;01/03/2025;673;Aprovacao de crediario
C01077;20/10/2025;710;Aprovacao de crediario
C01078;18/04/2025;625;Aprovacao de crediario
C01079;05/08/2024;723;Aprovacao de crediario
C01079;10/02/2026;778;Revisao de carteira
C01080;03/08/2024;671;Aprovacao de crediario
C01081;23/10/2024;766;Aprovacao de crediario
C01082;06/10/2024;642;Aprovacao de crediario
C01083;20/07/2024;715;Aprovacao de crediario
C01083;12/02/2025;197;Revisao de carteira
C01084;06/07/2025;790;Aprovacao de crediario
C01084;27/02/2026;302;Revisao de carteira
C01086;15/03/2025;799;Aprovacao de crediario
C01086;10/03/2026;783;Revisao de carteira
C01087;26/11/2024;717;Aprovacao de crediario
C01087;16/06/2025;231;Revisao de carteira
C01088;20/08/2024;555;Aprovacao de crediario
C01089;09/07/2025;934;Aprovacao de crediario
C01090;08/10/2025;536;Aprovacao de crediario
C01091;25/06/2025;869;Aprovacao de crediario
C01091;18/01/2026;757;Revisao de carteira
C01092;23/11/2024;556;Aprovacao de crediario
C01093;01/07/2025;839;Aprovacao de crediario
C01095;12/04/2025;600;Aprovacao de crediario
C01096;13/07/2025;699;Aprovacao de crediario
C01098;21/08/2025;725;Aprovacao de crediario
C01099;08/10/2024;708;Aprovacao de crediario
C01100;14/06/2025;797;Aprovacao de crediario
C01101;30/12/2024;753;Aprovacao de crediario
C01101;14/02/2026;202;Revisao de carteira
C01102;26/09/2024;544;Aprovacao de crediario
C01102;20/04/2025;270;Revisao de carteira
C01104;23/10/2024;570;Aprovacao de crediario
C01105;28/07/2024;753;Aprovacao de crediario
C01105;20/03/2025;723;Revisao de carteira
C01106;12/07/2024;641;Aprovacao de crediario
C01107;23/10/2024;733;Aprovacao de crediario
C01107;01/02/2026;302;Revisao de carteira
C01108;11/11/2024;933;Aprovacao de crediario
C01109;15/03/2025;636;Aprovacao de crediario
C01110;22/12/2024;731;Aprovacao de crediario
C01110;10/11/2025;736;Revisao de carteira
C01111;21/09/2024;806;Aprovacao de crediario
C01112;08/07/2024;586;Aprovacao de crediario
C01112;16/07/2025;223;Revisao de carteira
C01113;28/06/2024;739;Aprovacao de crediario
C01114;27/07/2025;696;Aprovacao de crediario
C01114;13/03/2026;705;Revisao de carteira
C01115;06/09/2024;685;Aprovacao de crediario
C01115;29/03/2025;681;Revisao de carteira
C01116;23/06/2025;717;Aprovacao de crediario
C01116;02/03/2026;88;Revisao de carteira
C01117;07/04/2025;695;Aprovacao de crediario
C01118;14/10/2025;803;Aprovacao de crediario
C01119;06/02/2025;681;Aprovacao de crediario
C01120;20/11/2024;537;Aprovacao de crediario
C01121;12/10/2024;607;Aprovacao de crediario
C01121;06/11/2025;224;Revisao de carteira
C01122;29/09/2024;813;Aprovacao de crediario
C01123;13/03/2025;439;Aprovacao de crediario
C01123;12/03/2026;266;Revisao de carteira
C01124;21/07/2025;657;Aprovacao de crediario
C01125;16/09/2025;771;Aprovacao de crediario
C01126;01/08/2024;890;Aprovacao de crediario
C01127;18/12/2024;641;Aprovacao de crediario
C01128;21/08/2025;703;Aprovacao de crediario
C01128;12/02/2026;264;Revisao de carteira
C01129;20/04/2025;774;Aprovacao de crediario
C01130;13/08/2025;793;Aprovacao de crediario
C01131;04/04/2025;831;Aprovacao de crediario
C01132;10/10/2024;687;Aprovacao de crediario
C01132;09/09/2025;703;Revisao de carteira
C01133;28/11/2024;752;Aprovacao de crediario
C01135;28/09/2024;678;Aprovacao de crediario
C01135;25/02/2026;204;Revisao de carteira
C01136;08/01/2025;747;Aprovacao de crediario
C01138;18/11/2024;664;Aprovacao de crediario
C01139;24/01/2025;693;Aprovacao de crediario
C01140;31/07/2025;593;Aprovacao de crediario
C01141;19/02/2025;762;Aprovacao de crediario
C01142;16/12/2024;697;Aprovacao de crediario
C01142;02/12/2025;757;Revisao de carteira
C01143;07/06/2025;595;Aprovacao de crediario
C01143;16/02/2026;313;Revisao de carteira
C01144;02/08/2024;668;Aprovacao de crediario
C01145;08/09/2025;679;Aprovacao de crediario
C01147;29/08/2025;702;Aprovacao de crediario
C01148;16/06/2024;503;Aprovacao de crediario
C01148;17/01/2025;285;Revisao de carteira
C01150;27/06/2024;779;Aprovacao de crediario
C01150;08/01/2025;807;Revisao de carteira
C01151;13/08/2025;704;Aprovacao de crediario
C01152;24/05/2025;837;Aprovacao de crediario
C01153;09/11/2024;657;Aprovacao de crediario
C01154;14/01/2025;692;Aprovacao de crediario
C01155;21/07/2024;618;Aprovacao de crediario
C01155;28/01/2026;265;Revisao de carteira
C01156;15/03/2025;561;Aprovacao de crediario
C01157;09/05/2025;556;Aprovacao de crediario
C01158;15/01/2025;830;Aprovacao de crediario
C01159;18/09/2024;718;Aprovacao de crediario
C01160;17/09/2025;594;Aprovacao de crediario
C01160;30/01/2026;586;Revisao de carteira
C01161;16/01/2025;671;Aprovacao de crediario
C01161;15/03/2026;361;Revisao de carteira
C01162;27/10/2025;711;Aprovacao de crediario
C01163;10/10/2024;795;Aprovacao de crediario
C01164;08/06/2025;470;Aprovacao de crediario
C01164;18/02/2026;339;Revisao de carteira
C01165;16/11/2024;796;Aprovacao de crediario
C01166;23/07/2024;770;Aprovacao de crediario
C01168;10/01/2025;697;Aprovacao de crediario
C01169;04/10/2024;852;Aprovacao de crediario
C01170;13/02/2025;580;Aprovacao de crediario
C01170;09/03/2026;276;Revisao de carteira
C01172;08/10/2025;591;Aprovacao de crediario
C01172;02/03/2026;338;Revisao de carteira
C01173;18/07/2025;716;Aprovacao de crediario
C01174;13/11/2025;570;Aprovacao de crediario
C01175;21/12/2024;544;Aprovacao de crediario
C01176;13/05/2025;739;Aprovacao de crediario
C01177;25/10/2025;567;Aprovacao de crediario
C01177;27/02/2026;814;Revisao de carteira
C01178;18/06/2025;674;Aprovacao de crediario
C01178;05/03/2026;762;Revisao de carteira
C01179;09/02/2025;589;Aprovacao de crediario
C01179;13/01/2026;347;Revisao de carteira
C01180;19/03/2025;614;Aprovacao de crediario
C01180;13/02/2026;258;Revisao de carteira
C01181;10/09/2025;680;Aprovacao de crediario
C01182;08/01/2025;688;Aprovacao de crediario
C01182;18/11/2025;757;Revisao de carteira
C01183;06/03/2025;837;Aprovacao de crediario
C01184;22/10/2025;670;Aprovacao de crediario
C01184;06/02/2026;261;Revisao de carteira
C01185;13/06/2025;735;Aprovacao de crediario
C01186;03/03/2025;816;Aprovacao de crediario
C01187;27/09/2024;864;Aprovacao de crediario
C01188;21/07/2024;734;Aprovacao de crediario
C01190;15/07/2025;685;Aprovacao de crediario
C01190;14/03/2026;236;Revisao de carteira
C01191;30/12/2024;797;Aprovacao de crediario
C01192;02/05/2025;685;Aprovacao de crediario
C01193;17/11/2024;838;Aprovacao de crediario
C01194;12/02/2025;645;Aprovacao de crediario
C01194;20/02/2026;745;Revisao de carteira
C01195;17/06/2025;509;Aprovacao de crediario
C01195;09/03/2026;276;Revisao de carteira
C01196;23/06/2024;543;Aprovacao de crediario
C01196;05/06/2025;202;Revisao de carteira
C01198;04/07/2024;715;Aprovacao de crediario
C01198;02/03/2026;573;Revisao de carteira
C01199;02/10/2025;506;Aprovacao de crediario
C01200;19/02/2025;923;Aprovacao de crediario
C01201;29/09/2024;917;Aprovacao de crediario
C01201;21/09/2025;662;Revisao de carteira
C01202;11/04/2025;685;Aprovacao de crediario
C01203;01/10/2024;854;Aprovacao de crediario
C01203;27/10/2025;757;Revisao de carteira
C01205;04/10/2025;759;Aprovacao de crediario
C01206;30/11/2024;608;Aprovacao de crediario
C01207;01/03/2025;847;Aprovacao de crediario
C01207;24/01/2026;268;Revisao de carteira
C01208;17/07/2024;777;Aprovacao de crediario
C01208;20/07/2025;253;Revisao de carteira
C01210;15/08/2024;787;Aprovacao de crediario
C01210;10/07/2025;216;Revisao de carteira
C01211;03/03/2025;617;Aprovacao de crediario
C01211;07/02/2026;247;Revisao de carteira
C01212;05/03/2025;733;Aprovacao de crediario
C01214;15/06/2025;615;Aprovacao de crediario
C01216;25/12/2024;677;Aprovacao de crediario
C01216;31/12/2025;273;Revisao de carteira
C01217;19/11/2024;713;Aprovacao de crediario
C01218;30/06/2024;785;Aprovacao de crediario
C01220;03/09/2025;764;Aprovacao de crediario
C01220;25/02/2026;228;Revisao de carteira
C01222;19/12/2024;625;Aprovacao de crediario
C01222;02/01/2026;254;Revisao de carteira
C01223;10/05/2025;625;Aprovacao de crediario
C01225;25/03/2025;539;Aprovacao de crediario
C01225;09/02/2026;189;Revisao de carteira
C01226;26/09/2025;671;Aprovacao de crediario
C01227;02/06/2025;774;Aprovacao de crediario
C01228;10/02/2025;492;Aprovacao de crediario
C01228;06/03/2026;218;Revisao de carteira
C01230;17/10/2024;486;Aprovacao de crediario
C01230;25/02/2026;228;Revisao de carteira
C01231;16/09/2024;696;Aprovacao de crediario
C01232;29/04/2025;910;Aprovacao de crediario
C01234;26/10/2025;732;Aprovacao de crediario
C01235;06/09/2024;482;Aprovacao de crediario
C01235;12/08/2025;197;Revisao de carteira
C01236;04/10/2024;559;Aprovacao de crediario
C01237;02/03/2025;655;Aprovacao de crediario
C01238;01/08/2024;710;Aprovacao de crediario
C01239;14/05/2025;802;Aprovacao de crediario
C01240;10/01/2025;519;Aprovacao de crediario
C01241;01/08/2025;522;Aprovacao de crediario
C01241;12/02/2026;231;Revisao de carteira
C01242;30/10/2024;611;Aprovacao de crediario
C01242;06/10/2025;218;Revisao de carteira
C01243;06/02/2025;482;Aprovacao de crediario
C01243;26/02/2026;349;Revisao de carteira
C01245;17/04/2025;699;Aprovacao de crediario
C01245;02/02/2026;229;Revisao de carteira
C01246;22/12/2024;843;Aprovacao de crediario
C01247;20/07/2025;638;Aprovacao de crediario
C01247;04/03/2026;249;Revisao de carteira
C01248;31/07/2024;637;Aprovacao de crediario
C01248;08/08/2025;279;Revisao de carteira
C01249;29/08/2025;961;Aprovacao de crediario
C01250;12/01/2025;612;Aprovacao de crediario
C01251;14/01/2025;606;Aprovacao de crediario
C01252;22/05/2025;587;Aprovacao de crediario
C01252;28/02/2026;795;Revisao de carteira
C01253;27/06/2025;586;Aprovacao de crediario
C01253;27/02/2026;375;Revisao de carteira
C01254;12/08/2025;627;Aprovacao de crediario
C01256;19/02/2025;776;Aprovacao de crediario
C01256;07/02/2026;761;Revisao de carteira
C01257;17/06/2025;690;Aprovacao de crediario
C01257;01/01/2026;206;Revisao de carteira
C01258;02/12/2024;810;Aprovacao de crediario
C01258;13/10/2025;216;Revisao de carteira
C01259;07/03/2025;830;Aprovacao de crediario
C01259;12/02/2026;756;Revisao de carteira
C01260;25/01/2025;655;Aprovacao de crediario
C01261;07/06/2025;848;Aprovacao de crediario
C01261;11/02/2026;220;Revisao de carteira
C01262;20/08/2025;850;Aprovacao de crediario
C01263;06/10/2024;733;Aprovacao de crediario
C01264;04/08/2024;675;Aprovacao de crediario
C01265;12/10/2025;713;Aprovacao de crediario
C01265;27/02/2026;308;Revisao de carteira
C01266;24/03/2025;849;Aprovacao de crediario
C01267;21/07/2025;647;Aprovacao de crediario
C01268;08/04/2025;893;Aprovacao de crediario
C01269;30/10/2025;861;Aprovacao de crediario
C01270;14/07/2024;734;Aprovacao de crediario
C01270;22/01/2025;233;Revisao de carteira
C01271;17/06/2025;788;Aprovacao de crediario
C01271;06/02/2026;274;Revisao de carteira
C01273;03/05/2025;718;Aprovacao de crediario
C01273;12/02/2026;335;Revisao de carteira
C01274;11/07/2024;739;Aprovacao de crediario
C01275;15/06/2024;630;Aprovacao de crediario
C01275;15/12/2025;244;Revisao de carteira
C01277;09/10/2024;701;Aprovacao de crediario
C01277;16/02/2026;737;Revisao de carteira
C01279;03/07/2024;675;Aprovacao de crediario
C01279;16/01/2025;329;Revisao de carteira
C01280;05/11/2025;816;Aprovacao de crediario
C01281;27/04/2025;488;Aprovacao de crediario
C01282;17/09/2025;584;Aprovacao de crediario
C01282;02/02/2026;739;Revisao de carteira
C01283;17/06/2024;594;Aprovacao de crediario
C01283;10/05/2025;252;Revisao de carteira
C01284;01/07/2025;644;Aprovacao de crediario
C01285;17/12/2024;746;Aprovacao de crediario
C01286;18/08/2025;676;Aprovacao de crediario
C01287;06/10/2025;709;Aprovacao de crediario
C01288;08/08/2025;718;Aprovacao de crediario
C01288;01/03/2026;763;Revisao de carteira
C01289;29/10/2025;809;Aprovacao de crediario
C01291;31/10/2024;794;Aprovacao de crediario
C01292;03/11/2024;680;Aprovacao de crediario
C01292;05/12/2025;193;Revisao de carteira
C01293;20/01/2025;629;Aprovacao de crediario
C01293;16/02/2026;267;Revisao de carteira
C01296;10/08/2025;661;Aprovacao de crediario
C01297;12/10/2024;943;Aprovacao de crediario
C01298;22/10/2024;605;Aprovacao de crediario
C01298;29/08/2025;221;Revisao de carteira
C01299;01/02/2025;510;Aprovacao de crediario
C01300;20/10/2024;726;Aprovacao de crediario
C01300;15/03/2026;787;Revisao de carteira
C01301;21/03/2025;653;Aprovacao de crediario
C01301;29/09/2025;317;Revisao de carteira
C01302;12/06/2025;608;Aprovacao de crediario
C01302;11/03/2026;209;Revisao de carteira
C01303;10/11/2024;514;Aprovacao de crediario
C01303;21/05/2025;373;Revisao de carteira
C01304;01/10/2025;711;Aprovacao de crediario
C01305;04/04/2025;729;Aprovacao de crediario
C01306;25/09/2025;696;Aprovacao de crediario
C01306;02/03/2026;288;Revisao de carteira
C01307;08/07/2025;641;Aprovacao de crediario
C01308;28/11/2024;708;Aprovacao de crediario
C01309;03/03/2025;609;Aprovacao de crediario
C01309;15/02/2026;644;Revisao de carteira
C01311;09/09/2025;768;Aprovacao de crediario
C01312;28/01/2025;613;Aprovacao de crediario
C01312;03/01/2026;247;Revisao de carteira
C01315;14/03/2025;712;Aprovacao de crediario
C01315;12/03/2026;336;Revisao de carteira
C01316;15/06/2024;644;Aprovacao de crediario
C01317;03/02/2025;883;Aprovacao de crediario
C01318;20/06/2025;623;Aprovacao de crediario
C01319;08/05/2025;726;Aprovacao de crediario
C01320;27/12/2024;938;Aprovacao de crediario
C01320;01/02/2026;725;Revisao de carteira
C01321;22/06/2025;649;Aprovacao de crediario
C01322;14/07/2025;679;Aprovacao de crediario
C01322;21/02/2026;261;Revisao de carteira
C01323;06/01/2025;754;Aprovacao de crediario
C01324;18/11/2024;614;Aprovacao de crediario
C01324;02/12/2025;233;Revisao de carteira
C01326;29/08/2025;778;Aprovacao de crediario
C01327;24/10/2025;573;Aprovacao de crediario
C01327;08/03/2026;308;Revisao de carteira
C01328;02/07/2024;709;Aprovacao de crediario
C01328;07/08/2025;301;Revisao de carteira
C01329;01/09/2025;864;Aprovacao de crediario
C01330;23/05/2025;561;Aprovacao de crediario
C01332;27/10/2025;704;Aprovacao de crediario
C01332;28/02/2026;212;Revisao de carteira
C01333;29/12/2024;602;Aprovacao de crediario
C01333;06/08/2025;330;Revisao de carteira
C01334;06/09/2024;659;Aprovacao de crediario
C01334;18/09/2025;204;Revisao de carteira
C01335;21/06/2024;733;Aprovacao de crediario
C01336;10/09/2025;782;Aprovacao de crediario
C01336;16/02/2026;685;Revisao de carteira
C01337;04/07/2024;521;Aprovacao de crediario
C01338;20/06/2024;600;Aprovacao de crediario
C01338;08/07/2025;205;Revisao de carteira
C01339;12/06/2025;554;Aprovacao de crediario
C01340;26/11/2024;605;Aprovacao de crediario
C01341;19/08/2025;621;Aprovacao de crediario
C01341;18/02/2026;236;Revisao de carteira
C01342;13/03/2025;721;Aprovacao de crediario
C01342;18/01/2026;348;Revisao de carteira
C01343;19/02/2025;702;Aprovacao de crediario
C01343;06/02/2026;197;Revisao de carteira
C01344;02/04/2025;718;Aprovacao de crediario
C01344;18/02/2026;658;Revisao de carteira
C01345;16/09/2024;675;Aprovacao de crediario
C01346;27/03/2025;772;Aprovacao de crediario
C01346;04/02/2026;327;Revisao de carteira
C01347;23/09/2024;536;Aprovacao de crediario
C01347;11/10/2025;282;Revisao de carteira
C01348;05/09/2025;837;Aprovacao de crediario
C01348;05/03/2026;309;Revisao de carteira
C01349;12/11/2024;523;Aprovacao de crediario
C01349;14/03/2026;651;Revisao de carteira
C01350;08/09/2025;620;Aprovacao de crediario
C01351;30/09/2024;869;Aprovacao de crediario
C01351;06/11/2025;290;Revisao de carteira
C01352;10/05/2025;844;Aprovacao de crediario
C01353;23/09/2025;619;Aprovacao de crediario
C01353;01/02/2026;242;Revisao de carteira
C01354;16/06/2025;485;Aprovacao de crediario
C01354;02/01/2026;216;Revisao de carteira
C01356;21/03/2025;697;Aprovacao de crediario
C01356;30/10/2025;280;Revisao de carteira
C01357;05/08/2024;549;Aprovacao de crediario
C01357;26/08/2025;656;Revisao de carteira
C01358;20/10/2024;685;Aprovacao de crediario
C01359;02/11/2025;660;Aprovacao de crediario
C01360;07/08/2025;677;Aprovacao de crediario
C01361;23/06/2025;627;Aprovacao de crediario
C01361;19/02/2026;224;Revisao de carteira
C01362;05/01/2025;723;Aprovacao de crediario
C01363;30/05/2025;710;Aprovacao de crediario
C01363;09/03/2026;268;Revisao de carteira
C01364;30/05/2025;818;Aprovacao de crediario
C01365;01/12/2024;722;Aprovacao de crediario
C01366;02/02/2025;782;Aprovacao de crediario
C01367;28/01/2025;738;Aprovacao de crediario
C01367;08/08/2025;222;Revisao de carteira
C01368;08/06/2025;713;Aprovacao de crediario
C01369;03/09/2024;733;Aprovacao de crediario
C01370;15/11/2025;759;Aprovacao de crediario
C01371;19/10/2025;700;Aprovacao de crediario
C01372;12/11/2025;646;Aprovacao de crediario
C01373;14/08/2025;710;Aprovacao de crediario
C01374;02/11/2024;657;Aprovacao de crediario
C01374;17/11/2025;354;Revisao de carteira
C01375;24/04/2025;752;Aprovacao de crediario
C01376;21/06/2024;794;Aprovacao de crediario
C01376;13/05/2025;721;Revisao de carteira
C01377;07/11/2025;798;Aprovacao de crediario
C01377;13/03/2026;313;Revisao de carteira
C01378;05/03/2025;958;Aprovacao de crediario
C01379;10/09/2024;676;Aprovacao de crediario
C01380;15/06/2025;463;Aprovacao de crediario
C01380;12/01/2026;212;Revisao de carteira
C01381;22/05/2025;596;Aprovacao de crediario
C01382;20/08/2025;751;Aprovacao de crediario
C01383;13/09/2025;746;Aprovacao de crediario
C01384;14/07/2024;545;Aprovacao de crediario
C01385;19/09/2025;735;Aprovacao de crediario
C01385;01/03/2026;544;Revisao de carteira
C01386;30/06/2024;668;Aprovacao de crediario
C01387;25/04/2025;650;Aprovacao de crediario
C01387;09/02/2026;299;Revisao de carteira
C01388;18/05/2025;691;Aprovacao de crediario
C01389;18/02/2025;830;Aprovacao de crediario
C01389;08/03/2026;771;Revisao de carteira
C01390;03/04/2025;767;Aprovacao de crediario
C01391;25/12/2024;741;Aprovacao de crediario
C01392;17/01/2025;601;Aprovacao de crediario
C01392;25/08/2025;301;Revisao de carteira
C01396;27/10/2025;745;Aprovacao de crediario
C01397;23/08/2025;716;Aprovacao de crediario
C01399;03/09/2024;652;Aprovacao de crediario
C01399;14/08/2025;203;Revisao de carteira
C01400;01/02/2025;651;Aprovacao de crediario
C01402;11/07/2025;836;Aprovacao de crediario
C01403;16/08/2025;764;Aprovacao de crediario
C01403;14/03/2026;303;Revisao de carteira
C01404;21/03/2025;475;Aprovacao de crediario
C01404;28/10/2025;188;Revisao de carteira
C01405;08/11/2024;594;Aprovacao de crediario
C01406;12/09/2024;657;Aprovacao de crediario
C01407;20/07/2025;894;Aprovacao de crediario
C01407;12/02/2026;724;Revisao de carteira
C01408;24/04/2025;559;Aprovacao de crediario
C01408;07/11/2025;344;Revisao de carteira
C01409;06/10/2024;654;Aprovacao de crediario
C01411;10/10/2024;781;Aprovacao de crediario
C01411;23/08/2025;242;Revisao de carteira
C01415;06/09/2025;806;Aprovacao de crediario
C01415;25/02/2026;773;Revisao de carteira
C01418;30/11/2024;651;Aprovacao de crediario
C01418;27/12/2025;179;Revisao de carteira
C01419;11/09/2024;548;Aprovacao de crediario
C01419;04/08/2025;264;Revisao de carteira
C01420;15/06/2024;849;Aprovacao de crediario
C01420;16/07/2025;221;Revisao de carteira
C01421;07/07/2024;804;Aprovacao de crediario
C01422;14/09/2024;714;Aprovacao de crediario
C01422;27/07/2025;292;Revisao de carteira
C01425;15/09/2024;770;Aprovacao de crediario
C01425;18/04/2025;756;Revisao de carteira
C01426;24/08/2024;801;Aprovacao de crediario
C01427;04/05/2025;593;Aprovacao de crediario
C01428;02/01/2025;682;Aprovacao de crediario
C01428;27/07/2025;218;Revisao de carteira
C01429;14/07/2025;812;Aprovacao de crediario
C01431;21/09/2024;782;Aprovacao de crediario
C01432;21/03/2025;630;Aprovacao de crediario
C01432;03/02/2026;329;Revisao de carteira
C01433;21/04/2025;776;Aprovacao de crediario
C01434;22/11/2024;781;Aprovacao de crediario
C01434;13/02/2026;258;Revisao de carteira
C01435;16/01/2025;492;Aprovacao de crediario
C01435;17/02/2026;202;Revisao de carteira
C01436;10/09/2024;649;Aprovacao de crediario
C01437;19/07/2024;624;Aprovacao de crediario
C01437;10/08/2025;268;Revisao de carteira
C01438;04/12/2024;857;Aprovacao de crediario
C01439;20/10/2024;820;Aprovacao de crediario
C01440;12/09/2025;738;Aprovacao de crediario
C01441;14/08/2024;649;Aprovacao de crediario
C01441;21/02/2026;221;Revisao de carteira
C01442;29/03/2025;638;Aprovacao de crediario
C01442;13/02/2026;332;Revisao de carteira
C01443;06/02/2025;781;Aprovacao de crediario
C01443;03/03/2026;319;Revisao de carteira
C01444;24/07/2025;621;Aprovacao de crediario
C01445;03/08/2024;722;Aprovacao de crediario
C01445;23/08/2025;210;Revisao de carteira
C01446;14/08/2025;545;Aprovacao de crediario
C01446;15/03/2026;296;Revisao de carteira
C01447;16/11/2024;695;Aprovacao de crediario
C01448;02/07/2025;581;Aprovacao de crediario
C01449;30/07/2024;650;Aprovacao de crediario
C01450;30/01/2025;719;Aprovacao de crediario
C01451;05/08/2025;620;Aprovacao de crediario
C01451;07/03/2026;719;Revisao de carteira
C01452;13/07/2024;828;Aprovacao de crediario
C01453;08/12/2024;739;Aprovacao de crediario
C01453;02/01/2026;711;Revisao de carteira
C01454;03/11/2024;491;Aprovacao de crediario
C01454;20/11/2025;297;Revisao de carteira
C01455;18/07/2025;836;Aprovacao de crediario
C01457;11/08/2025;730;Aprovacao de crediario
C01458;23/08/2025;697;Aprovacao de crediario
C01458;13/02/2026;843;Revisao de carteira
C01459;07/05/2025;839;Aprovacao de crediario
C01460;14/02/2025;792;Aprovacao de crediario
C01460;28/12/2025;721;Revisao de carteira
C01462;23/02/2025;629;Aprovacao de crediario
C01462;12/02/2026;177;Revisao de carteira
C01463;25/07/2025;708;Aprovacao de crediario
C01464;31/10/2025;745;Aprovacao de crediario
C01465;29/11/2024;655;Aprovacao de crediario
C01465;01/07/2025;262;Revisao de carteira
C01466;22/10/2025;711;Aprovacao de crediario
C01467;20/06/2024;635;Aprovacao de crediario
C01467;14/01/2025;274;Revisao de carteira
C01469;24/05/2025;664;Aprovacao de crediario
C01469;31/01/2026;373;Revisao de carteira
C01470;05/07/2024;644;Aprovacao de crediario
C01471;31/03/2025;635;Aprovacao de crediario
C01471;06/02/2026;219;Revisao de carteira
C01472;21/08/2025;702;Aprovacao de crediario
C01473;09/12/2024;706;Aprovacao de crediario
C01474;12/08/2024;745;Aprovacao de crediario
C01474;27/08/2025;318;Revisao de carteira
C01476;13/10/2024;664;Aprovacao de crediario
C01477;15/04/2025;667;Aprovacao de crediario
C01478;20/07/2024;693;Aprovacao de crediario
C01478;23/06/2025;270;Revisao de carteira
C01479;21/06/2025;547;Aprovacao de crediario
C01479;08/02/2026;274;Revisao de carteira
C01480;27/10/2025;740;Aprovacao de crediario
C01480;22/02/2026;312;Revisao de carteira
C01481;14/10/2024;575;Aprovacao de crediario
C01482;12/06/2024;792;Aprovacao de crediario
C01483;08/02/2025;939;Aprovacao de crediario
C01485;10/07/2024;610;Aprovacao de crediario
C01486;07/10/2025;596;Aprovacao de crediario
C01487;11/09/2025;629;Aprovacao de crediario
C01487;06/03/2026;221;Revisao de carteira
C01488;22/09/2025;712;Aprovacao de crediario
C01488;31/01/2026;224;Revisao de carteira
C01489;02/04/2025;776;Aprovacao de crediario
C01490;29/09/2024;571;Aprovacao de crediario
C01490;23/04/2025;143;Revisao de carteira
C01491;01/02/2025;564;Aprovacao de crediario
C01491;22/12/2025;224;Revisao de carteira
C01492;02/05/2025;763;Aprovacao de crediario
C01492;06/02/2026;164;Revisao de carteira
C01493;31/07/2024;660;Aprovacao de crediario
C01493;05/03/2025;245;Revisao de carteira
C01494;26/07/2025;717;Aprovacao de crediario
C01494;05/03/2026;297;Revisao de carteira
C01495;24/08/2025;637;Aprovacao de crediario
C01496;12/07/2024;664;Aprovacao de crediario
C01496;03/06/2025;311;Revisao de carteira
C01498;14/12/2024;619;Aprovacao de crediario
C01498;21/02/2026;286;Revisao de carteira
C01499;21/10/2024;749;Aprovacao de crediario
C01499;02/11/2025;780;Revisao de carteira
C01500;15/01/2025;638;Aprovacao de crediario
C01501;22/09/2024;573;Aprovacao de crediario
C01501;02/03/2026;303;Revisao de carteira
C01502;21/09/2024;535;Aprovacao de crediario
C01503;21/07/2025;762;Aprovacao de crediario
C01504;25/11/2024;688;Aprovacao de crediario
C01504;20/12/2025;143;Revisao de carteira
C01505;06/10/2024;807;Aprovacao de crediario
C01505;30/08/2025;844;Revisao de carteira
C01506;06/11/2025;600;Aprovacao de crediario
C01507;25/08/2025;796;Aprovacao de crediario
C01507;09/03/2026;306;Revisao de carteira
C01508;08/05/2025;664;Aprovacao de crediario
C01510;24/07/2025;684;Aprovacao de crediario
C01510;28/01/2026;813;Revisao de carteira
C01511;30/06/2025;677;Aprovacao de crediario
C01511;09/03/2026;711;Revisao de carteira
C01512;06/08/2025;682;Aprovacao de crediario
C01512;19/02/2026;288;Revisao de carteira
C01513;29/01/2025;616;Aprovacao de crediario
C01514;27/02/2025;629;Aprovacao de crediario
C01515;24/07/2025;633;Aprovacao de crediario
C01515;05/03/2026;243;Revisao de carteira
C01516;10/12/2024;501;Aprovacao de crediario
C01520;24/10/2024;634;Aprovacao de crediario
C01520;21/02/2026;282;Revisao de carteira
C01521;18/08/2024;800;Aprovacao de crediario
C01521;19/02/2026;778;Revisao de carteira
C01522;08/11/2024;642;Aprovacao de crediario
C01522;23/11/2025;248;Revisao de carteira
C01523;11/07/2024;788;Aprovacao de crediario
C01524;21/12/2024;729;Aprovacao de crediario
C01524;10/01/2026;343;Revisao de carteira
C01525;08/09/2025;868;Aprovacao de crediario
C01526;25/10/2025;725;Aprovacao de crediario
C01526;02/03/2026;167;Revisao de carteira
C01528;14/06/2025;732;Aprovacao de crediario
C01528;26/12/2025;215;Revisao de carteira
C01530;25/02/2025;783;Aprovacao de crediario
C01530;27/01/2026;783;Revisao de carteira
C01531;18/06/2025;732;Aprovacao de crediario
C01531;29/12/2025;809;Revisao de carteira
C01532;03/07/2024;511;Aprovacao de crediario
C01533;24/07/2025;633;Aprovacao de crediario
C01534;21/12/2024;525;Aprovacao de crediario
C01534;02/08/2025;241;Revisao de carteira
C01535;03/09/2024;681;Aprovacao de crediario
C01535;03/04/2025;260;Revisao de carteira
C01536;09/11/2024;800;Aprovacao de crediario
C01537;28/06/2025;802;Aprovacao de crediario
C01539;11/09/2024;628;Aprovacao de crediario
C01539;18/08/2025;902;Revisao de carteira
C01541;20/04/2025;756;Aprovacao de crediario
C01542;08/07/2024;686;Aprovacao de crediario
C01542;12/02/2026;244;Revisao de carteira
C01543;01/07/2024;749;Aprovacao de crediario
C01544;21/10/2024;431;Aprovacao de crediario
C01544;03/05/2025;310;Revisao de carteira
C01546;27/10/2024;712;Aprovacao de crediario
C01546;15/05/2025;263;Revisao de carteira
C01547;21/05/2025;641;Aprovacao de crediario
C01547;06/02/2026;317;Revisao de carteira
C01548;27/02/2025;731;Aprovacao de crediario
C01549;28/06/2024;620;Aprovacao de crediario
C01549;07/05/2025;247;Revisao de carteira
C01551;16/11/2024;836;Aprovacao de crediario
C01552;16/11/2024;618;Aprovacao de crediario
C01553;02/05/2025;905;Aprovacao de crediario
C01555;24/09/2025;904;Aprovacao de crediario
C01557;08/06/2025;655;Aprovacao de crediario
C01558;04/05/2025;821;Aprovacao de crediario
C01558;08/02/2026;846;Revisao de carteira
C01559;18/09/2024;847;Aprovacao de crediario
C01560;29/05/2025;770;Aprovacao de crediario
C01560;07/02/2026;746;Revisao de carteira
C01561;08/07/2025;794;Aprovacao de crediario
C01563;31/08/2025;925;Aprovacao de crediario
C01564;21/12/2024;774;Aprovacao de crediario
C01565;03/02/2025;557;Aprovacao de crediario
C01565;02/01/2026;764;Revisao de carteira
C01566;08/12/2024;783;Aprovacao de crediario
C01567;10/10/2024;602;Aprovacao de crediario
C01568;10/06/2025;818;Aprovacao de crediario
C01568;22/02/2026;837;Revisao de carteira
C01569;21/09/2024;690;Aprovacao de crediario
C01570;07/07/2024;762;Aprovacao de crediario
C01570;20/01/2025;313;Revisao de carteira
C01571;09/02/2025;652;Aprovacao de crediario
C01572;27/02/2025;810;Aprovacao de crediario
C01573;18/06/2024;840;Aprovacao de crediario
C01574;09/01/2025;797;Aprovacao de crediario
C01575;04/08/2024;708;Aprovacao de crediario
C01575;08/06/2025;257;Revisao de carteira
C01576;05/08/2024;672;Aprovacao de crediario
C01577;12/04/2025;648;Aprovacao de crediario
C01577;09/03/2026;273;Revisao de carteira
C01578;20/01/2025;718;Aprovacao de crediario
C01579;05/05/2025;702;Aprovacao de crediario
C01580;28/07/2024;751;Aprovacao de crediario
C01580;21/08/2025;673;Revisao de carteira
C01581;01/10/2024;666;Aprovacao de crediario
C01582;05/07/2024;902;Aprovacao de crediario
C01583;04/06/2025;746;Aprovacao de crediario
C01584;24/08/2025;763;Aprovacao de crediario
C01585;14/01/2025;751;Aprovacao de crediario
C01586;31/08/2024;571;Aprovacao de crediario
C01586;12/08/2025;264;Revisao de carteira
C01587;09/03/2025;644;Aprovacao de crediario
C01587;28/02/2026;211;Revisao de carteira
C01588;18/10/2024;649;Aprovacao de crediario
C01589;18/09/2024;643;Aprovacao de crediario
C01590;30/11/2024;688;Aprovacao de crediario
C01591;31/01/2025;590;Aprovacao de crediario
C01591;28/08/2025;258;Revisao de carteira
C01592;27/07/2024;511;Aprovacao de crediario
C01592;10/02/2025;274;Revisao de carteira
C01593;08/10/2025;699;Aprovacao de crediario
C01593;12/03/2026;684;Revisao de carteira
C01594;10/08/2024;869;Aprovacao de crediario
C01595;27/10/2025;534;Aprovacao de crediario
C01595;21/02/2026;385;Revisao de carteira
C01597;25/11/2024;809;Aprovacao de crediario
C01598;16/08/2025;844;Aprovacao de crediario
C01599;13/05/2025;866;Aprovacao de crediario
C01599;14/12/2025;711;Revisao de carteira
C01600;02/09/2025;510;Aprovacao de crediario
C01600;08/02/2026;259;Revisao de carteira
C01601;31/08/2025;810;Aprovacao de crediario
C01601;15/03/2026;266;Revisao de carteira
C01602;05/10/2025;674;Aprovacao de crediario
C01603;19/08/2024;598;Aprovacao de crediario
C01603;07/03/2025;237;Revisao de carteira
C01604;28/05/2025;756;Aprovacao de crediario
C01604;01/03/2026;717;Revisao de carteira
C01605;09/08/2024;788;Aprovacao de crediario
C01606;16/07/2024;620;Aprovacao de crediario
C01606;09/03/2026;292;Revisao de carteira
C01607;23/06/2024;950;Aprovacao de crediario
C01607;08/05/2025;236;Revisao de carteira
C01608;25/03/2025;773;Aprovacao de crediario
C01608;25/02/2026;357;Revisao de carteira
C01609;11/10/2024;468;Aprovacao de crediario
C01610;24/06/2024;732;Aprovacao de crediario
C01610;22/07/2025;298;Revisao de carteira
C01611;05/11/2025;523;Aprovacao de crediario
C01611;25/02/2026;769;Revisao de carteira
C01612;23/04/2025;743;Aprovacao de crediario
C01614;01/05/2025;814;Aprovacao de crediario
C01614;15/03/2026;714;Revisao de carteira
C01615;01/10/2025;712;Aprovacao de crediario
C01615;22/02/2026;342;Revisao de carteira
C01616;01/03/2025;615;Aprovacao de crediario
C01617;05/02/2025;704;Aprovacao de crediario
C01618;04/10/2024;595;Aprovacao de crediario
C01618;25/05/2025;744;Revisao de carteira
C01619;28/12/2024;625;Aprovacao de crediario
C01619;22/08/2025;691;Revisao de carteira
C01620;06/09/2025;751;Aprovacao de crediario
C01621;13/04/2025;524;Aprovacao de crediario
C01621;04/03/2026;270;Revisao de carteira
C01622;09/02/2025;743;Aprovacao de crediario
C01623;09/12/2024;909;Aprovacao de crediario
C01623;08/07/2025;272;Revisao de carteira
C01624;16/08/2025;617;Aprovacao de crediario
C01624;10/03/2026;153;Revisao de carteira
C01625;31/08/2024;862;Aprovacao de crediario
C01626;16/09/2025;977;Aprovacao de crediario
C01627;16/10/2024;579;Aprovacao de crediario
C01627;03/03/2026;188;Revisao de carteira
C01628;23/09/2025;746;Aprovacao de crediario
C01628;08/02/2026;773;Revisao de carteira
C01629;11/03/2025;683;Aprovacao de crediario
C01629;14/03/2026;318;Revisao de carteira
C01630;28/04/2025;677;Aprovacao de crediario
C01631;11/06/2025;787;Aprovacao de crediario
C01631;05/03/2026;874;Revisao de carteira
C01632;27/10/2025;465;Aprovacao de crediario
C01633;07/07/2025;614;Aprovacao de crediario
C01633;12/02/2026;807;Revisao de carteira
C01634;26/10/2024;856;Aprovacao de crediario
C01635;05/11/2024;624;Aprovacao de crediario
C01636;10/11/2025;565;Aprovacao de crediario
C01637;17/01/2025;671;Aprovacao de crediario
C01639;01/11/2024;435;Aprovacao de crediario
C01639;08/12/2025;237;Revisao de carteira
C01640;03/06/2025;692;Aprovacao de crediario
C01641;02/10/2025;544;Aprovacao de crediario
C01642;15/10/2025;779;Aprovacao de crediario
C01642;07/02/2026;289;Revisao de carteira
C01644;03/03/2025;952;Aprovacao de crediario
C01646;14/08/2024;689;Aprovacao de crediario
C01646;26/06/2025;271;Revisao de carteira
C01647;27/10/2024;793;Aprovacao de crediario
C01647;08/02/2026;783;Revisao de carteira
C01648;07/06/2025;877;Aprovacao de crediario
C01649;18/01/2025;793;Aprovacao de crediario
C01650;31/07/2024;861;Aprovacao de crediario
C01650;11/08/2025;784;Revisao de carteira
C01651;07/03/2025;712;Aprovacao de crediario
C01651;06/03/2026;207;Revisao de carteira
C01652;05/03/2025;705;Aprovacao de crediario
C01653;19/05/2025;580;Aprovacao de crediario
C01653;28/02/2026;711;Revisao de carteira
C01654;30/01/2025;444;Aprovacao de crediario
C01654;05/09/2025;200;Revisao de carteira
C01655;14/09/2024;789;Aprovacao de crediario
C01656;19/03/2025;581;Aprovacao de crediario
C01657;19/05/2025;705;Aprovacao de crediario
C01657;29/01/2026;137;Revisao de carteira
C01658;28/07/2024;628;Aprovacao de crediario
C01659;17/07/2025;897;Aprovacao de crediario
C01659;09/03/2026;768;Revisao de carteira
C01660;06/07/2024;640;Aprovacao de crediario
C01660;16/08/2025;706;Revisao de carteira
C01661;15/09/2024;549;Aprovacao de crediario
C01663;12/11/2025;648;Aprovacao de crediario
C01664;28/10/2024;695;Aprovacao de crediario
C01664;21/02/2026;254;Revisao de carteira
C01665;12/08/2025;728;Aprovacao de crediario
C01666;12/12/2024;712;Aprovacao de crediario
C01667;01/09/2024;665;Aprovacao de crediario
C01667;05/02/2026;672;Revisao de carteira
C01669;18/07/2024;470;Aprovacao de crediario
C01669;27/01/2026;152;Revisao de carteira
C01671;28/05/2025;671;Aprovacao de crediario
C01671;10/03/2026;251;Revisao de carteira
C01672;16/06/2025;709;Aprovacao de crediario
C01673;09/10/2024;659;Aprovacao de crediario
C01673;24/08/2025;333;Revisao de carteira
C01675;18/07/2025;798;Aprovacao de crediario
C01676;20/04/2025;683;Aprovacao de crediario
C01676;24/01/2026;277;Revisao de carteira
C01678;04/07/2025;572;Aprovacao de crediario
C01678;09/03/2026;189;Revisao de carteira
C01681;03/05/2025;586;Aprovacao de crediario
C01681;20/02/2026;292;Revisao de carteira
C01682;23/06/2025;682;Aprovacao de crediario
C01683;14/05/2025;634;Aprovacao de crediario
C01684;24/11/2024;813;Aprovacao de crediario
C01685;17/04/2025;665;Aprovacao de crediario
C01686;06/11/2024;707;Aprovacao de crediario
C01686;16/11/2025;292;Revisao de carteira
C01687;21/08/2025;649;Aprovacao de crediario
C01687;11/02/2026;254;Revisao de carteira
C01688;01/07/2024;651;Aprovacao de crediario
C01690;20/08/2024;417;Aprovacao de crediario
C01691;26/10/2024;717;Aprovacao de crediario
C01691;19/02/2026;748;Revisao de carteira
C01692;26/09/2025;562;Aprovacao de crediario
C01692;26/02/2026;725;Revisao de carteira
C01693;17/10/2025;693;Aprovacao de crediario
C01694;11/07/2025;808;Aprovacao de crediario
C01694;27/02/2026;332;Revisao de carteira
C01695;23/09/2025;740;Aprovacao de crediario
C01696;27/09/2025;747;Aprovacao de crediario
C01696;25/02/2026;317;Revisao de carteira
C01697;15/04/2025;704;Aprovacao de crediario
C01698;11/07/2024;719;Aprovacao de crediario
C01699;03/02/2025;513;Aprovacao de crediario
C01699;27/12/2025;320;Revisao de carteira
C01700;19/12/2024;607;Aprovacao de crediario
C01701;01/11/2025;702;Aprovacao de crediario
C01701;15/03/2026;735;Revisao de carteira
C01702;18/08/2025;674;Aprovacao de crediario
C01702;26/01/2026;142;Revisao de carteira
C01703;14/03/2025;835;Aprovacao de crediario
C01704;20/07/2024;568;Aprovacao de crediario
C01704;30/06/2025;196;Revisao de carteira
C01705;26/09/2024;612;Aprovacao de crediario
C01706;27/06/2024;613;Aprovacao de crediario
C01706;20/02/2026;304;Revisao de carteira
C01707;24/10/2025;651;Aprovacao de crediario
C01708;11/12/2024;662;Aprovacao de crediario
C01708;04/03/2026;288;Revisao de carteira
C01709;17/12/2024;692;Aprovacao de crediario
C01710;18/08/2025;639;Aprovacao de crediario
C01710;16/02/2026;293;Revisao de carteira
C01711;14/06/2025;821;Aprovacao de crediario
C01712;04/11/2024;654;Aprovacao de crediario
C01712;14/02/2026;192;Revisao de carteira
C01713;30/11/2024;810;Aprovacao de crediario
C01714;10/06/2025;758;Aprovacao de crediario
C01714;07/03/2026;232;Revisao de carteira
C01715;04/11/2025;590;Aprovacao de crediario
C01716;25/10/2024;597;Aprovacao de crediario
C01717;12/09/2025;589;Aprovacao de crediario
C01718;16/12/2024;398;Aprovacao de crediario
C01719;25/05/2025;728;Aprovacao de crediario
C01719;02/03/2026;204;Revisao de carteira
C01720;12/09/2025;450;Aprovacao de crediario
C01720;23/02/2026;336;Revisao de carteira
C01721;06/10/2025;502;Aprovacao de crediario
C01721;28/02/2026;306;Revisao de carteira
C01722;14/08/2024;861;Aprovacao de crediario
C01722;26/02/2026;314;Revisao de carteira
C01723;17/08/2024;469;Aprovacao de crediario
C01723;19/02/2026;649;Revisao de carteira
C01724;09/07/2025;633;Aprovacao de crediario
C01725;13/12/2024;691;Aprovacao de crediario
C01727;24/04/2025;686;Aprovacao de crediario
C01727;26/02/2026;236;Revisao de carteira
C01728;21/10/2025;442;Aprovacao de crediario
C01728;18/02/2026;265;Revisao de carteira
C01729;09/04/2025;660;Aprovacao de crediario
C01729;12/02/2026;268;Revisao de carteira
C01730;26/03/2025;591;Aprovacao de crediario
C01730;01/02/2026;310;Revisao de carteira
C01731;06/09/2024;550;Aprovacao de crediario
C01731;13/04/2025;339;Revisao de carteira
C01732;10/02/2025;650;Aprovacao de crediario
C01732;26/02/2026;317;Revisao de carteira
C01733;18/06/2025;682;Aprovacao de crediario
C01734;21/03/2025;602;Aprovacao de crediario
C01734;04/02/2026;693;Revisao de carteira
C01735;13/10/2025;774;Aprovacao de crediario
C01735;04/03/2026;285;Revisao de carteira
C01736;07/04/2025;857;Aprovacao de crediario
C01736;24/02/2026;292;Revisao de carteira
C01737;16/07/2025;960;Aprovacao de crediario
C01738;15/05/2025;755;Aprovacao de crediario
C01738;11/03/2026;310;Revisao de carteira
C01739;30/07/2024;621;Aprovacao de crediario
C01740;09/10/2025;598;Aprovacao de crediario
C01740;23/02/2026;177;Revisao de carteira
C01741;14/09/2024;642;Aprovacao de crediario
C01742;03/06/2025;794;Aprovacao de crediario
C01742;20/02/2026;270;Revisao de carteira
C01743;04/08/2024;790;Aprovacao de crediario
C01743;17/02/2026;375;Revisao de carteira
C01744;08/05/2025;671;Aprovacao de crediario
C01744;02/03/2026;212;Revisao de carteira
C01745;12/04/2025;653;Aprovacao de crediario
C01746;23/10/2025;743;Aprovacao de crediario
C01748;28/09/2025;753;Aprovacao de crediario
C01749;11/07/2024;631;Aprovacao de crediario
C01749;14/06/2025;791;Revisao de carteira
C01750;09/11/2025;672;Aprovacao de crediario
C01751;09/09/2024;651;Aprovacao de crediario
C01751;13/03/2026;321;Revisao de carteira
C01752;18/08/2025;583;Aprovacao de crediario
C01752;08/02/2026;291;Revisao de carteira
C01753;05/09/2025;628;Aprovacao de crediario
C01754;21/10/2025;743;Aprovacao de crediario
C01754;25/02/2026;330;Revisao de carteira
C01756;31/08/2024;594;Aprovacao de crediario
C01758;16/02/2025;863;Aprovacao de crediario
C01759;30/10/2025;719;Aprovacao de crediario
C01759;15/02/2026;267;Revisao de carteira
C01760;07/01/2025;656;Aprovacao de crediario
C01760;02/03/2026;339;Revisao de carteira
C01761;02/08/2025;787;Aprovacao de crediario
C01762;17/10/2025;576;Aprovacao de crediario
C01762;18/02/2026;273;Revisao de carteira
C01763;19/05/2025;606;Aprovacao de crediario
C01763;28/12/2025;169;Revisao de carteira
C01764;15/02/2025;773;Aprovacao de crediario
C01765;13/08/2024;770;Aprovacao de crediario
C01766;23/07/2025;752;Aprovacao de crediario
C01767;22/09/2025;563;Aprovacao de crediario
C01769;17/07/2025;493;Aprovacao de crediario
C01769;05/02/2026;244;Revisao de carteira
C01770;02/09/2025;704;Aprovacao de crediario
C01770;27/02/2026;678;Revisao de carteira
C01772;27/01/2025;794;Aprovacao de crediario
C01772;05/02/2026;240;Revisao de carteira
C01773;26/08/2024;620;Aprovacao de crediario
C01773;02/10/2025;288;Revisao de carteira
C01774;11/02/2025;844;Aprovacao de crediario
C01774;08/03/2026;682;Revisao de carteira
C01775;11/11/2025;752;Aprovacao de crediario
C01775;25/02/2026;658;Revisao de carteira
C01776;01/07/2024;739;Aprovacao de crediario
C01776;16/05/2025;687;Revisao de carteira
C01777;06/07/2025;444;Aprovacao de crediario
C01778;24/04/2025;685;Aprovacao de crediario
C01778;05/02/2026;322;Revisao de carteira
C01779;01/09/2025;723;Aprovacao de crediario
C01779;10/02/2026;544;Revisao de carteira
C01780;09/08/2025;652;Aprovacao de crediario
C01780;18/02/2026;347;Revisao de carteira
C01781;03/09/2024;712;Aprovacao de crediario
C01781;17/02/2026;294;Revisao de carteira
C01782;03/12/2024;570;Aprovacao de crediario
C01783;06/11/2024;705;Aprovacao de crediario
C01783;04/10/2025;209;Revisao de carteira
C01785;02/11/2025;708;Aprovacao de crediario
C01786;22/07/2024;801;Aprovacao de crediario
C01786;08/02/2025;733;Revisao de carteira
C01789;19/06/2025;672;Aprovacao de crediario
C01789;01/03/2026;244;Revisao de carteira
C01790;12/07/2025;584;Aprovacao de crediario
C01790;07/03/2026;716;Revisao de carteira
C01791;28/12/2024;688;Aprovacao de crediario
C01791;14/11/2025;231;Revisao de carteira
C01793;06/08/2025;539;Aprovacao de crediario
C01793;12/03/2026;766;Revisao de carteira
C01794;30/10/2024;740;Aprovacao de crediario
C01794;17/09/2025;201;Revisao de carteira
C01795;11/07/2025;726;Aprovacao de crediario
C01795;12/03/2026;303;Revisao de carteira
C01797;23/08/2025;764;Aprovacao de crediario
C01797;11/02/2026;315;Revisao de carteira
C01798;14/09/2025;742;Aprovacao de crediario
C01800;30/12/2024;816;Aprovacao de crediario
C01801;09/12/2024;593;Aprovacao de crediario
C01802;23/07/2024;680;Aprovacao de crediario
C01802;15/08/2025;310;Revisao de carteira
C01803;13/11/2024;709;Aprovacao de crediario
C01803;04/03/2026;190;Revisao de carteira
C01804;03/09/2024;677;Aprovacao de crediario
C01805;21/09/2025;758;Aprovacao de crediario
C01805;28/01/2026;721;Revisao de carteira
C01807;23/06/2024;618;Aprovacao de crediario
C01809;23/03/2025;681;Aprovacao de crediario
C01811;27/08/2024;751;Aprovacao de crediario
C01813;26/07/2025;671;Aprovacao de crediario
C01813;01/02/2026;341;Revisao de carteira
C01815;18/07/2024;665;Aprovacao de crediario
C01815;01/08/2025;638;Revisao de carteira
C01816;04/09/2024;518;Aprovacao de crediario
C01816;24/03/2025;313;Revisao de carteira
C01817;08/11/2024;773;Aprovacao de crediario
C01818;23/11/2024;660;Aprovacao de crediario
C01818;08/10/2025;336;Revisao de carteira
C01819;12/07/2025;609;Aprovacao de crediario
C01820;20/09/2025;800;Aprovacao de crediario
C01820;19/02/2026;686;Revisao de carteira
C01821;10/10/2025;610;Aprovacao de crediario
C01822;27/12/2024;673;Aprovacao de crediario
C01822;11/12/2025;628;Revisao de carteira
C01823;08/01/2025;776;Aprovacao de crediario
C01824;17/02/2025;813;Aprovacao de crediario
C01824;15/01/2026;813;Revisao de carteira
C01825;12/12/2024;814;Aprovacao de crediario
C01826;26/02/2025;697;Aprovacao de crediario
C01827;23/06/2024;767;Aprovacao de crediario
C01828;07/11/2025;816;Aprovacao de crediario
C01829;26/08/2025;847;Aprovacao de crediario
C01829;12/02/2026;776;Revisao de carteira
C01830;11/05/2025;633;Aprovacao de crediario
C01831;17/02/2025;723;Aprovacao de crediario
C01831;25/01/2026;125;Revisao de carteira
C01832;13/06/2024;787;Aprovacao de crediario
C01832;01/03/2026;238;Revisao de carteira
C01833;02/03/2025;704;Aprovacao de crediario
C01833;16/02/2026;638;Revisao de carteira
C01834;27/10/2025;620;Aprovacao de crediario
C01835;22/07/2024;585;Aprovacao de crediario
C01835;22/08/2025;239;Revisao de carteira
C01836;27/10/2024;936;Aprovacao de crediario
C01837;17/02/2025;878;Aprovacao de crediario
C01837;02/02/2026;282;Revisao de carteira
C01839;08/03/2025;754;Aprovacao de crediario
C01839;27/02/2026;360;Revisao de carteira
C01840;24/08/2025;535;Aprovacao de crediario
C01840;21/02/2026;247;Revisao de carteira
C01841;29/06/2024;718;Aprovacao de crediario
C01842;01/04/2025;714;Aprovacao de crediario
C01843;20/01/2025;652;Aprovacao de crediario
C01844;17/07/2025;639;Aprovacao de crediario
C01845;26/03/2025;612;Aprovacao de crediario
C01845;26/02/2026;273;Revisao de carteira
C01846;31/07/2024;779;Aprovacao de crediario
C01847;14/07/2025;708;Aprovacao de crediario
C01848;23/03/2025;658;Aprovacao de crediario
C01850;02/02/2025;434;Aprovacao de crediario
C01850;16/08/2025;317;Revisao de carteira
C01851;07/07/2025;928;Aprovacao de crediario
C01852;09/01/2025;501;Aprovacao de crediario
C01853;02/09/2024;742;Aprovacao de crediario
C01854;24/12/2024;683;Aprovacao de crediario
C01854;11/02/2026;637;Revisao de carteira
C01855;17/02/2025;554;Aprovacao de crediario
C01855;24/01/2026;231;Revisao de carteira
C01856;11/02/2025;551;Aprovacao de crediario
C01857;24/09/2024;513;Aprovacao de crediario
C01857;06/02/2026;252;Revisao de carteira
C01858;09/06/2025;731;Aprovacao de crediario
C01859;15/08/2025;660;Aprovacao de crediario
C01860;18/04/2025;707;Aprovacao de crediario
C01861;26/09/2024;978;Aprovacao de crediario
C01862;04/09/2024;574;Aprovacao de crediario
C01863;21/01/2025;600;Aprovacao de crediario
C01864;26/08/2025;667;Aprovacao de crediario
C01864;02/03/2026;287;Revisao de carteira
C01865;27/08/2024;728;Aprovacao de crediario
C01865;04/10/2025;288;Revisao de carteira
C01866;27/01/2025;774;Aprovacao de crediario
C01867;21/01/2025;579;Aprovacao de crediario
C01868;03/03/2025;590;Aprovacao de crediario
C01869;01/07/2024;770;Aprovacao de crediario
C01870;06/03/2025;685;Aprovacao de crediario
C01871;23/10/2024;699;Aprovacao de crediario
C01873;27/11/2024;781;Aprovacao de crediario
C01873;07/03/2026;233;Revisao de carteira
C01874;09/02/2025;631;Aprovacao de crediario
C01875;09/07/2024;942;Aprovacao de crediario
C01876;13/02/2025;760;Aprovacao de crediario
C01876;24/01/2026;387;Revisao de carteira
C01877;02/05/2025;586;Aprovacao de crediario
C01878;27/11/2024;700;Aprovacao de crediario
C01878;03/12/2025;225;Revisao de carteira
C01879;27/09/2024;662;Aprovacao de crediario
C01879;12/08/2025;311;Revisao de carteira
C01880;27/03/2025;590;Aprovacao de crediario
C01880;14/02/2026;277;Revisao de carteira
C01881;14/01/2025;686;Aprovacao de crediario
C01881;12/12/2025;260;Revisao de carteira
C01882;02/10/2025;705;Aprovacao de crediario
C01883;23/07/2024;742;Aprovacao de crediario
C01883;28/08/2025;679;Revisao de carteira
C01884;09/10/2025;731;Aprovacao de crediario
C01886;04/09/2024;685;Aprovacao de crediario
C01887;01/11/2025;670;Aprovacao de crediario
C01887;07/03/2026;715;Revisao de carteira
C01888;03/09/2025;529;Aprovacao de crediario
C01889;18/06/2024;669;Aprovacao de crediario
C01890;10/11/2025;585;Aprovacao de crediario
C01891;13/09/2024;764;Aprovacao de crediario
C01891;21/08/2025;807;Revisao de carteira
C01892;18/02/2025;612;Aprovacao de crediario
C01894;30/12/2024;723;Aprovacao de crediario
C01895;20/03/2025;692;Aprovacao de crediario
C01896;05/11/2025;550;Aprovacao de crediario
C01896;20/02/2026;276;Revisao de carteira
C01897;23/05/2025;662;Aprovacao de crediario
C01897;09/02/2026;286;Revisao de carteira
C01898;13/02/2025;557;Aprovacao de crediario
C01898;27/02/2026;308;Revisao de carteira
C01900;10/10/2025;763;Aprovacao de crediario
C01901;09/07/2024;852;Aprovacao de crediario
C01901;16/02/2026;818;Revisao de carteira
C01902;20/07/2024;655;Aprovacao de crediario
C01902;12/09/2025;866;Revisao de carteira
C01903;29/08/2025;679;Aprovacao de crediario
C01903;08/02/2026;314;Revisao de carteira
C01904;28/05/2025;518;Aprovacao de crediario
C01905;05/06/2025;688;Aprovacao de crediario
C01905;12/01/2026;367;Revisao de carteira
C01906;22/04/2025;721;Aprovacao de crediario
C01907;15/11/2025;502;Aprovacao de crediario
C01907;01/03/2026;309;Revisao de carteira
C01908;09/08/2025;773;Aprovacao de crediario
C01908;20/02/2026;831;Revisao de carteira
C01910;20/02/2025;701;Aprovacao de crediario
C01911;23/02/2025;440;Aprovacao de crediario
C01911;23/09/2025;252;Revisao de carteira
C01912;28/07/2025;856;Aprovacao de crediario
C01912;01/03/2026;228;Revisao de carteira
C01913;22/12/2024;754;Aprovacao de crediario
C01913;25/01/2026;617;Revisao de carteira
C01914;02/02/2025;793;Aprovacao de crediario
C01915;01/11/2025;637;Aprovacao de crediario
C01916;20/07/2025;630;Aprovacao de crediario
C01916;20/02/2026;238;Revisao de carteira
C01918;15/04/2025;726;Aprovacao de crediario
C01919;28/05/2025;865;Aprovacao de crediario
C01920;20/07/2025;591;Aprovacao de crediario
C01921;15/08/2025;685;Aprovacao de crediario
C01921;23/01/2026;275;Revisao de carteira
C01922;06/09/2025;667;Aprovacao de crediario
C01922;10/03/2026;390;Revisao de carteira
C01923;30/09/2024;673;Aprovacao de crediario
C01923;02/02/2026;233;Revisao de carteira
C01924;28/08/2025;620;Aprovacao de crediario
C01925;28/08/2025;728;Aprovacao de crediario
C01925;10/02/2026;279;Revisao de carteira
C01926;04/07/2024;742;Aprovacao de crediario
C01926;07/01/2026;312;Revisao de carteira
C01927;27/03/2025;752;Aprovacao de crediario
C01928;28/05/2025;698;Aprovacao de crediario
C01929;28/04/2025;776;Aprovacao de crediario
C01930;11/07/2025;679;Aprovacao de crediario
C01930;11/03/2026;293;Revisao de carteira
C01931;13/05/2025;816;Aprovacao de crediario
C01932;19/06/2024;709;Aprovacao de crediario
C01933;18/07/2024;765;Aprovacao de crediario
C01934;27/06/2024;668;Aprovacao de crediario
C01934;16/02/2026;274;Revisao de carteira
C01935;17/11/2024;880;Aprovacao de crediario
C01936;21/07/2024;693;Aprovacao de crediario
C01937;23/09/2025;863;Aprovacao de crediario
C01937;15/02/2026;740;Revisao de carteira
C01938;17/04/2025;521;Aprovacao de crediario
C01940;10/07/2024;598;Aprovacao de crediario
C01941;03/09/2025;827;Aprovacao de crediario
C01941;27/02/2026;673;Revisao de carteira
C01942;10/03/2025;595;Aprovacao de crediario
C01942;19/10/2025;350;Revisao de carteira
C01943;23/07/2024;676;Aprovacao de crediario
C01943;05/03/2025;275;Revisao de carteira
C01944;22/12/2024;824;Aprovacao de crediario
C01945;17/10/2024;739;Aprovacao de crediario
C01946;21/09/2025;360;Aprovacao de crediario
C01946;06/03/2026;268;Revisao de carteira
C01947;02/06/2025;651;Aprovacao de crediario
C01947;04/01/2026;363;Revisao de carteira
C01948;08/11/2024;735;Aprovacao de crediario
C01948;19/05/2025;224;Revisao de carteira
C01949;09/05/2025;819;Aprovacao de crediario
C01950;05/10/2025;514;Aprovacao de crediario
C01951;21/09/2025;591;Aprovacao de crediario
C01951;02/02/2026;361;Revisao de carteira
C01953;11/05/2025;738;Aprovacao de crediario
C01953;24/02/2026;240;Revisao de carteira
C01954;30/10/2024;668;Aprovacao de crediario
C01954;11/11/2025;725;Revisao de carteira
C01955;12/03/2025;447;Aprovacao de crediario
C01955;19/01/2026;273;Revisao de carteira
C01956;01/07/2024;741;Aprovacao de crediario
C01956;09/06/2025;321;Revisao de carteira
C01957;29/08/2025;738;Aprovacao de crediario
C01957;26/02/2026;250;Revisao de carteira
C01958;06/11/2024;763;Aprovacao de crediario
C01958;31/12/2025;617;Revisao de carteira
C01959;29/06/2024;586;Aprovacao de crediario
C01959;04/02/2025;316;Revisao de carteira
C01960;31/03/2025;630;Aprovacao de crediario
C01961;28/08/2024;696;Aprovacao de crediario
C01962;17/11/2024;520;Aprovacao de crediario
C01963;26/03/2025;826;Aprovacao de crediario
C01964;13/10/2024;807;Aprovacao de crediario
C01965;26/04/2025;749;Aprovacao de crediario
C01966;03/10/2025;661;Aprovacao de crediario
C01967;21/05/2025;523;Aprovacao de crediario
C01967;28/01/2026;370;Revisao de carteira
C01968;14/12/2024;593;Aprovacao de crediario
C01968;16/07/2025;318;Revisao de carteira
C01970;08/12/2024;691;Aprovacao de crediario
C01970;02/07/2025;839;Revisao de carteira
C01971;22/10/2024;741;Aprovacao de crediario
C01972;10/11/2025;783;Aprovacao de crediario
C01973;27/07/2025;770;Aprovacao de crediario
C01973;03/02/2026;691;Revisao de carteira
C01974;06/04/2025;773;Aprovacao de crediario
C01974;08/03/2026;287;Revisao de carteira
C01975;19/07/2024;672;Aprovacao de crediario
C01976;19/04/2025;764;Aprovacao de crediario
C01977;11/10/2024;781;Aprovacao de crediario
C01977;21/09/2025;809;Revisao de carteira
C01978;21/10/2025;783;Aprovacao de crediario
C01979;24/04/2025;705;Aprovacao de crediario
C01980;23/09/2025;702;Aprovacao de crediario
C01981;20/09/2025;774;Aprovacao de crediario
C01982;22/06/2024;534;Aprovacao de crediario
C01983;11/12/2024;555;Aprovacao de crediario
C01983;16/10/2025;281;Revisao de carteira
C01984;06/03/2025;507;Aprovacao de crediario
C01984;04/03/2026;277;Revisao de carteira
C01985;04/05/2025;785;Aprovacao de crediario
C01987;29/05/2025;473;Aprovacao de crediario
C01987;06/02/2026;204;Revisao de carteira
C01988;14/06/2025;810;Aprovacao de crediario
C01990;29/12/2024;788;Aprovacao de crediario
C01991;19/09/2024;814;Aprovacao de crediario
C01991;27/07/2025;758;Revisao de carteira
C01992;02/07/2025;658;Aprovacao de crediario
C01992;10/02/2026;381;Revisao de carteira
C01993;22/06/2024;700;Aprovacao de crediario
C01993;12/01/2026;734;Revisao de carteira
C01994;28/04/2025;619;Aprovacao de crediario
C01994;11/03/2026;777;Revisao de carteira
C01995;29/03/2025;508;Aprovacao de crediario
C01995;04/11/2025;290;Revisao de carteira
C01996;24/04/2025;705;Aprovacao de crediario
C01996;03/12/2025;292;Revisao de carteira
C01997;05/11/2024;626;Aprovacao de crediario
C01997;16/09/2025;249;Revisao de carteira
C01998;23/10/2025;672;Aprovacao de crediario
C01999;07/10/2024;594;Aprovacao de crediario
C02000;04/10/2025;858;Aprovacao de crediario
C02000;24/02/2026;739;Revisao de carteira
C02001;13/06/2024;654;Aprovacao de crediario
C02001;09/02/2025;759;Revisao de carteira
C02002;05/08/2024;544;Aprovacao de crediario
C02003;30/06/2025;617;Aprovacao de crediario
C02003;14/02/2026;349;Revisao de carteira
C02004;16/07/2025;563;Aprovacao de crediario
C02004;26/02/2026;277;Revisao de carteira
C02005;22/12/2024;737;Aprovacao de crediario
C02005;04/07/2025;249;Revisao de carteira
C02006;16/07/2025;759;Aprovacao de crediario
C02007;04/06/2025;770;Aprovacao de crediario
C02008;08/08/2025;795;Aprovacao de crediario
C02009;19/06/2025;529;Aprovacao de crediario
C02009;12/02/2026;298;Revisao de carteira
C02010;13/10/2024;662;Aprovacao de crediario
C02010;20/10/2025;858;Revisao de carteira
C02011;02/11/2025;585;Aprovacao de crediario
C02012;09/03/2025;702;Aprovacao de crediario
C02012;12/03/2026;254;Revisao de carteira
C02013;13/05/2025;775;Aprovacao de crediario
C02013;09/03/2026;887;Revisao de carteira
C02014;17/10/2025;800;Aprovacao de crediario
C02015;11/10/2024;762;Aprovacao de crediario
C02016;25/04/2025;680;Aprovacao de crediario
C02016;17/02/2026;704;Revisao de carteira
C02017;17/08/2025;497;Aprovacao de crediario
C02017;15/02/2026;257;Revisao de carteira
C02018;06/06/2025;649;Aprovacao de crediario
C02019;11/12/2024;518;Aprovacao de crediario
C02019;22/02/2026;306;Revisao de carteira
C02020;07/08/2025;876;Aprovacao de crediario
C02021;10/11/2025;496;Aprovacao de crediario
C02022;02/09/2024;764;Aprovacao de crediario
C02022;26/02/2026;328;Revisao de carteira
C02023;13/07/2024;640;Aprovacao de crediario
C02023;05/09/2025;787;Revisao de carteira
C02024;09/07/2025;739;Aprovacao de crediario
C02025;17/02/2025;546;Aprovacao de crediario
C02025;25/09/2025;269;Revisao de carteira
C02026;18/03/2025;775;Aprovacao de crediario
C02028;18/06/2025;705;Aprovacao de crediario
C02028;15/02/2026;298;Revisao de carteira
C02029;15/11/2024;680;Aprovacao de crediario
C02029;09/10/2025;644;Revisao de carteira
C02030;05/06/2025;743;Aprovacao de crediario
C02031;31/08/2025;710;Aprovacao de crediario
C02032;26/09/2025;610;Aprovacao de crediario
C02032;27/02/2026;260;Revisao de carteira
C02033;23/08/2024;844;Aprovacao de crediario
C02033;07/08/2025;839;Revisao de carteira
C02034;10/11/2024;884;Aprovacao de crediario
C02035;03/05/2025;701;Aprovacao de crediario
C02035;05/03/2026;238;Revisao de carteira
C02036;10/08/2025;532;Aprovacao de crediario
C02038;23/02/2025;527;Aprovacao de crediario
C02039;10/03/2025;777;Aprovacao de crediario
C02039;18/02/2026;730;Revisao de carteira
C02040;18/12/2024;679;Aprovacao de crediario
C02041;15/10/2024;505;Aprovacao de crediario
C02041;10/05/2025;849;Revisao de carteira
C02043;26/08/2024;531;Aprovacao de crediario
C02043;10/09/2025;270;Revisao de carteira
C02044;19/01/2025;759;Aprovacao de crediario
C02044;27/11/2025;248;Revisao de carteira
C02045;16/08/2025;507;Aprovacao de crediario
C02045;02/02/2026;213;Revisao de carteira
C02046;28/03/2025;639;Aprovacao de crediario
C02046;13/02/2026;225;Revisao de carteira
C02047;12/05/2025;778;Aprovacao de crediario
C02048;01/09/2025;696;Aprovacao de crediario
C02049;31/08/2024;736;Aprovacao de crediario
C02049;11/10/2025;234;Revisao de carteira
C02051;13/08/2025;601;Aprovacao de crediario
C02051;11/03/2026;246;Revisao de carteira
C02052;20/09/2024;656;Aprovacao de crediario
C02052;06/11/2025;850;Revisao de carteira
C02053;31/01/2025;614;Aprovacao de crediario
C02054;16/06/2024;785;Aprovacao de crediario
C02055;27/11/2024;545;Aprovacao de crediario
C02055;23/10/2025;310;Revisao de carteira
C02056;17/05/2025;618;Aprovacao de crediario
C02057;04/06/2025;667;Aprovacao de crediario
C02057;25/02/2026;306;Revisao de carteira
C02058;15/08/2025;747;Aprovacao de crediario
C02058;25/02/2026;724;Revisao de carteira
C02059;20/06/2025;820;Aprovacao de crediario
C02060;08/01/2025;643;Aprovacao de crediario
C02061;10/01/2025;790;Aprovacao de crediario
C02061;03/12/2025;277;Revisao de carteira
C02062;08/06/2025;738;Aprovacao de crediario
C02062;12/02/2026;261;Revisao de carteira
C02063;14/04/2025;872;Aprovacao de crediario
C02064;10/07/2024;582;Aprovacao de crediario
C02064;06/02/2026;221;Revisao de carteira
C02065;21/01/2025;895;Aprovacao de crediario
C02066;30/08/2024;638;Aprovacao de crediario
C02066;29/07/2025;576;Revisao de carteira
C02067;18/06/2025;711;Aprovacao de crediario
C02068;29/08/2025;595;Aprovacao de crediario
C02069;30/08/2024;537;Aprovacao de crediario
C02069;22/07/2025;155;Revisao de carteira
C02071;04/08/2024;533;Aprovacao de crediario
C02072;08/10/2024;790;Aprovacao de crediario
C02073;13/09/2024;517;Aprovacao de crediario
C02073;19/04/2025;754;Revisao de carteira
C02074;28/02/2025;599;Aprovacao de crediario
C02074;08/02/2026;246;Revisao de carteira
C02075;14/10/2024;893;Aprovacao de crediario
C02076;25/08/2025;721;Aprovacao de crediario
C02077;25/11/2024;816;Aprovacao de crediario
C02077;28/12/2025;700;Revisao de carteira
C02078;11/02/2025;667;Aprovacao de crediario
C02078;11/03/2026;703;Revisao de carteira
C02079;26/06/2024;857;Aprovacao de crediario
C02079;20/02/2026;693;Revisao de carteira
C02080;30/06/2025;492;Aprovacao de crediario
C02081;02/08/2024;770;Aprovacao de crediario
C02081;28/02/2026;205;Revisao de carteira
C02082;04/09/2025;611;Aprovacao de crediario
C02082;11/03/2026;280;Revisao de carteira
C02083;12/08/2024;762;Aprovacao de crediario
C02083;21/08/2025;268;Revisao de carteira
C02084;27/02/2025;650;Aprovacao de crediario
C02085;29/11/2024;691;Aprovacao de crediario
C02085;21/10/2025;800;Revisao de carteira
C02088;20/07/2024;826;Aprovacao de crediario
C02089;20/10/2025;649;Aprovacao de crediario
C02089;20/02/2026;240;Revisao de carteira
C02090;05/09/2024;721;Aprovacao de crediario
C02090;15/07/2025;225;Revisao de carteira
C02091;23/08/2025;540;Aprovacao de crediario
C02091;04/03/2026;207;Revisao de carteira
C02093;21/04/2025;665;Aprovacao de crediario
C02093;28/02/2026;300;Revisao de carteira
C02094;16/07/2024;669;Aprovacao de crediario
C02094;19/07/2025;311;Revisao de carteira
C02095;27/07/2024;599;Aprovacao de crediario
C02097;31/10/2024;816;Aprovacao de crediario
C02097;07/12/2025;252;Revisao de carteira
C02098;05/06/2025;734;Aprovacao de crediario
C02098;22/12/2025;745;Revisao de carteira
C02099;20/08/2025;787;Aprovacao de crediario
C02099;13/03/2026;820;Revisao de carteira
C02100;27/11/2024;674;Aprovacao de crediario
C02101;05/03/2025;600;Aprovacao de crediario
C02101;22/02/2026;623;Revisao de carteira
C02102;25/11/2024;816;Aprovacao de crediario
C02102;20/10/2025;309;Revisao de carteira
C02103;17/08/2024;577;Aprovacao de crediario
C02103;30/07/2025;320;Revisao de carteira
C02104;15/06/2024;788;Aprovacao de crediario
C02104;01/06/2025;676;Revisao de carteira
C02105;28/12/2024;883;Aprovacao de crediario
C02106;12/03/2025;761;Aprovacao de crediario
C02107;10/12/2024;716;Aprovacao de crediario
C02108;12/02/2025;571;Aprovacao de crediario
C02108;14/09/2025;342;Revisao de carteira
C02109;08/01/2025;448;Aprovacao de crediario
C02109;24/02/2026;279;Revisao de carteira
C02110;15/01/2025;642;Aprovacao de crediario
C02110;27/02/2026;722;Revisao de carteira
C02111;16/07/2025;670;Aprovacao de crediario
C02113;18/06/2024;561;Aprovacao de crediario
C02114;09/02/2025;719;Aprovacao de crediario
C02114;18/12/2025;281;Revisao de carteira
C02115;21/11/2024;759;Aprovacao de crediario
C02117;24/06/2025;675;Aprovacao de crediario
C02119;19/09/2025;793;Aprovacao de crediario
C02120;13/09/2025;767;Aprovacao de crediario
C02121;02/09/2025;787;Aprovacao de crediario
C02122;06/08/2024;757;Aprovacao de crediario
C02122;14/03/2025;236;Revisao de carteira
C02123;13/11/2025;678;Aprovacao de crediario
C02124;09/02/2025;830;Aprovacao de crediario
C02125;28/03/2025;511;Aprovacao de crediario
C02125;08/11/2025;171;Revisao de carteira
C02126;05/09/2025;738;Aprovacao de crediario
C02127;12/06/2025;476;Aprovacao de crediario
C02127;22/02/2026;257;Revisao de carteira
C02128;01/03/2025;939;Aprovacao de crediario
C02128;12/09/2025;729;Revisao de carteira
C02131;26/04/2025;592;Aprovacao de crediario
C02131;23/02/2026;325;Revisao de carteira
C02132;19/08/2025;887;Aprovacao de crediario
C02132;10/03/2026;633;Revisao de carteira
C02133;07/08/2025;412;Aprovacao de crediario
C02133;11/02/2026;267;Revisao de carteira
C02134;21/05/2025;747;Aprovacao de crediario
C02137;23/09/2025;469;Aprovacao de crediario
C02137;01/02/2026;144;Revisao de carteira
C02138;09/08/2024;804;Aprovacao de crediario
C02138;16/09/2025;290;Revisao de carteira
C02139;06/07/2024;689;Aprovacao de crediario
C02139;08/08/2025;658;Revisao de carteira
C02140;07/08/2025;627;Aprovacao de crediario
C02141;30/03/2025;696;Aprovacao de crediario
C02142;21/06/2025;635;Aprovacao de crediario
C02142;10/01/2026;243;Revisao de carteira
C02143;11/10/2024;598;Aprovacao de crediario
C02143;10/03/2026;244;Revisao de carteira
C02144;31/12/2024;529;Aprovacao de crediario
C02145;01/03/2025;729;Aprovacao de crediario
C02145;19/02/2026;915;Revisao de carteira
C02146;13/03/2025;621;Aprovacao de crediario
C02146;20/02/2026;311;Revisao de carteira
C02147;07/05/2025;781;Aprovacao de crediario
C02147;12/02/2026;625;Revisao de carteira
C02148;20/07/2025;713;Aprovacao de crediario
C02149;17/09/2025;705;Aprovacao de crediario
C02149;14/02/2026;227;Revisao de carteira
C02150;10/05/2025;660;Aprovacao de crediario
C02151;05/10/2025;771;Aprovacao de crediario
C02152;25/02/2025;728;Aprovacao de crediario
C02152;04/02/2026;367;Revisao de carteira
C02154;22/10/2024;779;Aprovacao de crediario
C02155;21/01/2025;528;Aprovacao de crediario
C02156;24/07/2024;715;Aprovacao de crediario
C02157;06/09/2024;643;Aprovacao de crediario
C02158;05/11/2024;643;Aprovacao de crediario
C02158;09/03/2026;197;Revisao de carteira
C02159;29/07/2024;857;Aprovacao de crediario
C02159;16/06/2025;253;Revisao de carteira
C02161;28/07/2025;712;Aprovacao de crediario
C02161;08/03/2026;263;Revisao de carteira
C02162;28/03/2025;681;Aprovacao de crediario
C02163;30/07/2024;750;Aprovacao de crediario
C02163;24/08/2025;534;Revisao de carteira
C02165;15/07/2024;817;Aprovacao de crediario
C02166;07/11/2024;835;Aprovacao de crediario
C02167;29/11/2024;376;Aprovacao de crediario
C02167;17/06/2025;277;Revisao de carteira
C02168;09/09/2025;599;Aprovacao de crediario
C02168;01/03/2026;639;Revisao de carteira
C02169;13/11/2025;629;Aprovacao de crediario
C02170;16/08/2024;824;Aprovacao de crediario
C02172;02/06/2025;979;Aprovacao de crediario
C02173;11/04/2025;591;Aprovacao de crediario
C02174;01/02/2025;691;Aprovacao de crediario
C02174;16/01/2026;617;Revisao de carteira
C02175;29/04/2025;598;Aprovacao de crediario
C02176;16/07/2025;469;Aprovacao de crediario
C02176;15/03/2026;217;Revisao de carteira
C02177;02/09/2024;637;Aprovacao de crediario
C02177;27/09/2025;174;Revisao de carteira
C02178;14/11/2025;689;Aprovacao de crediario
C02179;05/03/2025;435;Aprovacao de crediario
C02179;12/01/2026;184;Revisao de carteira
C02181;05/07/2025;908;Aprovacao de crediario
C02182;03/10/2025;556;Aprovacao de crediario
C02183;06/03/2025;719;Aprovacao de crediario
C02183;13/09/2025;323;Revisao de carteira
C02184;29/10/2025;399;Aprovacao de crediario
C02184;12/03/2026;694;Revisao de carteira
C02185;19/12/2024;563;Aprovacao de crediario
C02185;10/07/2025;271;Revisao de carteira
C02187;13/07/2024;851;Aprovacao de crediario
C02187;14/03/2026;831;Revisao de carteira
C02189;15/10/2024;728;Aprovacao de crediario
C02191;26/10/2024;696;Aprovacao de crediario
C02192;15/05/2025;1000;Aprovacao de crediario
C02193;10/09/2024;656;Aprovacao de crediario
C02194;04/08/2025;600;Aprovacao de crediario
C02195;24/07/2025;585;Aprovacao de crediario
C02195;01/03/2026;237;Revisao de carteira
C02196;25/07/2024;628;Aprovacao de crediario
C02196;23/02/2026;368;Revisao de carteira
C02197;08/07/2025;726;Aprovacao de crediario
C02198;09/11/2025;980;Aprovacao de crediario
C02198;27/02/2026;711;Revisao de carteira
C02199;25/10/2025;803;Aprovacao de crediario
C02201;13/04/2025;757;Aprovacao de crediario
C02201;02/03/2026;764;Revisao de carteira
C02202;08/10/2024;568;Aprovacao de crediario
C02202;11/02/2026;266;Revisao de carteira
C02203;28/10/2025;946;Aprovacao de crediario
C02205;14/10/2025;652;Aprovacao de crediario
C02206;02/04/2025;653;Aprovacao de crediario
C02206;20/02/2026;676;Revisao de carteira
C02207;05/12/2024;507;Aprovacao de crediario
C02207;26/06/2025;314;Revisao de carteira
C02208;13/06/2025;798;Aprovacao de crediario
C02209;12/05/2025;655;Aprovacao de crediario
C02210;19/10/2025;411;Aprovacao de crediario
C02210;18/02/2026;178;Revisao de carteira
C02211;16/12/2024;663;Aprovacao de crediario
C02211;24/02/2026;148;Revisao de carteira
C02212;09/12/2024;737;Aprovacao de crediario
C02213;18/07/2025;600;Aprovacao de crediario
C02214;05/01/2025;587;Aprovacao de crediario
C02215;14/08/2024;571;Aprovacao de crediario
C02216;10/10/2024;622;Aprovacao de crediario
C02216;28/08/2025;224;Revisao de carteira
C02217;19/06/2024;623;Aprovacao de crediario
C02218;24/10/2025;718;Aprovacao de crediario
C02218;24/02/2026;257;Revisao de carteira
C02219;19/10/2024;915;Aprovacao de crediario
C02220;09/04/2025;893;Aprovacao de crediario
C02220;11/02/2026;713;Revisao de carteira
C02222;12/11/2024;654;Aprovacao de crediario
C02224;04/02/2025;734;Aprovacao de crediario
C02224;01/01/2026;225;Revisao de carteira
C02226;17/03/2025;839;Aprovacao de crediario
C02227;27/05/2025;438;Aprovacao de crediario
C02229;23/07/2025;627;Aprovacao de crediario
C02231;27/09/2024;752;Aprovacao de crediario
C02231;30/01/2026;282;Revisao de carteira
C02232;27/10/2024;832;Aprovacao de crediario
C02233;17/06/2025;568;Aprovacao de crediario
C02234;07/02/2025;473;Aprovacao de crediario
C02235;25/10/2024;552;Aprovacao de crediario
C02236;07/07/2024;552;Aprovacao de crediario
C02236;12/02/2026;335;Revisao de carteira
C02237;24/12/2024;640;Aprovacao de crediario
C02237;09/11/2025;345;Revisao de carteira
C02238;16/01/2025;644;Aprovacao de crediario
C02239;31/12/2024;675;Aprovacao de crediario
C02240;26/09/2025;682;Aprovacao de crediario
C02240;18/02/2026;269;Revisao de carteira
C02242;24/08/2025;926;Aprovacao de crediario
C02243;25/06/2025;566;Aprovacao de crediario
C02243;04/02/2026;347;Revisao de carteira
C02244;19/11/2024;726;Aprovacao de crediario
C02245;25/03/2025;824;Aprovacao de crediario
C02245;04/03/2026;740;Revisao de carteira
C02246;05/04/2025;700;Aprovacao de crediario
C02246;09/03/2026;778;Revisao de carteira
C02247;15/08/2024;637;Aprovacao de crediario
C02248;22/03/2025;803;Aprovacao de crediario
C02248;15/02/2026;218;Revisao de carteira
C02249;31/03/2025;512;Aprovacao de crediario
C02249;02/02/2026;232;Revisao de carteira
C02250;03/07/2024;623;Aprovacao de crediario
C02251;23/08/2024;645;Aprovacao de crediario
C02252;24/07/2024;663;Aprovacao de crediario
C02252;08/02/2026;303;Revisao de carteira
C02253;28/06/2025;860;Aprovacao de crediario
C02254;25/09/2024;807;Aprovacao de crediario
C02256;04/01/2025;758;Aprovacao de crediario
C02257;19/09/2025;585;Aprovacao de crediario
C02258;03/09/2025;916;Aprovacao de crediario
C02259;09/07/2025;662;Aprovacao de crediario
C02260;22/06/2025;788;Aprovacao de crediario
C02261;16/05/2025;654;Aprovacao de crediario
C02261;15/03/2026;220;Revisao de carteira
C02262;16/09/2025;699;Aprovacao de crediario
C02263;20/10/2025;705;Aprovacao de crediario
C02264;30/06/2025;561;Aprovacao de crediario
C02265;05/06/2025;613;Aprovacao de crediario
C02267;18/04/2025;670;Aprovacao de crediario
C02268;02/03/2025;680;Aprovacao de crediario
C02269;31/07/2024;604;Aprovacao de crediario
C02269;22/08/2025;217;Revisao de carteira
C02270;29/07/2024;762;Aprovacao de crediario
C02271;28/10/2025;742;Aprovacao de crediario
C02272;27/04/2025;967;Aprovacao de crediario
C02273;05/12/2024;595;Aprovacao de crediario
C02274;14/11/2024;728;Aprovacao de crediario
C02275;17/06/2025;571;Aprovacao de crediario
C02275;26/01/2026;239;Revisao de carteira
C02277;30/09/2025;804;Aprovacao de crediario
C02279;20/09/2025;674;Aprovacao de crediario
C02280;15/06/2024;552;Aprovacao de crediario
C02280;10/07/2025;272;Revisao de carteira
C02282;17/06/2025;708;Aprovacao de crediario
C02284;24/07/2024;749;Aprovacao de crediario
C02284;31/01/2026;383;Revisao de carteira
C02285;27/06/2024;807;Aprovacao de crediario
C02286;17/10/2024;734;Aprovacao de crediario
C02287;04/05/2025;629;Aprovacao de crediario
C02288;09/02/2025;759;Aprovacao de crediario
C02289;11/06/2025;590;Aprovacao de crediario
C02289;07/03/2026;362;Revisao de carteira
C02290;22/01/2025;876;Aprovacao de crediario
C02291;19/04/2025;536;Aprovacao de crediario
C02292;13/09/2025;618;Aprovacao de crediario
C02293;21/03/2025;721;Aprovacao de crediario
C02293;18/02/2026;259;Revisao de carteira
C02294;09/07/2025;633;Aprovacao de crediario
C02294;11/03/2026;242;Revisao de carteira
C02295;05/08/2024;797;Aprovacao de crediario
C02296;01/07/2025;719;Aprovacao de crediario
C02297;07/07/2025;742;Aprovacao de crediario
C02297;04/03/2026;209;Revisao de carteira
C02298;13/07/2025;590;Aprovacao de crediario
C02298;22/02/2026;351;Revisao de carteira
C02299;03/09/2024;714;Aprovacao de crediario
C02300;23/03/2025;686;Aprovacao de crediario
C02300;31/01/2026;174;Revisao de carteira
C02301;01/11/2025;766;Aprovacao de crediario
C02302;16/11/2024;756;Aprovacao de crediario
C02302;27/12/2025;234;Revisao de carteira
C02303;28/08/2025;332;Aprovacao de crediario
C02303;09/02/2026;102;Revisao de carteira
C02305;11/07/2024;702;Aprovacao de crediario
C02306;31/08/2024;618;Aprovacao de crediario
C02306;24/09/2025;161;Revisao de carteira
C02307;30/06/2025;737;Aprovacao de crediario
C02308;29/11/2024;430;Aprovacao de crediario
C02308;21/10/2025;259;Revisao de carteira
C02310;27/07/2024;613;Aprovacao de crediario
C02310;31/05/2025;297;Revisao de carteira
C02311;27/08/2024;810;Aprovacao de crediario
C02311;02/03/2026;840;Revisao de carteira
C02312;11/10/2024;675;Aprovacao de crediario
C02312;16/08/2025;266;Revisao de carteira
C02313;20/04/2025;775;Aprovacao de crediario
C02314;09/07/2025;823;Aprovacao de crediario
C02315;31/08/2025;790;Aprovacao de crediario
C02316;18/06/2024;880;Aprovacao de crediario
C02317;30/12/2024;456;Aprovacao de crediario
C02317;04/12/2025;238;Revisao de carteira
C02318;18/12/2024;627;Aprovacao de crediario
C02319;05/09/2024;520;Aprovacao de crediario
C02319;23/08/2025;689;Revisao de carteira
C02321;09/03/2025;534;Aprovacao de crediario
C02321;26/09/2025;219;Revisao de carteira
C02322;15/11/2024;490;Aprovacao de crediario
C02322;28/11/2025;311;Revisao de carteira
C02323;15/09/2025;723;Aprovacao de crediario
C02324;29/10/2024;529;Aprovacao de crediario
C02325;20/06/2025;510;Aprovacao de crediario
C02326;26/09/2025;808;Aprovacao de crediario
C02327;17/12/2024;741;Aprovacao de crediario
C02328;25/07/2024;847;Aprovacao de crediario
C02329;26/06/2025;742;Aprovacao de crediario
C02330;13/07/2025;610;Aprovacao de crediario
C02331;22/11/2024;593;Aprovacao de crediario
C02331;28/11/2025;287;Revisao de carteira
C02332;03/10/2024;550;Aprovacao de crediario
C02335;09/11/2024;617;Aprovacao de crediario
C02335;16/10/2025;235;Revisao de carteira
C02337;07/11/2025;714;Aprovacao de crediario
C02337;06/03/2026;746;Revisao de carteira
C02338;22/09/2025;673;Aprovacao de crediario
C02339;03/09/2025;693;Aprovacao de crediario
C02340;22/07/2024;716;Aprovacao de crediario
C02340;31/05/2025;296;Revisao de carteira
C02341;10/04/2025;778;Aprovacao de crediario
C02342;19/05/2025;709;Aprovacao de crediario
C02343;30/06/2025;537;Aprovacao de crediario
C02344;02/09/2025;768;Aprovacao de crediario
C02345;17/10/2025;554;Aprovacao de crediario
C02345;20/02/2026;306;Revisao de carteira
C02346;21/07/2024;489;Aprovacao de crediario
C02346;07/03/2026;301;Revisao de carteira
C02347;29/07/2024;812;Aprovacao de crediario
C02347;09/08/2025;724;Revisao de carteira
C02348;13/08/2024;693;Aprovacao de crediario
C02349;07/11/2025;688;Aprovacao de crediario
C02350;10/03/2025;697;Aprovacao de crediario
C02351;14/06/2024;648;Aprovacao de crediario
C02352;22/09/2025;337;Aprovacao de crediario
C02352;06/03/2026;191;Revisao de carteira
C02353;28/09/2025;747;Aprovacao de crediario
C02354;05/04/2025;738;Aprovacao de crediario
C02354;28/02/2026;258;Revisao de carteira
C02355;14/05/2025;474;Aprovacao de crediario
C02355;24/12/2025;145;Revisao de carteira
C02356;12/09/2025;697;Aprovacao de crediario
C02356;28/02/2026;248;Revisao de carteira
C02357;24/06/2025;560;Aprovacao de crediario
C02357;10/02/2026;786;Revisao de carteira
C02359;18/07/2025;582;Aprovacao de crediario
C02360;30/06/2024;627;Aprovacao de crediario
C02361;23/11/2024;750;Aprovacao de crediario
C02361;13/06/2025;300;Revisao de carteira
C02363;12/01/2025;703;Aprovacao de crediario
C02364;14/07/2024;750;Aprovacao de crediario
C02365;25/11/2024;794;Aprovacao de crediario
C02366;25/10/2024;721;Aprovacao de crediario
C02366;17/11/2025;253;Revisao de carteira
C02367;12/09/2025;651;Aprovacao de crediario
C02367;21/02/2026;239;Revisao de carteira
C02368;21/07/2024;617;Aprovacao de crediario
C02369;31/05/2025;697;Aprovacao de crediario
C02369;06/02/2026;281;Revisao de carteira
C02371;31/08/2025;594;Aprovacao de crediario
C02371;08/02/2026;174;Revisao de carteira
C02372;16/08/2024;636;Aprovacao de crediario
C02372;14/03/2025;262;Revisao de carteira
C02373;09/10/2024;789;Aprovacao de crediario
C02373;07/11/2025;216;Revisao de carteira
C02374;25/01/2025;669;Aprovacao de crediario
C02374;03/03/2026;261;Revisao de carteira
C02375;29/06/2025;787;Aprovacao de crediario
C02377;10/11/2024;525;Aprovacao de crediario
C02378;07/01/2025;664;Aprovacao de crediario
C02379;07/09/2025;688;Aprovacao de crediario
C02381;05/11/2024;708;Aprovacao de crediario
C02381;13/12/2025;705;Revisao de carteira
C02382;31/03/2025;743;Aprovacao de crediario
C02383;03/01/2025;741;Aprovacao de crediario
C02383;10/02/2026;323;Revisao de carteira
C02385;21/12/2024;748;Aprovacao de crediario
C02387;25/08/2024;756;Aprovacao de crediario
C02388;13/06/2024;815;Aprovacao de crediario
C02388;30/06/2025;273;Revisao de carteira
C02389;18/06/2025;791;Aprovacao de crediario
C02390;03/10/2025;830;Aprovacao de crediario
C02392;28/04/2025;700;Aprovacao de crediario
C02392;24/02/2026;723;Revisao de carteira
C02393;31/07/2025;806;Aprovacao de crediario
C02393;09/02/2026;209;Revisao de carteira
C02395;01/12/2024;545;Aprovacao de crediario
C02395;14/02/2026;293;Revisao de carteira
C02396;06/10/2025;686;Aprovacao de crediario
C02396;07/03/2026;199;Revisao de carteira
C02397;05/11/2025;697;Aprovacao de crediario
C02398;26/02/2025;883;Aprovacao de crediario
C02399;10/09/2025;690;Aprovacao de crediario
C02400;28/06/2024;491;Aprovacao de crediario
C02400;20/06/2025;720;Revisao de carteira
C02401;29/06/2024;781;Aprovacao de crediario
C02401;07/07/2025;209;Revisao de carteira
C02402;01/10/2025;675;Aprovacao de crediario
C02402;14/03/2026;328;Revisao de carteira
C02403;11/06/2025;396;Aprovacao de crediario
C02404;06/08/2024;680;Aprovacao de crediario
C02404;02/08/2025;756;Revisao de carteira
C02405;07/01/2025;809;Aprovacao de crediario
C02406;11/08/2024;800;Aprovacao de crediario
C02406;28/06/2025;748;Revisao de carteira
C02407;23/06/2025;561;Aprovacao de crediario
C02407;26/02/2026;184;Revisao de carteira
C02408;08/08/2024;724;Aprovacao de crediario
C02408;20/03/2025;360;Revisao de carteira
C02409;26/05/2025;868;Aprovacao de crediario
C02410;21/10/2025;585;Aprovacao de crediario
C02411;27/06/2024;842;Aprovacao de crediario
C02411;01/02/2026;294;Revisao de carteira
C02412;16/09/2025;595;Aprovacao de crediario
C02413;01/10/2025;610;Aprovacao de crediario
C02413;23/02/2026;247;Revisao de carteira
C02415;18/10/2024;841;Aprovacao de crediario
C02416;12/09/2024;614;Aprovacao de crediario
C02416;22/02/2026;324;Revisao de carteira
C02418;14/07/2024;608;Aprovacao de crediario
C02419;16/06/2025;854;Aprovacao de crediario
C02421;10/10/2024;846;Aprovacao de crediario
C02422;22/06/2024;602;Aprovacao de crediario
C02422;27/01/2026;163;Revisao de carteira
C02423;14/08/2025;685;Aprovacao de crediario
C02424;10/11/2024;468;Aprovacao de crediario
C02424;01/03/2026;246;Revisao de carteira
C02425;15/07/2024;509;Aprovacao de crediario
C02425;17/06/2025;268;Revisao de carteira
C02426;10/09/2024;828;Aprovacao de crediario
C02426;17/02/2026;287;Revisao de carteira
C02427;14/03/2025;644;Aprovacao de crediario
C02427;04/10/2025;230;Revisao de carteira
C02428;18/09/2024;707;Aprovacao de crediario
C02430;29/04/2025;785;Aprovacao de crediario
C02431;17/04/2025;598;Aprovacao de crediario
C02432;09/09/2025;772;Aprovacao de crediario
C02433;11/11/2025;779;Aprovacao de crediario
C02433;27/02/2026;671;Revisao de carteira
C02434;25/04/2025;947;Aprovacao de crediario
C02434;10/02/2026;721;Revisao de carteira
C02435;29/06/2024;690;Aprovacao de crediario
C02435;23/05/2025;209;Revisao de carteira
C02436;04/08/2024;552;Aprovacao de crediario
C02436;24/02/2025;277;Revisao de carteira
C02437;25/06/2025;874;Aprovacao de crediario
C02438;27/06/2025;775;Aprovacao de crediario
C02438;22/02/2026;338;Revisao de carteira
C02439;16/05/2025;536;Aprovacao de crediario
C02441;03/08/2024;726;Aprovacao de crediario
C02441;11/07/2025;231;Revisao de carteira
C02442;19/09/2025;751;Aprovacao de crediario
C02443;12/06/2025;655;Aprovacao de crediario
C02443;11/03/2026;270;Revisao de carteira
C02444;10/08/2024;651;Aprovacao de crediario
C02445;23/11/2024;843;Aprovacao de crediario
C02445;09/11/2025;827;Revisao de carteira
C02446;09/11/2024;593;Aprovacao de crediario
C02446;28/09/2025;279;Revisao de carteira
C02447;04/09/2024;528;Aprovacao de crediario
C02447;02/03/2026;306;Revisao de carteira
C02448;28/08/2024;643;Aprovacao de crediario
C02448;13/03/2025;206;Revisao de carteira
C02450;29/01/2025;713;Aprovacao de crediario
C02451;10/11/2024;653;Aprovacao de crediario
C02451;26/05/2025;276;Revisao de carteira
C02452;16/04/2025;616;Aprovacao de crediario
C02453;10/02/2025;774;Aprovacao de crediario
C02453;26/02/2026;316;Revisao de carteira
C02454;28/07/2025;724;Aprovacao de crediario
C02454;17/02/2026;177;Revisao de carteira
C02456;12/11/2024;875;Aprovacao de crediario
C02457;04/12/2024;728;Aprovacao de crediario
C02457;10/01/2026;662;Revisao de carteira
C02458;14/04/2025;720;Aprovacao de crediario
C02460;11/06/2025;531;Aprovacao de crediario
C02461;12/10/2025;652;Aprovacao de crediario
C02462;25/07/2025;902;Aprovacao de crediario
C02462;11/03/2026;876;Revisao de carteira
C02463;05/04/2025;674;Aprovacao de crediario
C02464;07/09/2025;701;Aprovacao de crediario
C02465;07/05/2025;673;Aprovacao de crediario
C02466;01/09/2024;631;Aprovacao de crediario
C02466;05/10/2025;216;Revisao de carteira
C02469;07/01/2025;615;Aprovacao de crediario
C02471;24/07/2025;545;Aprovacao de crediario
C02473;30/11/2024;716;Aprovacao de crediario
C02474;14/10/2024;686;Aprovacao de crediario
C02475;04/03/2025;741;Aprovacao de crediario
C02477;25/08/2025;550;Aprovacao de crediario
C02477;05/02/2026;220;Revisao de carteira
C02478;14/04/2025;773;Aprovacao de crediario
C02479;19/07/2025;524;Aprovacao de crediario
C02480;23/06/2025;577;Aprovacao de crediario
C02480;28/02/2026;798;Revisao de carteira
C02481;07/11/2024;638;Aprovacao de crediario
C02481;30/09/2025;217;Revisao de carteira
C02482;01/05/2025;628;Aprovacao de crediario
C02482;12/02/2026;218;Revisao de carteira
C02484;12/10/2024;651;Aprovacao de crediario
C02484;03/03/2026;340;Revisao de carteira
C02485;19/06/2024;870;Aprovacao de crediario
C02486;01/11/2025;797;Aprovacao de crediario
C02486;28/02/2026;669;Revisao de carteira
C02487;03/07/2025;833;Aprovacao de crediario
C02488;11/02/2025;626;Aprovacao de crediario
C02489;26/03/2025;811;Aprovacao de crediario
C02489;21/02/2026;354;Revisao de carteira
C02490;19/03/2025;743;Aprovacao de crediario
C02491;03/08/2024;643;Aprovacao de crediario
C02491;19/08/2025;285;Revisao de carteira
C02492;18/01/2025;928;Aprovacao de crediario
C02493;13/09/2025;705;Aprovacao de crediario
C02494;20/01/2025;637;Aprovacao de crediario
C02495;06/08/2024;623;Aprovacao de crediario
C02495;28/08/2025;351;Revisao de carteira
C02496;05/11/2025;579;Aprovacao de crediario
C02497;13/12/2024;552;Aprovacao de crediario
C02498;12/12/2024;537;Aprovacao de crediario
C02498;07/11/2025;656;Revisao de carteira
C02499;21/05/2025;668;Aprovacao de crediario
C02499;11/02/2026;300;Revisao de carteira
C02500;30/08/2025;490;Aprovacao de crediario
C02501;04/11/2025;582;Aprovacao de crediario
C02501;15/03/2026;285;Revisao de carteira
C02502;11/11/2024;815;Aprovacao de crediario
C02502;10/12/2025;324;Revisao de carteira
C02503;28/05/2025;539;Aprovacao de crediario
C02504;12/07/2024;729;Aprovacao de crediario
C02505;13/07/2025;871;Aprovacao de crediario
C02506;28/09/2025;597;Aprovacao de crediario
C02506;06/02/2026;229;Revisao de carteira
C02507;09/08/2024;641;Aprovacao de crediario
C02507;16/07/2025;164;Revisao de carteira
C02508;12/09/2025;605;Aprovacao de crediario
C02509;05/10/2025;948;Aprovacao de crediario
C02510;26/03/2025;597;Aprovacao de crediario
C02510;16/02/2026;269;Revisao de carteira
C02511;23/06/2024;612;Aprovacao de crediario
C02512;24/05/2025;653;Aprovacao de crediario
C02512;17/02/2026;157;Revisao de carteira
C02513;15/07/2024;719;Aprovacao de crediario
C02513;24/08/2025;199;Revisao de carteira
C02515;25/06/2024;632;Aprovacao de crediario
C02516;31/10/2024;578;Aprovacao de crediario
C02516;23/02/2026;307;Revisao de carteira
C02517;06/10/2025;852;Aprovacao de crediario
C02517;02/03/2026;831;Revisao de carteira
C02518;08/11/2024;710;Aprovacao de crediario
C02519;05/12/2024;769;Aprovacao de crediario
C02520;22/03/2025;724;Aprovacao de crediario
C02520;17/02/2026;632;Revisao de carteira
C02521;16/08/2025;556;Aprovacao de crediario
C02521;22/02/2026;346;Revisao de carteira
C02522;10/09/2024;726;Aprovacao de crediario
C02523;18/07/2024;649;Aprovacao de crediario
C02523;09/06/2025;186;Revisao de carteira
C02524;12/04/2025;621;Aprovacao de crediario
C02524;01/03/2026;683;Revisao de carteira
C02525;19/01/2025;816;Aprovacao de crediario
C02525;21/02/2026;232;Revisao de carteira
C02526;27/06/2024;602;Aprovacao de crediario
C02527;03/11/2025;608;Aprovacao de crediario
C02528;08/03/2025;630;Aprovacao de crediario
C02529;20/07/2024;758;Aprovacao de crediario
C02529;20/02/2025;339;Revisao de carteira
C02530;04/12/2024;721;Aprovacao de crediario
C02531;24/03/2025;644;Aprovacao de crediario
C02531;25/02/2026;301;Revisao de carteira
C02532;22/03/2025;680;Aprovacao de crediario
C02533;02/02/2025;788;Aprovacao de crediario
C02533;23/02/2026;320;Revisao de carteira
C02534;29/06/2025;539;Aprovacao de crediario
C02534;14/03/2026;708;Revisao de carteira
C02535;21/10/2025;548;Aprovacao de crediario
C02536;29/01/2025;607;Aprovacao de crediario
C02538;26/07/2025;706;Aprovacao de crediario
C02538;19/02/2026;200;Revisao de carteira
C02539;17/10/2024;626;Aprovacao de crediario
C02539;26/10/2025;268;Revisao de carteira
C02540;18/02/2025;762;Aprovacao de crediario
C02541;28/11/2024;690;Aprovacao de crediario
C02541;01/07/2025;264;Revisao de carteira
C02542;21/10/2025;571;Aprovacao de crediario
C02542;27/02/2026;270;Revisao de carteira
C02543;06/11/2024;642;Aprovacao de crediario
C02543;13/06/2025;659;Revisao de carteira
C02544;16/01/2025;946;Aprovacao de crediario
C02546;02/02/2025;794;Aprovacao de crediario
C02547;07/08/2024;720;Aprovacao de crediario
C02548;14/07/2024;562;Aprovacao de crediario
C02549;22/02/2025;694;Aprovacao de crediario
C02550;25/10/2025;537;Aprovacao de crediario
C02550;10/02/2026;285;Revisao de carteira
C02551;13/06/2024;702;Aprovacao de crediario
C02552;30/11/2024;646;Aprovacao de crediario
C02553;11/04/2025;507;Aprovacao de crediario
C02554;26/12/2024;643;Aprovacao de crediario
C02554;07/08/2025;282;Revisao de carteira
C02555;12/06/2025;535;Aprovacao de crediario
C02556;16/08/2025;727;Aprovacao de crediario
C02556;14/03/2026;729;Revisao de carteira
C02557;29/10/2024;690;Aprovacao de crediario
C02557;02/10/2025;836;Revisao de carteira
C02558;29/10/2024;811;Aprovacao de crediario
C02558;02/03/2026;716;Revisao de carteira
C02559;13/11/2025;646;Aprovacao de crediario
C02559;01/03/2026;312;Revisao de carteira
C02561;12/05/2025;536;Aprovacao de crediario
C02561;05/03/2026;836;Revisao de carteira
C02562;14/08/2025;659;Aprovacao de crediario
C02563;20/05/2025;652;Aprovacao de crediario
C02563;07/02/2026;755;Revisao de carteira
C02564;22/06/2025;693;Aprovacao de crediario
C02564;12/03/2026;741;Revisao de carteira
C02565;13/07/2025;666;Aprovacao de crediario
C02566;08/02/2025;772;Aprovacao de crediario
C02567;24/10/2025;828;Aprovacao de crediario
C02567;23/02/2026;171;Revisao de carteira
C02568;07/10/2025;696;Aprovacao de crediario
C02569;12/05/2025;756;Aprovacao de crediario
C02570;16/07/2025;696;Aprovacao de crediario
C02570;11/03/2026;828;Revisao de carteira
C02571;29/05/2025;519;Aprovacao de crediario
C02572;03/12/2024;621;Aprovacao de crediario
C02573;17/06/2024;583;Aprovacao de crediario
C02573;12/01/2026;289;Revisao de carteira
C02574;24/06/2024;662;Aprovacao de crediario
C02575;15/04/2025;928;Aprovacao de crediario
C02577;03/03/2025;845;Aprovacao de crediario
C02578;08/09/2024;657;Aprovacao de crediario
C02578;17/10/2025;192;Revisao de carteira
C02579;29/06/2024;649;Aprovacao de crediario
C02580;26/02/2025;544;Aprovacao de crediario
C02581;27/12/2024;811;Aprovacao de crediario
C02581;03/02/2026;775;Revisao de carteira
C02582;19/05/2025;730;Aprovacao de crediario
C02583;15/11/2024;790;Aprovacao de crediario
C02583;23/11/2025;842;Revisao de carteira
C02584;27/07/2025;751;Aprovacao de crediario
C02584;03/02/2026;734;Revisao de carteira
C02585;07/08/2024;643;Aprovacao de crediario
C02585;27/08/2025;289;Revisao de carteira
C02586;25/09/2025;760;Aprovacao de crediario
C02587;21/07/2025;741;Aprovacao de crediario
C02587;17/02/2026;130;Revisao de carteira
C02588;22/08/2025;573;Aprovacao de crediario
C02589;02/11/2025;698;Aprovacao de crediario
C02590;01/11/2025;682;Aprovacao de crediario
C02591;10/02/2025;714;Aprovacao de crediario
C02591;19/02/2026;288;Revisao de carteira
C02592;15/06/2025;776;Aprovacao de crediario
C02593;24/10/2024;654;Aprovacao de crediario
C02593;10/03/2026;649;Revisao de carteira
C02594;21/09/2024;621;Aprovacao de crediario
C02594;17/04/2025;780;Revisao de carteira
C02595;10/11/2025;581;Aprovacao de crediario
C02595;10/03/2026;841;Revisao de carteira
C02596;12/04/2025;683;Aprovacao de crediario
C02597;02/07/2024;611;Aprovacao de crediario
C02597;04/02/2025;321;Revisao de carteira
C02598;11/12/2024;635;Aprovacao de crediario
C02598;19/11/2025;247;Revisao de carteira
C02599;31/07/2025;583;Aprovacao de crediario
C02600;18/02/2025;645;Aprovacao de crediario
C02601;23/06/2025;540;Aprovacao de crediario
C02601;29/01/2026;272;Revisao de carteira
C02602;13/07/2025;663;Aprovacao de crediario
C02603;07/05/2025;655;Aprovacao de crediario
C02604;19/03/2025;615;Aprovacao de crediario
C02604;05/02/2026;274;Revisao de carteira
C02605;28/10/2025;898;Aprovacao de crediario
C02605;13/02/2026;196;Revisao de carteira
C02606;28/05/2025;756;Aprovacao de crediario
C02606;25/02/2026;239;Revisao de carteira
C02607;18/03/2025;516;Aprovacao de crediario
C02607;27/10/2025;773;Revisao de carteira
C02608;22/06/2025;650;Aprovacao de crediario
C02608;27/02/2026;259;Revisao de carteira
C02609;03/11/2024;707;Aprovacao de crediario
C02610;11/02/2025;542;Aprovacao de crediario
C02610;01/09/2025;320;Revisao de carteira
C02611;07/04/2025;603;Aprovacao de crediario
C02611;14/03/2026;808;Revisao de carteira
C02612;16/03/2025;586;Aprovacao de crediario
C02612;12/03/2026;359;Revisao de carteira
C02613;26/10/2024;454;Aprovacao de crediario
C02613;28/11/2025;313;Revisao de carteira
C02614;12/08/2024;680;Aprovacao de crediario
C02615;04/06/2025;734;Aprovacao de crediario
C02615;13/12/2025;246;Revisao de carteira
C02616;09/12/2024;617;Aprovacao de crediario
C02616;09/01/2026;304;Revisao de carteira
C02617;03/04/2025;708;Aprovacao de crediario
C02617;24/02/2026;760;Revisao de carteira
C02618;21/07/2024;646;Aprovacao de crediario
C02619;21/07/2025;555;Aprovacao de crediario
C02619;02/03/2026;413;Revisao de carteira
C02620;01/11/2024;690;Aprovacao de crediario
C02620;06/03/2026;232;Revisao de carteira
C02621;13/09/2025;676;Aprovacao de crediario
C02622;23/02/2025;696;Aprovacao de crediario
C02622;04/01/2026;344;Revisao de carteira
C02623;17/08/2025;687;Aprovacao de crediario
C02624;28/09/2024;682;Aprovacao de crediario
C02624;15/04/2025;271;Revisao de carteira
C02625;08/12/2024;642;Aprovacao de crediario
C02625;13/02/2026;226;Revisao de carteira
C02626;01/11/2025;666;Aprovacao de crediario
C02627;09/08/2025;890;Aprovacao de crediario
C02628;17/08/2025;510;Aprovacao de crediario
C02628;20/02/2026;406;Revisao de carteira
C02629;27/10/2024;728;Aprovacao de crediario
C02630;22/08/2024;668;Aprovacao de crediario
C02631;29/04/2025;666;Aprovacao de crediario
C02632;02/07/2025;816;Aprovacao de crediario
C02633;21/07/2024;202;Aprovacao de crediario
C02633;17/02/2025;184;Revisao de carteira
C02634;03/10/2024;646;Aprovacao de crediario
C02634;14/08/2025;811;Revisao de carteira
C02636;30/10/2024;653;Aprovacao de crediario
C02638;14/01/2025;686;Aprovacao de crediario
C02640;15/04/2025;857;Aprovacao de crediario
C02641;05/01/2025;784;Aprovacao de crediario
C02643;24/10/2024;727;Aprovacao de crediario
C02644;16/09/2025;653;Aprovacao de crediario
C02647;15/02/2025;610;Aprovacao de crediario
C02647;28/02/2026;328;Revisao de carteira
C02648;13/08/2025;679;Aprovacao de crediario
C02649;16/08/2025;615;Aprovacao de crediario
C02649;15/02/2026;297;Revisao de carteira
C02650;17/04/2025;854;Aprovacao de crediario
C02650;14/02/2026;634;Revisao de carteira
C02651;09/08/2025;847;Aprovacao de crediario
C02652;03/07/2025;791;Aprovacao de crediario
C02654;26/08/2024;798;Aprovacao de crediario
C02654;14/02/2026;783;Revisao de carteira
C02655;05/04/2025;509;Aprovacao de crediario
C02655;04/03/2026;169;Revisao de carteira
C02656;13/01/2025;773;Aprovacao de crediario
C02657;30/07/2025;552;Aprovacao de crediario
C02658;10/08/2025;528;Aprovacao de crediario
C02659;08/03/2025;624;Aprovacao de crediario
C02659;07/03/2026;223;Revisao de carteira
C02660;27/10/2025;682;Aprovacao de crediario
C02661;23/08/2024;669;Aprovacao de crediario
C02663;27/02/2025;798;Aprovacao de crediario
C02664;26/07/2025;699;Aprovacao de crediario
C02665;19/06/2025;701;Aprovacao de crediario
C02665;27/02/2026;228;Revisao de carteira
C02666;21/06/2024;614;Aprovacao de crediario
C02667;10/10/2024;594;Aprovacao de crediario
C02668;12/08/2025;694;Aprovacao de crediario
C02669;09/03/2025;881;Aprovacao de crediario
C02671;22/10/2024;721;Aprovacao de crediario
C02672;15/06/2025;497;Aprovacao de crediario
C02672;28/12/2025;374;Revisao de carteira
C02673;08/08/2024;783;Aprovacao de crediario
C02673;19/09/2025;728;Revisao de carteira
C02674;05/05/2025;929;Aprovacao de crediario
C02675;30/10/2024;641;Aprovacao de crediario
C02675;10/05/2025;286;Revisao de carteira
C02676;03/05/2025;677;Aprovacao de crediario
C02677;14/04/2025;619;Aprovacao de crediario
C02678;17/05/2025;586;Aprovacao de crediario
C02680;23/06/2024;740;Aprovacao de crediario
C02681;02/05/2025;563;Aprovacao de crediario
C02682;22/08/2025;748;Aprovacao de crediario
C02683;30/10/2024;761;Aprovacao de crediario
C02683;14/02/2026;210;Revisao de carteira
C02684;20/09/2025;733;Aprovacao de crediario
C02684;04/02/2026;318;Revisao de carteira
C02685;01/08/2025;708;Aprovacao de crediario
C02685;22/02/2026;257;Revisao de carteira
C02686;12/08/2024;708;Aprovacao de crediario
C02687;31/05/2025;782;Aprovacao de crediario
C02688;12/03/2025;739;Aprovacao de crediario
C02689;19/09/2025;787;Aprovacao de crediario
C02689;27/02/2026;795;Revisao de carteira
C02690;07/10/2025;509;Aprovacao de crediario
C02691;13/02/2025;799;Aprovacao de crediario
C02693;16/07/2025;679;Aprovacao de crediario
C02695;03/12/2024;684;Aprovacao de crediario
C02695;08/12/2025;852;Revisao de carteira
C02696;16/05/2025;779;Aprovacao de crediario
C02696;03/03/2026;332;Revisao de carteira
C02697;24/12/2024;713;Aprovacao de crediario
C02697;08/02/2026;833;Revisao de carteira
C02698;08/08/2025;742;Aprovacao de crediario
C02699;25/12/2024;552;Aprovacao de crediario
C02699;27/01/2026;278;Revisao de carteira
C02700;08/04/2025;687;Aprovacao de crediario
C02700;23/02/2026;782;Revisao de carteira
C02701;27/08/2025;624;Aprovacao de crediario
C02702;29/05/2025;795;Aprovacao de crediario
C02702;12/03/2026;764;Revisao de carteira
C02703;17/11/2024;568;Aprovacao de crediario
C02704;19/09/2024;687;Aprovacao de crediario
C02704;28/09/2025;112;Revisao de carteira
C02705;07/01/2025;645;Aprovacao de crediario
C02706;05/08/2024;728;Aprovacao de crediario
C02707;07/10/2025;766;Aprovacao de crediario
C02708;17/06/2024;799;Aprovacao de crediario
C02708;24/07/2025;686;Revisao de carteira
C02709;22/12/2024;637;Aprovacao de crediario
C02709;16/01/2026;284;Revisao de carteira
C02711;30/03/2025;634;Aprovacao de crediario
C02711;25/02/2026;239;Revisao de carteira
C02713;28/09/2025;601;Aprovacao de crediario
C02713;04/03/2026;294;Revisao de carteira
C02714;19/10/2024;743;Aprovacao de crediario
C02715;08/09/2024;682;Aprovacao de crediario
C02715;22/09/2025;266;Revisao de carteira
C02716;28/07/2025;713;Aprovacao de crediario
C02717;17/09/2024;742;Aprovacao de crediario
C02717;28/04/2025;239;Revisao de carteira
C02718;11/04/2025;670;Aprovacao de crediario
C02718;09/03/2026;245;Revisao de carteira
C02719;20/04/2025;585;Aprovacao de crediario
C02719;04/02/2026;307;Revisao de carteira
C02720;24/08/2024;562;Aprovacao de crediario
C02721;12/09/2024;726;Aprovacao de crediario
C02722;07/02/2025;725;Aprovacao de crediario
C02723;20/02/2025;708;Aprovacao de crediario
C02723;17/02/2026;254;Revisao de carteira
C02724;20/09/2024;677;Aprovacao de crediario
C02725;24/12/2024;809;Aprovacao de crediario
C02726;03/11/2024;453;Aprovacao de crediario
C02726;14/02/2026;306;Revisao de carteira
C02727;02/04/2025;578;Aprovacao de crediario
C02727;12/03/2026;368;Revisao de carteira
C02728;15/11/2025;666;Aprovacao de crediario
C02729;27/01/2025;476;Aprovacao de crediario
C02729;07/08/2025;197;Revisao de carteira
C02730;27/07/2024;1000;Aprovacao de crediario
C02732;04/10/2024;515;Aprovacao de crediario
C02732;20/02/2026;266;Revisao de carteira
C02733;28/05/2025;796;Aprovacao de crediario
C02734;23/07/2025;651;Aprovacao de crediario
C02735;26/08/2024;761;Aprovacao de crediario
C02736;27/10/2025;659;Aprovacao de crediario
C02736;19/02/2026;333;Revisao de carteira
C02737;11/10/2025;646;Aprovacao de crediario
C02738;15/10/2024;630;Aprovacao de crediario
C02738;04/05/2025;332;Revisao de carteira
C02739;27/11/2024;623;Aprovacao de crediario
C02740;16/07/2025;627;Aprovacao de crediario
C02741;04/10/2024;677;Aprovacao de crediario
C02741;20/04/2025;783;Revisao de carteira
C02742;02/07/2024;788;Aprovacao de crediario
C02743;29/06/2024;668;Aprovacao de crediario
C02743;28/01/2025;315;Revisao de carteira
C02744;03/08/2024;744;Aprovacao de crediario
C02745;27/10/2025;609;Aprovacao de crediario
C02745;11/02/2026;768;Revisao de carteira
C02746;19/06/2025;785;Aprovacao de crediario
C02746;25/01/2026;701;Revisao de carteira
C02747;31/05/2025;692;Aprovacao de crediario
C02748;24/08/2025;768;Aprovacao de crediario
C02749;25/10/2025;910;Aprovacao de crediario
C02750;12/03/2025;533;Aprovacao de crediario
C02750;13/10/2025;236;Revisao de carteira
C02751;01/02/2025;690;Aprovacao de crediario
C02751;17/01/2026;765;Revisao de carteira
C02752;30/11/2024;697;Aprovacao de crediario
C02753;22/12/2024;616;Aprovacao de crediario
C02754;19/04/2025;428;Aprovacao de crediario
C02754;15/02/2026;237;Revisao de carteira
C02755;07/11/2024;663;Aprovacao de crediario
C02755;11/02/2026;222;Revisao de carteira
C02756;02/08/2024;822;Aprovacao de crediario
C02757;29/09/2024;743;Aprovacao de crediario
C02757;09/03/2026;378;Revisao de carteira
C02758;29/06/2025;581;Aprovacao de crediario
C02758;19/02/2026;320;Revisao de carteira
C02760;12/02/2025;483;Aprovacao de crediario
C02760;03/03/2026;238;Revisao de carteira
C02761;24/07/2024;573;Aprovacao de crediario
C02762;15/07/2025;733;Aprovacao de crediario
C02763;07/12/2024;693;Aprovacao de crediario
C02765;26/08/2025;700;Aprovacao de crediario
C02765;28/02/2026;217;Revisao de carteira
C02766;18/09/2025;952;Aprovacao de crediario
C02767;03/01/2025;546;Aprovacao de crediario
C02767;19/12/2025;839;Revisao de carteira
C02768;27/10/2025;373;Aprovacao de crediario
C02768;17/02/2026;294;Revisao de carteira
C02769;08/04/2025;694;Aprovacao de crediario
C02769;22/10/2025;310;Revisao de carteira
C02771;10/10/2025;730;Aprovacao de crediario
C02772;13/03/2025;615;Aprovacao de crediario
C02772;11/03/2026;378;Revisao de carteira
C02774;20/02/2025;706;Aprovacao de crediario
C02775;25/05/2025;638;Aprovacao de crediario
C02775;25/02/2026;215;Revisao de carteira
C02776;18/05/2025;852;Aprovacao de crediario
C02777;04/12/2024;632;Aprovacao de crediario
C02777;11/01/2026;278;Revisao de carteira
C02778;23/10/2025;882;Aprovacao de crediario
C02779;29/04/2025;608;Aprovacao de crediario
C02780;11/02/2025;602;Aprovacao de crediario
C02781;30/08/2024;563;Aprovacao de crediario
C02781;02/10/2025;822;Revisao de carteira
C02782;28/12/2024;761;Aprovacao de crediario
C02783;07/10/2025;656;Aprovacao de crediario
C02783;15/02/2026;207;Revisao de carteira
C02784;04/12/2024;522;Aprovacao de crediario
C02784;23/01/2026;618;Revisao de carteira
C02785;08/10/2025;646;Aprovacao de crediario
C02786;02/10/2025;573;Aprovacao de crediario
C02787;26/12/2024;586;Aprovacao de crediario
C02787;23/01/2026;118;Revisao de carteira
C02788;22/12/2024;686;Aprovacao de crediario
C02788;19/01/2026;275;Revisao de carteira
C02789;10/11/2025;615;Aprovacao de crediario
C02789;26/02/2026;210;Revisao de carteira
C02791;07/08/2025;858;Aprovacao de crediario
C02792;23/12/2024;524;Aprovacao de crediario
C02793;26/02/2025;673;Aprovacao de crediario
C02793;09/03/2026;718;Revisao de carteira
C02795;07/11/2024;706;Aprovacao de crediario
C02795;29/05/2025;243;Revisao de carteira
C02796;12/04/2025;585;Aprovacao de crediario
C02797;08/11/2024;529;Aprovacao de crediario
C02797;22/11/2025;231;Revisao de carteira
C02798;30/11/2024;707;Aprovacao de crediario
C02798;19/02/2026;278;Revisao de carteira
C02799;18/08/2024;707;Aprovacao de crediario
C02802;24/01/2025;591;Aprovacao de crediario
C02802;09/02/2026;414;Revisao de carteira
C02803;05/11/2025;632;Aprovacao de crediario
C02804;16/01/2025;678;Aprovacao de crediario
C02805;09/10/2025;821;Aprovacao de crediario
C02806;23/09/2024;652;Aprovacao de crediario
C02806;20/08/2025;191;Revisao de carteira
C02807;02/07/2025;386;Aprovacao de crediario
C02807;17/02/2026;288;Revisao de carteira
C02808;03/02/2025;768;Aprovacao de crediario
C02808;05/09/2025;745;Revisao de carteira
C02809;07/02/2025;660;Aprovacao de crediario
C02809;13/03/2026;191;Revisao de carteira
C02810;11/10/2024;725;Aprovacao de crediario
C02810;03/11/2025;727;Revisao de carteira
C02811;12/05/2025;687;Aprovacao de crediario
C02812;23/08/2025;773;Aprovacao de crediario
C02813;24/09/2025;702;Aprovacao de crediario
C02813;24/02/2026;684;Revisao de carteira
C02815;23/08/2025;658;Aprovacao de crediario
C02816;10/07/2024;794;Aprovacao de crediario
C02817;09/04/2025;580;Aprovacao de crediario
C02818;16/10/2024;798;Aprovacao de crediario
C02820;27/05/2025;866;Aprovacao de crediario
C02821;06/04/2025;733;Aprovacao de crediario
C02822;21/01/2025;629;Aprovacao de crediario
C02822;02/12/2025;674;Revisao de carteira
C02824;14/07/2024;697;Aprovacao de crediario
C02825;26/10/2025;666;Aprovacao de crediario
C02826;04/09/2025;758;Aprovacao de crediario
C02827;14/10/2025;635;Aprovacao de crediario
C02828;10/11/2025;580;Aprovacao de crediario
C02830;21/07/2025;871;Aprovacao de crediario
C02830;30/01/2026;254;Revisao de carteira
C02831;06/10/2025;750;Aprovacao de crediario
C02832;08/09/2025;939;Aprovacao de crediario
C02833;26/05/2025;596;Aprovacao de crediario
C02833;25/02/2026;270;Revisao de carteira
C02834;18/06/2024;538;Aprovacao de crediario
C02834;06/02/2026;731;Revisao de carteira
C02835;09/09/2025;587;Aprovacao de crediario
C02835;02/03/2026;644;Revisao de carteira
C02837;04/10/2025;451;Aprovacao de crediario
C02837;22/02/2026;257;Revisao de carteira
C02838;25/10/2024;675;Aprovacao de crediario
C02839;02/08/2024;732;Aprovacao de crediario
C02839;09/06/2025;313;Revisao de carteira
C02840;08/11/2024;585;Aprovacao de crediario
C02840;08/12/2025;694;Revisao de carteira
C02841;02/06/2025;445;Aprovacao de crediario
C02841;19/02/2026;320;Revisao de carteira
C02842;04/06/2025;731;Aprovacao de crediario
C02843;01/04/2025;629;Aprovacao de crediario
C02843;10/03/2026;264;Revisao de carteira
C02844;05/06/2025;484;Aprovacao de crediario
C02844;26/02/2026;285;Revisao de carteira
C02845;06/10/2025;763;Aprovacao de crediario
C02846;28/09/2025;669;Aprovacao de crediario
C02847;07/11/2024;790;Aprovacao de crediario
C02848;12/10/2024;629;Aprovacao de crediario
C02849;07/12/2024;668;Aprovacao de crediario
C02850;10/08/2024;671;Aprovacao de crediario
C02851;17/09/2024;742;Aprovacao de crediario
C02852;21/04/2025;772;Aprovacao de crediario
C02853;29/07/2025;557;Aprovacao de crediario
C02854;04/12/2024;695;Aprovacao de crediario
C02854;30/12/2025;284;Revisao de carteira
C02855;08/11/2024;742;Aprovacao de crediario
C02856;02/09/2024;717;Aprovacao de crediario
C02857;12/01/2025;676;Aprovacao de crediario
C02859;17/03/2025;692;Aprovacao de crediario
C02860;29/12/2024;658;Aprovacao de crediario
C02861;21/07/2025;652;Aprovacao de crediario
C02861;06/03/2026;754;Revisao de carteira
C02862;23/05/2025;856;Aprovacao de crediario
C02863;20/02/2025;603;Aprovacao de crediario
C02864;31/10/2024;539;Aprovacao de crediario
C02864;21/05/2025;259;Revisao de carteira
C02865;14/08/2024;645;Aprovacao de crediario
C02866;10/10/2024;547;Aprovacao de crediario
C02866;21/04/2025;159;Revisao de carteira
C02867;06/02/2025;679;Aprovacao de crediario
C02868;27/05/2025;498;Aprovacao de crediario
C02868;03/03/2026;251;Revisao de carteira
C02869;27/09/2025;580;Aprovacao de crediario
C02869;07/02/2026;276;Revisao de carteira
C02870;12/08/2024;777;Aprovacao de crediario
C02870;21/09/2025;225;Revisao de carteira
C02871;10/10/2025;724;Aprovacao de crediario
C02872;15/10/2025;890;Aprovacao de crediario
C02874;28/07/2024;697;Aprovacao de crediario
C02874;12/06/2025;283;Revisao de carteira
C02875;12/09/2024;713;Aprovacao de crediario
C02876;03/09/2025;609;Aprovacao de crediario
C02876;23/02/2026;204;Revisao de carteira
C02877;21/09/2025;773;Aprovacao de crediario
C02879;14/07/2025;824;Aprovacao de crediario
C02880;14/02/2025;599;Aprovacao de crediario
C02880;29/09/2025;239;Revisao de carteira
C02882;20/08/2025;476;Aprovacao de crediario
C02882;02/02/2026;339;Revisao de carteira
C02883;18/11/2024;922;Aprovacao de crediario
C02884;07/11/2025;659;Aprovacao de crediario
C02885;21/07/2025;697;Aprovacao de crediario
C02885;11/02/2026;169;Revisao de carteira
C02886;23/09/2025;582;Aprovacao de crediario
C02886;09/02/2026;345;Revisao de carteira
C02887;05/10/2024;752;Aprovacao de crediario
C02888;09/07/2024;777;Aprovacao de crediario
C02889;12/09/2025;652;Aprovacao de crediario
C02891;25/10/2025;814;Aprovacao de crediario
C02891;04/03/2026;794;Revisao de carteira
C02892;07/11/2024;833;Aprovacao de crediario
C02893;03/09/2025;799;Aprovacao de crediario
C02895;11/09/2025;638;Aprovacao de crediario
C02895;20/02/2026;291;Revisao de carteira
C02896;15/09/2024;624;Aprovacao de crediario
C02896;20/02/2026;271;Revisao de carteira
C02897;18/02/2025;696;Aprovacao de crediario
C02897;17/02/2026;751;Revisao de carteira
C02898;20/03/2025;619;Aprovacao de crediario
C02899;12/01/2025;834;Aprovacao de crediario
C02899;09/03/2026;233;Revisao de carteira
C02900;14/08/2025;703;Aprovacao de crediario
C02901;27/10/2025;537;Aprovacao de crediario
C02901;19/02/2026;264;Revisao de carteira
C02902;20/09/2024;534;Aprovacao de crediario
C02902;10/11/2025;785;Revisao de carteira
C02903;19/08/2024;567;Aprovacao de crediario
C02903;08/08/2025;638;Revisao de carteira
C02904;17/09/2025;561;Aprovacao de crediario
C02904;29/01/2026;237;Revisao de carteira
C02905;07/06/2025;721;Aprovacao de crediario
C02906;11/11/2024;538;Aprovacao de crediario
C02906;04/03/2026;334;Revisao de carteira
C02907;30/07/2024;694;Aprovacao de crediario
C02908;01/09/2025;599;Aprovacao de crediario
C02908;09/03/2026;279;Revisao de carteira
C02909;06/10/2025;711;Aprovacao de crediario
C02909;15/02/2026;691;Revisao de carteira
C02910;14/07/2025;640;Aprovacao de crediario
C02910;24/01/2026;188;Revisao de carteira
C02911;23/03/2025;548;Aprovacao de crediario
C02911;12/03/2026;746;Revisao de carteira
C02912;05/02/2025;619;Aprovacao de crediario
C02912;04/03/2026;351;Revisao de carteira
C02913;06/10/2025;765;Aprovacao de crediario
C02914;01/05/2025;867;Aprovacao de crediario
C02915;20/09/2024;681;Aprovacao de crediario
C02916;21/11/2024;731;Aprovacao de crediario
C02917;03/02/2025;662;Aprovacao de crediario
C02918;09/11/2024;811;Aprovacao de crediario
C02919;25/08/2025;485;Aprovacao de crediario
C02920;02/02/2025;650;Aprovacao de crediario
C02920;25/02/2026;263;Revisao de carteira
C02921;11/08/2024;836;Aprovacao de crediario
C02922;30/03/2025;863;Aprovacao de crediario
C02923;14/03/2025;600;Aprovacao de crediario
C02924;10/10/2025;505;Aprovacao de crediario
C02925;15/10/2024;609;Aprovacao de crediario
C02925;18/02/2026;262;Revisao de carteira
C02926;10/11/2025;718;Aprovacao de crediario
C02927;20/06/2024;820;Aprovacao de crediario
C02928;21/06/2025;704;Aprovacao de crediario
C02929;18/12/2024;616;Aprovacao de crediario
C02929;03/07/2025;322;Revisao de carteira
C02930;27/11/2024;822;Aprovacao de crediario
C02931;18/11/2024;807;Aprovacao de crediario
C02931;02/03/2026;272;Revisao de carteira
C02932;22/10/2024;783;Aprovacao de crediario
C02934;02/03/2025;599;Aprovacao de crediario
C02935;16/08/2024;616;Aprovacao de crediario
C02937;22/02/2025;703;Aprovacao de crediario
C02937;08/02/2026;360;Revisao de carteira
C02938;11/03/2025;644;Aprovacao de crediario
C02939;13/11/2024;693;Aprovacao de crediario
C02940;29/07/2025;797;Aprovacao de crediario
C02940;05/03/2026;227;Revisao de carteira
C02941;03/10/2024;568;Aprovacao de crediario
C02941;14/04/2025;199;Revisao de carteira
C02942;17/07/2024;663;Aprovacao de crediario
C02942;05/06/2025;823;Revisao de carteira
C02943;12/06/2024;609;Aprovacao de crediario
C02944;26/06/2025;617;Aprovacao de crediario
C02945;06/12/2024;737;Aprovacao de crediario
C02945;16/02/2026;704;Revisao de carteira
C02947;13/07/2024;645;Aprovacao de crediario
C02947;27/07/2025;220;Revisao de carteira
C02948;13/08/2025;628;Aprovacao de crediario
C02949;13/07/2024;777;Aprovacao de crediario
C02949;01/02/2026;200;Revisao de carteira
C02951;18/09/2025;648;Aprovacao de crediario
C02952;19/09/2025;598;Aprovacao de crediario
C02953;16/07/2024;909;Aprovacao de crediario
C02954;26/11/2024;723;Aprovacao de crediario
C02955;28/01/2025;573;Aprovacao de crediario
C02955;24/02/2026;281;Revisao de carteira
C02956;30/08/2025;749;Aprovacao de crediario
C02956;15/02/2026;265;Revisao de carteira
C02957;08/01/2025;564;Aprovacao de crediario
C02958;16/06/2024;824;Aprovacao de crediario
C02958;20/01/2026;271;Revisao de carteira
C02960;18/09/2024;566;Aprovacao de crediario
C02961;11/12/2024;587;Aprovacao de crediario
C02961;19/10/2025;206;Revisao de carteira
C02962;24/12/2024;725;Aprovacao de crediario
C02963;12/11/2024;729;Aprovacao de crediario
C02965;30/06/2025;662;Aprovacao de crediario
C02965;18/02/2026;341;Revisao de carteira
C02966;25/01/2025;553;Aprovacao de crediario
C02966;08/09/2025;269;Revisao de carteira
C02967;16/08/2025;824;Aprovacao de crediario
C02967;28/02/2026;796;Revisao de carteira
C02968;26/07/2024;584;Aprovacao de crediario
C02968;04/06/2025;282;Revisao de carteira
C02969;20/10/2025;756;Aprovacao de crediario
C02969;16/02/2026;236;Revisao de carteira
C02970;30/05/2025;854;Aprovacao de crediario
C02971;11/05/2025;556;Aprovacao de crediario
C02971;10/03/2026;315;Revisao de carteira
C02972;23/01/2025;851;Aprovacao de crediario
C02973;17/05/2025;593;Aprovacao de crediario
C02973;26/01/2026;248;Revisao de carteira
C02974;01/07/2024;628;Aprovacao de crediario
C02974;14/01/2026;419;Revisao de carteira
C02975;16/03/2025;708;Aprovacao de crediario
C02975;02/10/2025;199;Revisao de carteira
C02976;08/11/2024;644;Aprovacao de crediario
C02976;09/03/2026;217;Revisao de carteira
C02977;10/07/2024;646;Aprovacao de crediario
C02977;04/03/2026;252;Revisao de carteira
C02978;18/07/2025;650;Aprovacao de crediario
C02978;25/01/2026;301;Revisao de carteira
C02979;06/09/2024;563;Aprovacao de crediario
C02979;08/02/2026;227;Revisao de carteira
C02980;27/07/2025;619;Aprovacao de crediario
C02980;11/03/2026;606;Revisao de carteira
C02981;29/07/2025;607;Aprovacao de crediario
C02982;06/05/2025;739;Aprovacao de crediario
C02983;01/03/2025;618;Aprovacao de crediario
C02983;16/02/2026;669;Revisao de carteira
C02984;31/12/2024;826;Aprovacao de crediario
C02987;04/11/2024;588;Aprovacao de crediario
C02988;11/02/2025;606;Aprovacao de crediario
C02988;02/03/2026;260;Revisao de carteira
C02989;20/09/2024;732;Aprovacao de crediario
C02989;31/10/2025;762;Revisao de carteira
C02990;28/08/2025;683;Aprovacao de crediario
C02991;30/03/2025;622;Aprovacao de crediario
C02991;17/02/2026;682;Revisao de carteira
C02992;27/02/2025;543;Aprovacao de crediario
C02992;09/03/2026;325;Revisao de carteira
C02993;17/07/2025;601;Aprovacao de crediario
C02994;14/05/2025;779;Aprovacao de crediario
C02995;27/08/2025;535;Aprovacao de crediario
C02996;06/10/2025;854;Aprovacao de crediario
C02997;17/07/2025;769;Aprovacao de crediario
C02997;11/03/2026;786;Revisao de carteira
C02998;24/06/2025;780;Aprovacao de crediario
C02999;26/06/2025;634;Aprovacao de crediario
C03000;24/10/2025;657;Aprovacao de crediario
C03001;05/10/2025;832;Aprovacao de crediario
C03001;24/02/2026;236;Revisao de carteira
C03002;25/12/2024;563;Aprovacao de crediario
C03004;15/07/2024;483;Aprovacao de crediario
C03004;27/01/2025;120;Revisao de carteira
C03005;27/08/2024;681;Aprovacao de crediario
C03005;12/07/2025;819;Revisao de carteira
C03006;17/08/2024;794;Aprovacao de crediario
C03006;12/07/2025;815;Revisao de carteira
C03007;28/08/2024;598;Aprovacao de crediario
C03008;17/04/2025;772;Aprovacao de crediario
C03008;05/03/2026;239;Revisao de carteira
C03009;26/08/2025;658;Aprovacao de crediario
C03009;06/03/2026;315;Revisao de carteira
C03010;06/08/2025;1000;Aprovacao de crediario
C03010;28/02/2026;750;Revisao de carteira
C03011;02/11/2025;730;Aprovacao de crediario
C03012;20/08/2025;616;Aprovacao de crediario
C03012;05/02/2026;329;Revisao de carteira
C03013;17/01/2025;693;Aprovacao de crediario
C03014;29/07/2025;724;Aprovacao de crediario
C03014;19/02/2026;245;Revisao de carteira
C03016;30/06/2024;620;Aprovacao de crediario
C03017;16/08/2025;655;Aprovacao de crediario
C03018;28/12/2024;615;Aprovacao de crediario
C03019;11/06/2025;773;Aprovacao de crediario
C03020;14/08/2024;679;Aprovacao de crediario
C03020;07/07/2025;300;Revisao de carteira
C03021;29/05/2025;732;Aprovacao de crediario
C03022;14/08/2025;726;Aprovacao de crediario
C03023;16/07/2024;643;Aprovacao de crediario
C03024;03/07/2024;742;Aprovacao de crediario
C03025;29/10/2025;810;Aprovacao de crediario
C03026;13/09/2024;597;Aprovacao de crediario
C03026;13/10/2025;237;Revisao de carteira
C03027;10/05/2025;889;Aprovacao de crediario
C03027;23/12/2025;746;Revisao de carteira
C03028;03/08/2025;771;Aprovacao de crediario
C03029;29/07/2025;670;Aprovacao de crediario
C03030;14/12/2024;514;Aprovacao de crediario
C03030;04/11/2025;223;Revisao de carteira
C03031;15/07/2024;511;Aprovacao de crediario
C03031;04/03/2026;253;Revisao de carteira
C03032;02/11/2025;873;Aprovacao de crediario
C03033;08/05/2025;577;Aprovacao de crediario
C03033;28/02/2026;399;Revisao de carteira
C03034;18/05/2025;642;Aprovacao de crediario
C03036;07/10/2025;846;Aprovacao de crediario
C03037;14/05/2025;623;Aprovacao de crediario
C03037;16/02/2026;307;Revisao de carteira
C03038;29/11/2024;665;Aprovacao de crediario
C03039;10/11/2025;748;Aprovacao de crediario
C03039;22/02/2026;720;Revisao de carteira
C03040;04/01/2025;771;Aprovacao de crediario
C03041;12/11/2025;653;Aprovacao de crediario
C03042;26/09/2024;703;Aprovacao de crediario
C03042;03/10/2025;880;Revisao de carteira
C03043;07/10/2024;684;Aprovacao de crediario
C03045;10/09/2025;738;Aprovacao de crediario
C03046;16/12/2024;609;Aprovacao de crediario
C03046;21/02/2026;204;Revisao de carteira
C03048;14/02/2025;336;Aprovacao de crediario
C03048;11/09/2025;172;Revisao de carteira
C03049;09/11/2025;662;Aprovacao de crediario
C03049;05/03/2026;834;Revisao de carteira
C03050;20/08/2024;761;Aprovacao de crediario
C03050;29/03/2025;277;Revisao de carteira
C03051;23/09/2024;810;Aprovacao de crediario
C03052;31/12/2024;723;Aprovacao de crediario
C03053;30/10/2025;842;Aprovacao de crediario
C03053;15/02/2026;267;Revisao de carteira
C03054;16/07/2025;709;Aprovacao de crediario
C03054;10/03/2026;187;Revisao de carteira
C03055;12/07/2024;758;Aprovacao de crediario
C03055;20/08/2025;288;Revisao de carteira
C03056;24/07/2024;592;Aprovacao de crediario
C03056;08/06/2025;270;Revisao de carteira
C03057;24/09/2025;740;Aprovacao de crediario
C03057;24/02/2026;195;Revisao de carteira
C03058;22/09/2024;681;Aprovacao de crediario
C03058;03/09/2025;802;Revisao de carteira
C03059;15/11/2024;738;Aprovacao de crediario
C03059;06/03/2026;209;Revisao de carteira
C03060;04/11/2025;606;Aprovacao de crediario
C03060;16/02/2026;297;Revisao de carteira
C03061;27/05/2025;654;Aprovacao de crediario
C03062;24/09/2025;679;Aprovacao de crediario
C03064;12/08/2025;562;Aprovacao de crediario
C03065;22/08/2025;847;Aprovacao de crediario
C03065;28/02/2026;315;Revisao de carteira
C03066;22/08/2024;854;Aprovacao de crediario
C03067;15/08/2025;868;Aprovacao de crediario
C03067;02/03/2026;243;Revisao de carteira
C03068;16/03/2025;726;Aprovacao de crediario
C03070;31/10/2025;752;Aprovacao de crediario
C03070;24/02/2026;127;Revisao de carteira
C03071;19/05/2025;772;Aprovacao de crediario
C03071;26/01/2026;606;Revisao de carteira
C03072;15/02/2025;727;Aprovacao de crediario
C03072;05/03/2026;273;Revisao de carteira
C03073;23/10/2024;693;Aprovacao de crediario
C03073;12/09/2025;224;Revisao de carteira
C03074;09/10/2024;518;Aprovacao de crediario
C03076;27/05/2025;728;Aprovacao de crediario
C03076;02/03/2026;754;Revisao de carteira
C03078;22/01/2025;786;Aprovacao de crediario
C03078;01/03/2026;210;Revisao de carteira
C03080;24/07/2024;769;Aprovacao de crediario
C03081;24/09/2025;616;Aprovacao de crediario
C03081;04/03/2026;356;Revisao de carteira
C03082;06/07/2025;893;Aprovacao de crediario
C03082;06/03/2026;354;Revisao de carteira
C03083;09/02/2025;888;Aprovacao de crediario
C03084;01/06/2025;738;Aprovacao de crediario
C03085;16/06/2024;692;Aprovacao de crediario
C03086;23/06/2025;581;Aprovacao de crediario
C03087;04/10/2025;863;Aprovacao de crediario
C03087;15/02/2026;256;Revisao de carteira
C03088;11/04/2025;720;Aprovacao de crediario
C03089;11/01/2025;696;Aprovacao de crediario
C03090;19/07/2025;779;Aprovacao de crediario
C03090;18/02/2026;659;Revisao de carteira
C03091;02/03/2025;695;Aprovacao de crediario
C03091;06/03/2026;376;Revisao de carteira
C03092;10/07/2025;779;Aprovacao de crediario
C03092;15/03/2026;755;Revisao de carteira
C03093;05/12/2024;740;Aprovacao de crediario
C03094;22/11/2024;711;Aprovacao de crediario
C03095;03/10/2024;709;Aprovacao de crediario
C03096;22/06/2024;738;Aprovacao de crediario
C03096;31/07/2025;637;Revisao de carteira
C03098;18/08/2025;780;Aprovacao de crediario
C03100;05/10/2025;429;Aprovacao de crediario
C03100;23/02/2026;360;Revisao de carteira
C03102;12/10/2024;785;Aprovacao de crediario
C03102;22/08/2025;582;Revisao de carteira
C03103;22/06/2024;785;Aprovacao de crediario
C03103;09/07/2025;161;Revisao de carteira
C03104;07/11/2024;601;Aprovacao de crediario
C03104;10/03/2026;273;Revisao de carteira
C03105;10/11/2024;789;Aprovacao de crediario
C03105;20/02/2026;711;Revisao de carteira
C03106;28/10/2024;924;Aprovacao de crediario
C03107;25/08/2024;656;Aprovacao de crediario
C03108;16/03/2025;795;Aprovacao de crediario
C03109;30/10/2025;634;Aprovacao de crediario
C03110;20/07/2024;891;Aprovacao de crediario
C03110;12/08/2025;231;Revisao de carteira
C03112;15/12/2024;610;Aprovacao de crediario
C03112;26/10/2025;218;Revisao de carteira
C03113;05/10/2024;603;Aprovacao de crediario
C03114;17/10/2025;710;Aprovacao de crediario
C03114;10/02/2026;269;Revisao de carteira
C03115;07/07/2024;631;Aprovacao de crediario
C03115;03/02/2026;284;Revisao de carteira
C03116;20/09/2025;731;Aprovacao de crediario
C03116;07/03/2026;839;Revisao de carteira
C03117;22/12/2024;677;Aprovacao de crediario
C03117;10/11/2025;706;Revisao de carteira
C03118;03/11/2024;940;Aprovacao de crediario
C03118;07/12/2025;259;Revisao de carteira
C03119;21/06/2025;785;Aprovacao de crediario
C03119;09/02/2026;763;Revisao de carteira
C03120;15/04/2025;597;Aprovacao de crediario
C03121;05/12/2024;704;Aprovacao de crediario
C03122;10/10/2025;943;Aprovacao de crediario
C03124;02/01/2025;678;Aprovacao de crediario
C03125;31/12/2024;808;Aprovacao de crediario
C03125;19/01/2026;513;Revisao de carteira
C03126;29/07/2024;580;Aprovacao de crediario
C03127;02/03/2025;663;Aprovacao de crediario
C03127;27/02/2026;677;Revisao de carteira
C03128;11/12/2024;784;Aprovacao de crediario
C03130;22/07/2025;868;Aprovacao de crediario
C03131;14/04/2025;650;Aprovacao de crediario
C03132;14/01/2025;556;Aprovacao de crediario
C03134;07/10/2025;901;Aprovacao de crediario
C03135;25/01/2025;623;Aprovacao de crediario
C03136;12/11/2024;737;Aprovacao de crediario
C03137;23/08/2024;813;Aprovacao de crediario
C03138;16/03/2025;756;Aprovacao de crediario
C03139;17/06/2024;541;Aprovacao de crediario
C03139;18/02/2026;190;Revisao de carteira
C03140;13/05/2025;657;Aprovacao de crediario
C03141;07/07/2024;876;Aprovacao de crediario
C03142;23/07/2025;839;Aprovacao de crediario
C03143;25/09/2025;671;Aprovacao de crediario
C03144;08/06/2025;696;Aprovacao de crediario
C03145;01/09/2024;824;Aprovacao de crediario
C03146;27/10/2024;787;Aprovacao de crediario
C03147;16/10/2025;843;Aprovacao de crediario
C03147;10/02/2026;215;Revisao de carteira
C03148;11/07/2025;540;Aprovacao de crediario
C03148;05/03/2026;229;Revisao de carteira
C03149;19/08/2024;705;Aprovacao de crediario
C03149;03/09/2025;266;Revisao de carteira
C03150;27/07/2025;513;Aprovacao de crediario
C03151;12/12/2024;699;Aprovacao de crediario
C03152;25/06/2024;695;Aprovacao de crediario
C03154;20/02/2025;829;Aprovacao de crediario
C03155;05/07/2024;583;Aprovacao de crediario
C03156;03/01/2025;602;Aprovacao de crediario
C03157;30/09/2025;727;Aprovacao de crediario
C03158;28/10/2025;659;Aprovacao de crediario
C03158;08/03/2026;299;Revisao de carteira
C03161;12/08/2024;705;Aprovacao de crediario
C03161;22/08/2025;113;Revisao de carteira
C03162;06/12/2024;535;Aprovacao de crediario
C03162;15/07/2025;296;Revisao de carteira
C03163;03/10/2024;745;Aprovacao de crediario
C03163;04/11/2025;199;Revisao de carteira
C03164;06/07/2025;739;Aprovacao de crediario
C03164;24/02/2026;294;Revisao de carteira
C03165;07/07/2025;504;Aprovacao de crediario
C03165;31/01/2026;379;Revisao de carteira
C03168;28/10/2025;736;Aprovacao de crediario
C03169;28/09/2024;616;Aprovacao de crediario
C03169;06/02/2026;291;Revisao de carteira
C03170;14/11/2024;766;Aprovacao de crediario
C03171;10/01/2025;743;Aprovacao de crediario
C03172;08/12/2024;668;Aprovacao de crediario
C03172;23/02/2026;236;Revisao de carteira
C03173;05/11/2025;452;Aprovacao de crediario
C03173;15/03/2026;73;Revisao de carteira
C03174;20/07/2025;742;Aprovacao de crediario
C03174;17/02/2026;216;Revisao de carteira
C03175;06/10/2024;716;Aprovacao de crediario
C03176;28/09/2024;795;Aprovacao de crediario
C03176;21/11/2025;760;Revisao de carteira
C03178;12/11/2025;760;Aprovacao de crediario
C03180;27/01/2025;726;Aprovacao de crediario
C03180;13/02/2026;159;Revisao de carteira
C03181;27/03/2025;552;Aprovacao de crediario
C03181;19/10/2025;325;Revisao de carteira
C03182;08/03/2025;791;Aprovacao de crediario
C03183;04/11/2025;648;Aprovacao de crediario
C03184;13/10/2024;522;Aprovacao de crediario
C03184;31/10/2025;219;Revisao de carteira
C03185;05/09/2024;568;Aprovacao de crediario
C03185;04/08/2025;231;Revisao de carteira
C03186;25/11/2024;810;Aprovacao de crediario
C03187;19/04/2025;827;Aprovacao de crediario
C03187;17/02/2026;275;Revisao de carteira
C03188;08/04/2025;621;Aprovacao de crediario
C03188;12/03/2026;316;Revisao de carteira
C03189;04/08/2024;660;Aprovacao de crediario
C03190;22/12/2024;710;Aprovacao de crediario
C03191;12/01/2025;542;Aprovacao de crediario
C03191;30/01/2026;249;Revisao de carteira
C03192;20/03/2025;912;Aprovacao de crediario
C03192;25/02/2026;745;Revisao de carteira
C03193;06/11/2025;796;Aprovacao de crediario
C03194;08/08/2025;643;Aprovacao de crediario
C03195;03/06/2025;810;Aprovacao de crediario
C03196;28/06/2024;665;Aprovacao de crediario
C03197;03/08/2025;871;Aprovacao de crediario
C03197;07/03/2026;730;Revisao de carteira
C03198;03/10/2025;797;Aprovacao de crediario
C03198;13/02/2026;687;Revisao de carteira
C03199;12/11/2024;637;Aprovacao de crediario
C03200;18/08/2024;613;Aprovacao de crediario
C03202;04/07/2025;553;Aprovacao de crediario
C03203;02/12/2024;596;Aprovacao de crediario
C03204;25/06/2024;552;Aprovacao de crediario
C03204;03/06/2025;329;Revisao de carteira
C03205;07/07/2024;697;Aprovacao de crediario
C03205;03/02/2026;286;Revisao de carteira
C03206;21/07/2024;621;Aprovacao de crediario
C03206;19/06/2025;304;Revisao de carteira
C03207;30/07/2025;522;Aprovacao de crediario
C03207;22/02/2026;310;Revisao de carteira
C03208;01/07/2024;759;Aprovacao de crediario
C03209;20/05/2025;780;Aprovacao de crediario
C03209;28/02/2026;747;Revisao de carteira
C03210;17/10/2024;630;Aprovacao de crediario
C03210;25/08/2025;286;Revisao de carteira
C03211;25/07/2024;905;Aprovacao de crediario
C03212;21/01/2025;682;Aprovacao de crediario
C03213;12/07/2024;747;Aprovacao de crediario
C03214;24/03/2025;721;Aprovacao de crediario
C03215;09/01/2025;920;Aprovacao de crediario
C03215;28/11/2025;768;Revisao de carteira
C03216;02/08/2024;801;Aprovacao de crediario
C03217;20/01/2025;826;Aprovacao de crediario
C03218;23/09/2024;563;Aprovacao de crediario
C03219;08/10/2024;531;Aprovacao de crediario
C03219;09/03/2026;323;Revisao de carteira
C03220;11/07/2024;634;Aprovacao de crediario
C03221;24/08/2024;756;Aprovacao de crediario
C03221;04/07/2025;743;Revisao de carteira
C03222;03/10/2025;646;Aprovacao de crediario
C03222;15/03/2026;249;Revisao de carteira
C03223;20/08/2025;575;Aprovacao de crediario
C03223;01/03/2026;111;Revisao de carteira
C03224;13/08/2024;509;Aprovacao de crediario
C03225;14/05/2025;645;Aprovacao de crediario
C03226;03/11/2025;664;Aprovacao de crediario
C03227;02/11/2025;747;Aprovacao de crediario
C03227;27/02/2026;674;Revisao de carteira
C03228;23/03/2025;919;Aprovacao de crediario
C03229;30/05/2025;555;Aprovacao de crediario
C03229;15/02/2026;316;Revisao de carteira
C03230;26/10/2024;683;Aprovacao de crediario
C03231;19/08/2024;504;Aprovacao de crediario
C03231;16/09/2025;273;Revisao de carteira
C03232;22/06/2025;672;Aprovacao de crediario
C03232;03/02/2026;254;Revisao de carteira
C03233;26/04/2025;747;Aprovacao de crediario
C03233;25/02/2026;268;Revisao de carteira
C03235;03/07/2024;636;Aprovacao de crediario
C03237;09/11/2025;794;Aprovacao de crediario
C03237;15/03/2026;245;Revisao de carteira
C03239;12/10/2025;953;Aprovacao de crediario
C03241;24/07/2024;704;Aprovacao de crediario
C03241;27/01/2026;338;Revisao de carteira
C03242;12/10/2024;711;Aprovacao de crediario
C03243;12/07/2025;594;Aprovacao de crediario
C03244;21/01/2025;632;Aprovacao de crediario
C03244;27/01/2026;312;Revisao de carteira
C03245;16/07/2024;637;Aprovacao de crediario
C03246;01/08/2024;723;Aprovacao de crediario
C03247;21/07/2024;583;Aprovacao de crediario
C03247;25/06/2025;275;Revisao de carteira
C03248;17/11/2024;551;Aprovacao de crediario
C03249;05/11/2024;608;Aprovacao de crediario
C03249;11/10/2025;301;Revisao de carteira
C03250;17/06/2025;761;Aprovacao de crediario
C03251;10/08/2024;824;Aprovacao de crediario
C03251;04/09/2025;722;Revisao de carteira
C03252;01/02/2025;525;Aprovacao de crediario
C03253;23/11/2024;740;Aprovacao de crediario
C03254;10/07/2024;871;Aprovacao de crediario
C03255;22/05/2025;677;Aprovacao de crediario
C03255;20/02/2026;152;Revisao de carteira
C03256;22/09/2024;629;Aprovacao de crediario
C03256;06/10/2025;331;Revisao de carteira
C03257;23/08/2024;664;Aprovacao de crediario
C03258;31/10/2025;746;Aprovacao de crediario
C03259;30/01/2025;717;Aprovacao de crediario
C03260;15/08/2025;742;Aprovacao de crediario
C03261;26/08/2024;647;Aprovacao de crediario
C03261;23/07/2025;313;Revisao de carteira
C03262;18/08/2025;777;Aprovacao de crediario
C03263;27/07/2025;729;Aprovacao de crediario
C03264;01/08/2024;453;Aprovacao de crediario
C03266;13/02/2025;855;Aprovacao de crediario
C03266;28/02/2026;753;Revisao de carteira
C03267;03/03/2025;701;Aprovacao de crediario
C03267;06/03/2026;287;Revisao de carteira
C03268;07/04/2025;601;Aprovacao de crediario
C03269;02/11/2025;644;Aprovacao de crediario
C03269;07/03/2026;213;Revisao de carteira
C03270;16/10/2025;489;Aprovacao de crediario
C03270;22/02/2026;172;Revisao de carteira
C03271;13/07/2024;709;Aprovacao de crediario
C03271;25/07/2025;715;Revisao de carteira
C03273;12/11/2025;699;Aprovacao de crediario
C03273;24/02/2026;191;Revisao de carteira
C03274;11/08/2024;696;Aprovacao de crediario
C03276;03/11/2025;450;Aprovacao de crediario
C03276;18/02/2026;251;Revisao de carteira
C03278;31/03/2025;859;Aprovacao de crediario
C03280;06/11/2024;738;Aprovacao de crediario
C03282;04/07/2025;637;Aprovacao de crediario
C03282;13/03/2026;242;Revisao de carteira
C03283;30/08/2025;658;Aprovacao de crediario
C03284;22/02/2025;751;Aprovacao de crediario
C03286;29/08/2024;719;Aprovacao de crediario
C03286;01/03/2026;147;Revisao de carteira
C03287;03/06/2025;772;Aprovacao de crediario
C03287;27/02/2026;257;Revisao de carteira
C03288;24/08/2025;872;Aprovacao de crediario
C03289;13/09/2025;628;Aprovacao de crediario
C03289;07/03/2026;177;Revisao de carteira
C03290;12/08/2025;791;Aprovacao de crediario
C03290;14/03/2026;738;Revisao de carteira
C03291;14/07/2025;731;Aprovacao de crediario
C03292;29/05/2025;667;Aprovacao de crediario
C03293;19/09/2025;601;Aprovacao de crediario
C03294;26/09/2024;653;Aprovacao de crediario
C03294;23/05/2025;819;Revisao de carteira
C03295;27/02/2025;772;Aprovacao de crediario
C03296;12/04/2025;902;Aprovacao de crediario
C03297;04/07/2024;616;Aprovacao de crediario
C03298;28/11/2024;765;Aprovacao de crediario
C03299;22/10/2024;418;Aprovacao de crediario
C03299;14/09/2025;209;Revisao de carteira
C03300;06/07/2025;725;Aprovacao de crediario
C03301;23/07/2024;386;Aprovacao de crediario
C03302;11/08/2025;518;Aprovacao de crediario
C03306;10/02/2025;600;Aprovacao de crediario
C03306;16/09/2025;358;Revisao de carteira
C03307;11/08/2024;876;Aprovacao de crediario
C03308;14/08/2024;792;Aprovacao de crediario
C03309;16/12/2024;618;Aprovacao de crediario
C03310;19/10/2025;780;Aprovacao de crediario
C03311;29/06/2025;819;Aprovacao de crediario
C03312;02/08/2024;692;Aprovacao de crediario
C03312;16/02/2026;156;Revisao de carteira
C03313;18/12/2024;785;Aprovacao de crediario
C03313;30/12/2025;776;Revisao de carteira
C03314;03/07/2024;718;Aprovacao de crediario
C03314;13/02/2026;220;Revisao de carteira
C03315;29/09/2024;652;Aprovacao de crediario
C03316;25/05/2025;711;Aprovacao de crediario
C03316;27/02/2026;750;Revisao de carteira
C03317;19/10/2024;637;Aprovacao de crediario
C03317;25/11/2025;249;Revisao de carteira
C03318;04/04/2025;746;Aprovacao de crediario
C03319;20/10/2024;650;Aprovacao de crediario
C03320;22/10/2024;588;Aprovacao de crediario
C03320;20/02/2026;181;Revisao de carteira
C03321;05/02/2025;673;Aprovacao de crediario
C03322;08/07/2025;777;Aprovacao de crediario
C03324;20/02/2025;802;Aprovacao de crediario
C03325;27/06/2025;829;Aprovacao de crediario
C03326;13/02/2025;641;Aprovacao de crediario
C03327;10/01/2025;900;Aprovacao de crediario
C03328;22/06/2024;802;Aprovacao de crediario
C03328;26/01/2026;350;Revisao de carteira
C03329;04/09/2024;806;Aprovacao de crediario
C03329;31/08/2025;717;Revisao de carteira
C03331;31/10/2025;677;Aprovacao de crediario
C03331;02/03/2026;392;Revisao de carteira
C03332;17/07/2024;782;Aprovacao de crediario
C03332;13/03/2026;274;Revisao de carteira
C03333;26/07/2024;648;Aprovacao de crediario
C03333;19/06/2025;245;Revisao de carteira
C03334;26/09/2025;750;Aprovacao de crediario
C03334;12/03/2026;637;Revisao de carteira
C03336;30/08/2024;517;Aprovacao de crediario
C03337;06/09/2024;803;Aprovacao de crediario
C03338;27/07/2024;782;Aprovacao de crediario
C03338;29/01/2026;755;Revisao de carteira
C03339;23/12/2024;759;Aprovacao de crediario
C03339;05/02/2026;688;Revisao de carteira
C03340;12/04/2025;710;Aprovacao de crediario
C03341;15/02/2025;720;Aprovacao de crediario
C03342;05/07/2025;649;Aprovacao de crediario
C03342;20/02/2026;317;Revisao de carteira
C03343;16/08/2025;775;Aprovacao de crediario
C03344;10/10/2025;934;Aprovacao de crediario
C03345;07/01/2025;709;Aprovacao de crediario
C03345;23/02/2026;224;Revisao de carteira
C03346;09/03/2025;731;Aprovacao de crediario
C03349;28/07/2025;624;Aprovacao de crediario
C03349;25/02/2026;295;Revisao de carteira
C03350;08/05/2025;823;Aprovacao de crediario
C03351;18/07/2025;674;Aprovacao de crediario
C03352;09/11/2024;561;Aprovacao de crediario
C03352;20/09/2025;211;Revisao de carteira
C03353;30/06/2024;709;Aprovacao de crediario
C03353;29/01/2025;325;Revisao de carteira
C03354;16/08/2024;690;Aprovacao de crediario
C03354;31/08/2025;166;Revisao de carteira
C03355;29/07/2025;845;Aprovacao de crediario
C03356;16/06/2025;637;Aprovacao de crediario
C03357;18/12/2024;597;Aprovacao de crediario
C03357;19/02/2026;297;Revisao de carteira
C03358;16/03/2025;652;Aprovacao de crediario
C03358;17/02/2026;696;Revisao de carteira
C03359;06/08/2024;767;Aprovacao de crediario
C03359;22/09/2025;821;Revisao de carteira
C03360;29/04/2025;746;Aprovacao de crediario
C03361;25/10/2025;710;Aprovacao de crediario
C03362;26/09/2024;891;Aprovacao de crediario
C03362;10/05/2025;661;Revisao de carteira
C03363;20/08/2024;659;Aprovacao de crediario
C03364;20/01/2025;753;Aprovacao de crediario
C03364;14/02/2026;722;Revisao de carteira
C03365;25/06/2024;602;Aprovacao de crediario
C03366;06/08/2025;846;Aprovacao de crediario
C03366;12/02/2026;307;Revisao de carteira
C03367;20/11/2024;710;Aprovacao de crediario
C03367;23/02/2026;242;Revisao de carteira
C03368;17/09/2024;766;Aprovacao de crediario
C03369;15/02/2025;784;Aprovacao de crediario
C03369;26/02/2026;280;Revisao de carteira
C03370;08/02/2025;824;Aprovacao de crediario
C03370;14/03/2026;142;Revisao de carteira
C03371;29/12/2024;521;Aprovacao de crediario
C03371;04/02/2026;699;Revisao de carteira
C03372;31/01/2025;764;Aprovacao de crediario
C03373;12/04/2025;585;Aprovacao de crediario
C03374;22/11/2024;550;Aprovacao de crediario
C03374;12/10/2025;365;Revisao de carteira
C03376;22/12/2024;820;Aprovacao de crediario
C03378;18/02/2025;515;Aprovacao de crediario
C03378;08/01/2026;271;Revisao de carteira
C03379;06/10/2025;567;Aprovacao de crediario
C03380;28/07/2025;642;Aprovacao de crediario
C03380;05/02/2026;300;Revisao de carteira
C03381;09/06/2025;947;Aprovacao de crediario
C03381;13/03/2026;749;Revisao de carteira
C03382;30/04/2025;668;Aprovacao de crediario
C03382;08/03/2026;258;Revisao de carteira
C03383;26/06/2025;803;Aprovacao de crediario
C03384;28/03/2025;789;Aprovacao de crediario
C03385;29/01/2025;637;Aprovacao de crediario
C03385;17/08/2025;204;Revisao de carteira
C03386;20/10/2024;580;Aprovacao de crediario
C03386;05/11/2025;353;Revisao de carteira
C03387;06/07/2025;606;Aprovacao de crediario
C03388;23/11/2024;737;Aprovacao de crediario
C03388;19/02/2026;229;Revisao de carteira
C03389;13/06/2025;485;Aprovacao de crediario
C03389;14/03/2026;207;Revisao de carteira
C03390;16/09/2025;578;Aprovacao de crediario
C03390;09/02/2026;320;Revisao de carteira
C03391;20/05/2025;741;Aprovacao de crediario
C03392;03/09/2024;795;Aprovacao de crediario
C03392;19/10/2025;650;Revisao de carteira
C03393;14/09/2025;509;Aprovacao de crediario
C03394;31/08/2024;522;Aprovacao de crediario
C03396;22/07/2025;687;Aprovacao de crediario
C03396;09/02/2026;287;Revisao de carteira
C03397;21/07/2025;627;Aprovacao de crediario
C03398;23/10/2025;760;Aprovacao de crediario
C03398;14/03/2026;656;Revisao de carteira
C03400;13/10/2025;661;Aprovacao de crediario
