id_contrato;inadimplente_30d;numero_compras_anteriores;valor_total_contrato;media_valor_compras_anteriores;percentual_parcelas_pagas_valor_total;percentual_valor_contrato_renda;quantidade_atendimentos_sac;media_dias_atraso;max_dias_atraso;total_parcelas_atrasadas;taxa_atrasos
C00001;0;6;1014.95;799.7866666666667;0.8000394108084141;0.1662759399149084;1;5.75;23;4;0.5
C00003;0;0;2494.27;0.0;0.8333500382877557;0.6323332192518791;1;0.3;2;2;0.2
C00004;1;2;1516.74;588.21;0.8999762648838957;1.0165204511792185;0;6.222222222222222;21;5;0.5555555555555556
C00005;1;6;9349.93;583.1116666666667;0.9166656862671699;4.192549313268733;1;3.8181818181818183;15;5;0.45454545454545453
C00007;1;4;1974.4;532.9975;0.6666531604538087;1.0608551747853465;0;3.0;23;2;0.25
C00008;0;0;3407.65;0.0;0.6666529719894942;1.0209116646943392;0;1.9166666666666667;21;3;0.25
C00009;1;2;2032.89;703.865;0.8333456310966161;0.6829983671659242;1;4.8;12;4;0.8
C00010;0;4;1323.77;681.1750000000001;0.9166320433307902;0.6629822355999179;0;0.5454545454545454;2;4;0.36363636363636365
C00012;0;0;1466.7;0.0;0.8999999999999999;0.3841650754736255;0;5.111111111111111;15;5;0.5555555555555556
C00013;1;3;3652.6;367.74333333333334;0.8333242074138969;0.9319854254483103;1;12.733333333333333;23;14;0.9333333333333333
C00014;1;6;1606.26;1367.9400000000003;0.33334578461768327;0.3435174254478263;0;2.0;10;2;0.3333333333333333
C00015;0;2;1955.35;535.02;0.111110542869563;0.9909537806608554;0;0.5;1;1;0.5
C00016;1;5;2039.37;301.91400000000004;0.8889019648224697;0.9730654350087315;1;0.8125;11;3;0.1875
C00017;1;2;3051.53;1026.25;0.2499959036942124;0.658675151041588;0;22.333333333333332;26;3;1.0
C00018;1;1;4393.32;933.33;0.09999954476341355;3.105324540384656;1;12.0;12;1;1.0
C00019;1;5;863.86;573.51;0.4000185215196907;0.2779123597746744;0;5.75;20;3;0.75
C00020;0;3;1745.38;684.1733333333333;0.6666743058818136;0.7644011159140379;1;0.0;0;0;0.0
C00021;1;1;3670.38;2270.15;0.8333333333333334;0.39708244936641074;2;4.0;19;2;0.4
C00022;0;1;3506.19;261.64;0.666660962469233;1.6600806795261498;1;3.75;25;7;0.4375
C00023;1;4;2211.15;1021.1125000000001;0.166664405399905;0.5226650088759565;1;5.0;15;1;0.3333333333333333
C00024;0;3;2107.76;1174.6133333333335;0.40000759099707744;0.6968285401631188;0;0.0;0;0;0.0
C00025;0;4;1741.14;1202.115;0.5555555555555556;1.084971148693279;0;0.2;1;2;0.2
C00026;0;3;5571.17;576.93;0.749993268918378;0.9454743859101292;3;0.4444444444444444;2;5;0.2777777777777778
C00027;1;4;14000.0;637.95;0.9;4.115698154697334;0;13.0;21;8;0.8888888888888888
C00028;0;1;4192.32;435.49;0.8999957064346235;1.2689925718748296;5;6.333333333333333;23;4;0.4444444444444444
C00029;1;2;791.93;1769.715;0.4999684315532938;0.18699822430436178;3;7.666666666666667;26;3;0.5
C00030;0;3;989.43;367.3833333333334;0.7222441203521219;0.3393432839916041;0;2.923076923076923;18;6;0.46153846153846156
C00031;1;4;1230.8;1274.0049999999999;0.9;0.26425797143145463;2;0.5555555555555556;3;3;0.3333333333333333
C00032;1;1;3383.14;527.63;0.8333382597232158;2.4442887074633335;2;14.2;22;5;1.0
C00033;0;8;2157.57;814.50125;0.291670722155017;0.48551928062216465;1;0.0;0;0;0.0
C00034;1;2;2009.43;708.6949999999999;0.9166529811936717;1.1154019083778788;0;8.909090909090908;23;6;0.5454545454545454
C00035;0;1;1411.68;422.03;0.5833333333333334;0.8920568720379147;0;3.5714285714285716;11;5;0.7142857142857143
C00036;1;2;4252.14;703.865;0.8333333333333334;1.4489971170950133;0;14.6;21;5;1.0
C00037;0;4;1459.15;1403.0525;0.833327622245828;0.3239510415764737;0;0.8;2;2;0.4
C00038;0;1;1774.87;473.09;0.7499704203688159;0.9782185748378242;1;2.5;17;6;0.3333333333333333
C00039;1;5;4759.38;322.07;0.9166782227937251;1.6399383909281675;0;3.909090909090909;20;7;0.6363636363636364
C00040;1;2;1236.3;826.4849999999999;0.8333333333333334;0.8303780124123479;1;5.6;16;4;0.8
C00041;0;7;1012.87;844.4585714285714;0.9167119176202276;0.2651839245974604;1;0.18181818181818182;2;1;0.09090909090909091
C00042;0;8;1154.11;805.08875;0.41668471809446245;0.4797716936737697;0;0.6;2;2;0.4
C00043;1;4;2122.54;663.015;0.16666823711213924;0.7462564823767249;0;0.5;1;1;0.5
C00044;0;6;1108.75;782.315;0.8889289740698986;0.2905849176272022;1;9.6875;24;9;0.5625
C00045;0;3;4789.11;1802.1899999999998;0.8333281131567243;2.0460948214354375;1;5.7;26;5;0.5
C00046;1;3;1722.14;1268.56;0.8333236554519377;1.248950227360085;0;6.0;24;3;0.6
C00047;0;2;1988.0;750.145;0.8333501006036217;0.42519516629237514;1;0.5;2;4;0.4
C00048;1;1;5385.01;414.22;0.11111214278153615;4.107214497639405;1;8.5;10;2;1.0
C00049;1;0;1607.38;0.0;0.9166780723910959;0.3938903837011552;0;3.727272727272727;23;4;0.36363636363636365
C00050;1;0;1554.2;0.0;0.9166902586539699;0.7385267479543446;1;7.0;23;5;0.45454545454545453
C00051;0;1;1721.36;931.25;0.5833062229864758;0.5579266711611263;1;0.35714285714285715;2;3;0.21428571428571427
C00052;1;3;1523.54;499.92;0.8333223938984208;0.9492815930813613;2;2.8;22;4;0.4
C00053;0;0;1619.96;0.0;0.16667078199461716;0.8925153577036445;2;16.666666666666668;26;2;0.6666666666666666
C00054;0;1;6266.38;334.28;0.25000079790884056;1.2264870694295205;0;0.6666666666666666;2;1;0.3333333333333333
C00055;1;6;6227.43;1150.685;0.5999971095620504;2.1741618341718194;1;10.333333333333334;22;3;0.5
C00056;1;4;2169.79;628.31;0.6666635941727079;1.0562855070417736;4;14.5;24;3;0.75
C00057;0;5;1695.25;821.7180000000001;0.8333284176375166;0.7790670955882353;0;0.1;1;1;0.1
C00058;0;2;1346.61;1026.25;0.299997772183483;0.7957418142494992;0;0.6666666666666666;2;1;0.3333333333333333
C00059;0;4;2157.96;1122.4775;0.4444568017942872;0.4572201011072644;0;9.625;22;5;0.625
C00060;1;2;984.53;1323.01;0.11111901110174399;0.7267191236824234;1;12.0;24;1;0.5
C00061;0;4;4975.61;648.315;0.8333350081698526;1.0565251273514091;0;4.4;22;1;0.2
C00062;1;2;2078.83;355.415;0.22222115324485409;0.7609939488895315;0;3.75;14;2;0.5
C00063;1;3;4270.6;2007.6333333333332;0.5416615932187514;0.8652488304573425;2;5.076923076923077;19;9;0.6923076923076923
C00065;0;3;2114.69;554.2266666666667;0.8333136298937432;0.6622499757295995;1;4.7;23;6;0.6
C00068;1;8;2202.93;722.0912500000001;0.7916774477627525;0.7449302218630272;0;1.368421052631579;13;6;0.3157894736842105
C00069;1;6;1526.35;504.66833333333335;0.9166966947292562;0.3278454367764246;0;4.0;26;5;0.45454545454545453
C00070;0;5;710.93;721.626;0.624956043492327;0.27051410350561433;3;1.6666666666666667;16;7;0.4666666666666667
C00071;0;2;1244.56;929.29;0.2916854149257569;0.8962631696444646;2;2.5714285714285716;15;3;0.42857142857142855
C00072;1;1;3231.78;431.35;0.9166836851518357;1.8350708639956395;4;13.181818181818182;22;11;1.0
C00073;1;3;849.88;1120.2166666666667;0.9000211794606297;0.7024846671405663;1;10.333333333333334;26;5;0.5555555555555556
C00074;1;2;3379.66;783.28;0.8333382647958669;0.6350452468282123;0;5.4;23;3;0.6
C00075;0;3;2278.0;1171.5133333333333;0.7222475856014047;0.3738796330793206;2;1.9230769230769231;16;6;0.46153846153846156
C00076;0;1;853.03;316.84;0.7499384546850639;0.2830206833398584;0;0.16666666666666666;1;3;0.16666666666666666
C00077;1;2;990.72;778.635;0.16666666666666666;0.24378312671939054;0;13.666666666666666;18;3;1.0
C00078;0;3;1920.62;970.4333333333333;0.16666493111599381;0.7160641117892468;1;0.0;0;0;0.0
C00080;0;0;4466.73;0.0;0.5000033581613396;2.2832424309030777;1;10.5;25;4;0.6666666666666666
C00081;1;1;2680.14;1563.83;0.8333333333333333;0.890281819268944;0;6.0;13;3;0.6
C00083;1;1;6197.44;434.65;0.8999941911498942;2.3195314108202183;3;12.333333333333334;21;8;0.8888888888888888
C00086;0;2;951.01;864.365;0.7999915878907687;0.21620841271501257;0;0.125;1;1;0.125
C00087;1;3;4678.32;1226.04;0.9166666666666667;1.6583200998185117;2;3.6363636363636362;17;7;0.6363636363636364
C00088;0;1;2424.86;635.38;0.9166591060927228;0.5854674956238305;0;0.2727272727272727;1;3;0.2727272727272727
C00089;1;3;2151.39;1096.5366666666666;0.499993027763446;0.6461076891196689;0;3.8333333333333335;15;4;0.6666666666666666
C00090;1;4;2559.97;859.4200000000001;0.27777669269561756;0.8265166435282342;1;0.0;0;0;0.0
C00091;0;3;1738.82;970.4333333333333;0.4444393324208371;0.3898411104111131;0;2.625;20;2;0.25
C00092;0;3;1274.84;1172.5666666666666;0.899971761162185;0.5322656067336918;0;1.2222222222222223;11;1;0.1111111111111111
C00093;0;1;2068.81;2286.2;0.2499987915758335;0.5678692106469472;1;0.3333333333333333;1;1;0.3333333333333333
C00094;0;3;485.92;1412.6499999999999;0.24997942048073757;0.12641360704910912;0;5.666666666666667;17;1;0.3333333333333333
C00095;1;1;1236.54;347.75;0.19999353033464345;1.1497456973100633;0;6.5;13;1;0.5
C00096;0;1;688.49;490.93;0.4999636886519775;0.6095636930268796;0;0.0;0;0;0.0
C00097;0;0;966.42;0.0;0.8333333333333333;0.34119337539320804;1;0.2;1;1;0.2
C00099;0;1;2362.2;1440.3;0.5;0.4557521782415089;0;0.6666666666666666;2;1;0.3333333333333333
C00100;0;0;2049.0;0.0;0.9166666666666666;0.7912266136350472;1;1.8181818181818181;17;3;0.2727272727272727
C00101;1;2;3591.46;893.87;0.7500041765744294;1.664539332508354;2;2.5555555555555554;14;5;0.5555555555555556
C00102;0;8;2256.5;946.4200000000001;0.9;0.8623654763360646;0;0.8888888888888888;2;4;0.4444444444444444
C00103;0;3;1039.7;763.61;0.3888814080984899;0.28055717462167823;0;0.2857142857142857;2;1;0.14285714285714285
C00104;1;3;3344.39;883.4699999999999;0.8000023920655187;1.579643676966531;3;12.125;24;7;0.875
C00105;0;3;2114.83;748.2233333333334;0.9444399786271237;0.5802241518855371;1;2.2941176470588234;22;4;0.23529411764705882
C00106;0;3;1506.14;703.0433333333334;0.5833255872628043;0.2963786524879915;1;0.5714285714285714;2;3;0.42857142857142855
C00107;1;1;1924.37;4078.99;0.7777818195045652;0.7340216960117176;1;7.5;26;8;0.5714285714285714
C00108;0;4;656.42;1277.825;0.4166539715426099;0.1494458559863035;2;0.0;0;0;0.0
C00109;1;5;926.1;1241.2400000000002;0.8333333333333333;0.174056045257203;0;4.0;13;3;0.6
C00110;0;6;1162.77;1367.9400000000003;0.9000232204133234;0.38819688112415746;2;2.3333333333333335;16;4;0.4444444444444444
C00111;1;2;1591.93;728.8;0.5555520657315334;1.1955016521477924;0;3.7;16;6;0.6
C00112;1;2;1653.71;341.11;0.8333383725078761;0.3126850629828655;0;4.8;13;2;0.4
C00113;1;4;1872.14;1364.905;0.583327101605649;0.9663306441206378;0;9.714285714285714;24;6;0.8571428571428571
C00114;1;4;1511.53;1353.6799999999998;0.49999007628032527;1.5330074341524762;1;6.6;19;4;0.8
C00115;0;4;2038.71;1117.6775;0.16666421413540913;1.3527998779055495;0;8.5;16;2;1.0
C00116;0;0;1310.28;0.0;0.20000305278261135;0.29823758765969943;0;4.5;7;2;1.0
C00117;0;1;4590.32;937.29;0.44444831732863943;0.849994722622912;2;1.375;10;2;0.25
C00118;1;3;2684.92;850.21;0.5999955305930903;1.3336578581363003;0;9.833333333333334;26;4;0.6666666666666666
C00119;1;4;2032.83;806.0474999999999;0.8333210352070759;0.6061508735206504;0;4.0;19;2;0.4
C00120;0;0;2173.54;0.0;0.2777726657894495;0.8947444251882284;1;6.0;22;2;0.4
C00121;0;2;2208.42;826.325;0.2222222222222222;0.8390111580938922;1;0.0;0;0;0.0
C00122;1;0;2227.09;0.0;0.9000040411478656;1.2097438293064489;1;5.444444444444445;16;6;0.6666666666666666
C00123;1;4;1478.06;493.02750000000003;0.08333897135434286;1.642288888888889;0;18.5;22;2;1.0
C00124;0;3;5477.21;583.0133333333333;0.7777791978032612;1.284397409260814;0;3.642857142857143;24;4;0.2857142857142857
C00125;1;4;1169.47;1306.665;0.666660966078651;0.6830856755683279;2;9.5;21;2;0.5
C00126;1;2;1584.59;1048.885;0.6666708738538045;0.7662946234271178;0;2.0;15;2;0.25
C00127;1;3;2485.23;344.40333333333336;0.8999891358143915;0.8718025172941194;1;8.88888888888889;23;7;0.7777777777777778
C00128;1;2;1269.61;739.1;0.4166633848189602;0.43916857492718625;2;4.0;15;3;0.6
C00129;1;1;1948.23;792.34;0.3333282004691438;0.8790580570056897;0;0.0;0;0;0.0
C00130;0;2;1475.66;546.27;0.16667796104793786;0.28957164526757206;0;0.5;2;1;0.25
C00131;0;1;2880.72;426.74;0.8333333333333334;1.6562049041308535;1;12.6;24;4;0.8
C00132;1;3;1110.21;1769.2766666666666;0.8999918934255681;0.8559104470707959;2;12.555555555555555;26;7;0.7777777777777778
C00133;1;3;2332.91;802.1899999999999;0.9166705959509797;0.6930622770038828;2;3.090909090909091;19;4;0.36363636363636365
C00134;1;0;2771.2;0.0;0.8333213048498846;1.039331215565965;0;5.4;23;5;0.5
C00135;0;2;3521.51;978.34;0.8333356997424399;1.0814784104170507;1;9.8;24;3;0.6
C00136;1;1;2098.12;1052.83;0.277772482031533;0.6986816385112072;0;0.6;2;2;0.4
C00138;1;5;3588.67;1614.1680000000001;0.9000075236786887;1.0716574442098599;0;0.3333333333333333;2;2;0.2222222222222222
C00139;0;2;829.09;480.86;0.9000108552750605;0.42644713966813774;0;3.111111111111111;26;3;0.3333333333333333
C00140;0;2;1713.7;902.76;0.7500087529906051;0.4824728104034168;0;2.5555555555555554;18;4;0.4444444444444444
C00141;1;2;3285.09;755.405;0.9000027396509684;1.2514819273436548;1;10.11111111111111;25;7;0.7777777777777778
C00142;1;4;1311.83;404.6675;0.3333358743129826;0.5382705816701681;0;8.333333333333334;17;4;0.6666666666666666
C00144;1;1;4174.69;290.59;0.8333313371771317;0.8709464083049603;1;0.2;1;1;0.2
C00146;0;3;2895.04;493.97333333333336;0.9166540013264065;0.6440721706823289;1;1.3636363636363635;14;2;0.18181818181818182
C00149;0;5;2480.08;728.766;0.5000040321279958;1.0861775229819868;1;19.8;25;5;1.0
C00150;0;4;841.03;1106.9499999999998;0.6666111791493764;0.2880831677742002;0;0.16666666666666666;1;2;0.16666666666666666
C00151;0;2;1120.53;838.3349999999999;0.8333556442040819;0.24111886486730746;0;2.7;18;5;0.5
C00152;0;1;2477.46;703.29;0.5000121091763338;1.2194504877880707;1;12.833333333333334;25;4;0.6666666666666666
C00153;1;2;1747.84;2187.67;0.9166456883925304;0.6558129936401328;0;0.2727272727272727;2;2;0.18181818181818182
C00154;1;2;1000.56;742.0799999999999;0.9000359798512833;0.5528261229902204;2;9.777777777777779;26;5;0.5555555555555556
C00155;0;7;2545.12;814.7785714285714;0.4444584145344817;0.5528795083623156;4;3.625;21;4;0.5
C00156;0;2;706.0;2597.305;0.7777337110481586;0.3845986228536564;1;4.428571428571429;21;7;0.5
C00158;1;0;2955.85;0.0;0.8333135984572966;1.6238614263896367;2;1.0666666666666667;10;4;0.26666666666666666
C00159;0;3;1968.49;805.0066666666667;0.5555527333133519;0.8256777218980826;0;3.7;15;4;0.4
C00160;1;1;1019.17;527.81;0.16666503134903893;0.2908050732598119;1;7.0;20;2;0.6666666666666666
C00161;0;4;588.58;1282.3474999999999;0.6111318767202419;0.11801623329750888;0;0.18181818181818182;1;2;0.18181818181818182
C00162;0;1;1897.64;632.12;0.6999852448304209;0.36384552996734737;0;7.142857142857143;25;5;0.7142857142857143
C00163;1;2;1862.48;447.46500000000003;0.44443967183540223;0.5870812371549974;0;1.25;3;5;0.625
C00164;1;0;2243.11;0.0;0.9166870996072417;1.2758426518934782;2;0.7272727272727273;4;4;0.36363636363636365
C00165;1;0;3662.64;0.0;0.20833333333333337;1.5722723994642673;0;5.8;22;2;0.4
C00167;1;3;4367.4;734.1666666666666;0.3750103036131337;2.6372232890112675;0;5.444444444444445;21;5;0.5555555555555556
C00168;1;0;1431.6;0.0;0.4166666666666667;0.483090483292952;0;0.0;0;0;0.0
C00169;1;2;6963.81;1144.915;0.5555579488814313;2.39768419530435;0;6.8;20;6;0.6
C00170;0;2;1353.91;904.0149999999999;0.8333271783205678;0.5704084126088019;1;0.4;2;1;0.2
C00171;0;3;3100.36;708.06;0.9166548400830871;1.0279980901350168;1;4.7272727272727275;25;5;0.45454545454545453
C00172;1;5;3096.36;958.4159999999999;0.8333333333333333;1.5994255960990125;2;4.6;10;4;0.8
C00173;0;3;1899.09;725.34;0.8333464975330289;0.4749422918693432;1;0.6;2;2;0.4
C00176;1;3;1797.4;1118.2866666666666;0.9;0.8616697428030395;3;14.88888888888889;22;8;0.8888888888888888
C00178;1;3;2134.02;789.5099999999999;0.4999953140083036;1.0387659537183966;1;7.8;20;3;0.6
C00179;1;2;2253.07;1839.52;0.25000554798563734;0.6776557988450433;0;0.0;0;0;0.0
C00180;1;2;1603.45;474.84000000000003;0.8333281362063052;0.5098053554282371;3;0.0;0;0;0.0
C00181;0;4;3441.72;974.1975;0.9166666666666666;1.3043636446324214;1;2.4545454545454546;22;5;0.45454545454545453
C00183;0;3;1034.9;1464.26;0.7499855058459753;0.20258353218453132;3;0.5555555555555556;2;3;0.3333333333333333
C00184;0;5;1624.79;721.626;0.9000055391773706;0.539444283973612;1;2.2222222222222223;18;2;0.2222222222222222
C00185;1;5;1150.45;901.2439999999999;0.6110739275935503;0.8207123850560364;0;4.7272727272727275;22;4;0.36363636363636365
C00186;0;2;4418.8;834.475;0.7777812980899792;0.8438976505773292;1;0.14285714285714285;1;2;0.14285714285714285
C00187;0;1;3408.98;1676.72;0.6249963332140406;2.0240825075257836;1;5.533333333333333;22;10;0.6666666666666666
C00188;0;5;1063.27;1246.938;0.5000235123722102;0.3954499471875511;0;1.1666666666666667;6;2;0.3333333333333333
C00189;1;0;963.13;0.0;0.6666597447904229;0.39391981153297156;3;4.0;22;8;0.5
C00190;0;1;3354.76;479.4;0.7916572273426415;0.6566437330566947;1;5.842105263157895;20;11;0.5789473684210527
C00191;0;4;1664.09;1200.4825;0.9000054083613267;0.5665507978605693;0;0.3333333333333333;2;2;0.2222222222222222
C00193;1;0;4044.15;0.0;0.9000111271837098;3.5459447610697064;1;2.2222222222222223;16;3;0.3333333333333333
C00194;1;0;2020.11;0.0;0.8333209577696264;0.8562981111600936;1;12.4;26;4;0.8
C00195;0;8;3753.49;578.73125;0.9000023977684769;1.7364325664666613;1;5.222222222222222;23;3;0.3333333333333333
C00196;0;2;2468.42;696.7049999999999;0.49999594882556453;1.710024246622792;0;3.8;18;2;0.4
C00197;1;3;571.98;1104.9033333333334;0.9165705094583726;0.17106046241771913;1;6.0;26;4;0.36363636363636365
C00198;0;1;3371.9;492.91;0.9166612295738309;0.7066217365974694;1;0.2727272727272727;2;2;0.18181818181818182
C00199;0;5;1023.11;479.438;0.7777853798711771;0.5267111122551417;0;0.21428571428571427;2;2;0.14285714285714285
C00200;0;6;1347.38;828.4683333333334;0.6666567709183748;0.5335080835158047;1;4.375;17;3;0.375
C00201;1;2;7420.88;571.55;0.33333513006543697;2.8189263519365477;0;5.25;18;3;0.75
C00202;1;4;5809.01;1688.9025000000001;0.6249946204258556;1.2608219094831703;1;8.133333333333333;25;13;0.8666666666666667
C00204;0;1;1363.62;492.91;0.33334800017600213;0.3150496618741436;1;12.75;26;3;0.75
C00205;1;3;1591.35;987.0166666666668;0.33335218525151605;0.2605959473223965;1;1.125;7;2;0.25
C00206;1;2;4451.2;480.765;0.6666606757728254;1.418727250705985;1;4.125;25;6;0.75
C00207;0;1;1775.46;600.25;0.8333333333333334;0.355140299080675;0;1.2;4;3;0.6
C00208;0;3;1545.25;679.6866666666666;0.8333279404627083;0.7128227365196813;0;5.2;26;1;0.2
C00210;0;3;2456.77;1141.2666666666667;0.16666598826915013;0.4382550215847872;0;1.0;2;1;0.5
C00211;0;4;869.13;941.6475;0.6999758379068723;0.4621827289695771;0;6.0;24;2;0.2857142857142857
C00212;1;4;3374.22;488.95;0.666654812075087;1.6934774753071549;0;4.5;16;4;0.5
C00213;1;2;2904.39;723.01;0.4000013772255104;1.1976223955004472;1;3.75;13;2;0.5
C00215;1;0;1828.94;0.0;0.8333242205867879;1.222937687642508;0;10.4;23;3;0.6
C00216;0;1;1998.96;1154.91;0.11110777604354263;0.3373117453996271;0;0.0;0;0;0.0
C00217;0;5;1953.96;798.564;0.9166666666666667;0.5103508799423297;0;1.4545454545454546;6;5;0.45454545454545453
C00219;1;0;3376.85;0.0;0.41666049720893733;1.4326533902403842;2;8.8;24;8;0.8
C00220;0;4;956.39;608.5925;0.900009410386976;0.33064134166283493;0;2.0;16;2;0.2222222222222222
C00221;1;2;3413.38;430.615;0.16666471356836918;1.9710467963228162;2;6.333333333333333;15;2;0.6666666666666666
C00222;1;2;1508.35;677.015;0.8333278085325023;0.5773588516746411;0;2.4;8;2;0.4
C00223;1;6;2860.89;1039.4950000000001;0.3333368287490956;1.6762994603526165;0;0.0;0;0;0.0
C00224;1;1;1068.28;2240.45;0.20832553263189424;0.7095942822222813;2;5.0;23;2;0.4
C00225;0;0;1028.0;0.0;0.8999999999999999;0.30984667412147315;0;0.1111111111111111;1;1;0.1111111111111111
C00226;0;1;1778.47;531.44;0.541645346843073;0.5397923350320056;0;0.0;0;0;0.0
C00227;1;4;2927.22;1282.3474999999999;0.9166478775083527;0.8543384992557569;1;3.727272727272727;24;5;0.45454545454545453
C00228;1;0;3316.63;0.0;0.08333157451991931;1.4808631667306646;0;8.5;11;2;1.0
C00229;0;4;1067.74;657.89;0.8333489426264822;0.33490160653907197;1;0.2;1;1;0.2
C00230;1;2;10054.38;1125.865;0.8333333333333334;3.954369542987493;1;13.8;25;5;1.0
C00231;0;1;1916.86;844.71;0.33333681124338765;0.4763379189694247;1;0.375;2;2;0.25
C00232;1;2;1420.56;798.675;0.7222222222222223;0.4937368794227641;0;2.076923076923077;21;5;0.38461538461538464
C00233;0;3;1037.17;834.1366666666667;0.9000260323765631;0.2779141367317081;1;0.4444444444444444;2;3;0.3333333333333333
C00234;1;0;1374.49;0.0;0.7499945434306544;0.430843544195873;0;14.277777777777779;26;17;0.9444444444444444
C00235;0;2;2148.36;956.075;0.8333333333333333;1.4349951907662715;1;4.6;23;1;0.2
C00236;0;5;925.37;636.76;0.9166171369290123;0.5364992492013706;1;2.3636363636363638;25;2;0.18181818181818182
C00237;0;3;1329.34;1052.01;0.2500037612649887;0.3630469573576723;1;0.6666666666666666;2;1;0.3333333333333333
C00238;1;1;3987.94;816.72;0.8333375126004904;0.7854790548898186;1;6.0;19;3;0.6
C00239;0;6;1657.33;1154.0833333333333;0.8333283051655375;0.510813718026562;0;3.4;14;2;0.4
C00240;0;1;1506.23;334.28;0.899982074450781;0.6703830302382923;0;0.2222222222222222;1;2;0.2222222222222222
C00241;0;3;3794.45;1761.24;0.8333355295233829;1.3198224677127066;1;2.8;13;2;0.4
C00242;1;2;1788.94;2043.75;0.25000279495120015;1.049576400459975;0;0.3333333333333333;1;1;0.3333333333333333
C00244;0;2;3460.42;728.8;0.9166719646748083;1.4612704753620005;2;2.8181818181818183;24;4;0.36363636363636365
C00245;1;4;4386.55;1311.355;0.5555618880441349;1.6131173463759054;0;8.6;26;7;0.7
C00246;0;2;3660.68;864.6600000000001;0.4999972682670979;0.9730002711136391;0;6.666666666666667;20;1;0.3333333333333333
C00247;0;4;1731.79;939.355;0.45834656626958237;0.6694408795014921;1;0.6363636363636364;6;2;0.18181818181818182
C00248;0;2;1854.61;464.615;0.4583605178447221;1.0296238723108952;0;5.363636363636363;23;4;0.36363636363636365
C00250;0;2;2578.75;494.91999999999996;0.5555404750363548;0.7349588166557415;0;2.1;18;3;0.3
C00251;0;3;1163.78;1171.5133333333333;0.6110691024076716;0.43741261369615875;1;0.0;0;0;0.0
C00252;0;3;3552.53;484.55999999999995;0.9166537650632084;0.7892634418038379;2;2.4545454545454546;16;4;0.36363636363636365
C00253;0;0;996.85;0.0;0.8333249736670512;0.40784639429174613;1;4.8;22;2;0.4
C00256;1;5;2397.68;653.824;0.916681959227253;1.175293004651801;3;4.363636363636363;25;3;0.2727272727272727
C00257;1;4;2074.41;681.98;0.24998915354245307;0.5009877700065689;0;1.5;9;1;0.16666666666666666
C00258;1;5;1145.32;1057.8020000000001;0.33333915412286524;0.3898298162014976;0;0.0;0;0;0.0
C00259;1;2;3669.23;1764.12;0.833335604472873;1.7986862423098604;2;5.6;23;3;0.6
C00260;1;1;1689.13;230.91;0.8333283998271298;0.8150047767473728;0;7.0;23;3;0.6
C00261;0;2;2670.6;510.195;0.16666666666666669;1.2014684314237125;1;0.0;0;0;0.0
C00262;1;2;3761.76;799.5150000000001;0.5;1.6098876173683807;1;7.166666666666667;23;3;0.5
C00263;0;3;2846.47;1120.2166666666667;0.9000094854328344;0.962347523868769;1;0.3333333333333333;2;2;0.2222222222222222
C00265;1;1;1850.6;266.0;0.6000000000000001;0.5231910526583624;1;8.166666666666666;26;3;0.5
C00266;1;1;768.8;1869.94;0.7;0.5768090932963199;1;9.571428571428571;20;5;0.7142857142857143
C00267;0;3;2293.8;1299.7033333333331;0.8888656378062604;1.4933885427449756;1;4.8125;24;6;0.375
C00268;0;5;1376.95;887.6600000000001;0.9166999527942191;0.2659328944090262;0;3.909090909090909;19;7;0.6363636363636364
C00269;1;0;2844.88;0.0;0.9166537780152414;1.2638462529487289;0;4.818181818181818;22;4;0.36363636363636365
C00270;1;3;1473.07;951.3033333333333;0.8333276762136219;0.9105390035851155;1;13.0;23;3;0.6
C00272;1;3;1192.07;576.93;0.9000226496766129;0.7287515971071727;3;12.777777777777779;26;7;0.7777777777777778
C00273;0;1;1690.15;689.55;0.08332988196313937;0.5660987201945331;1;3.5;7;1;0.5
C00275;1;8;795.4;825.5425;0.4999748554186573;0.10595147864519575;2;5.666666666666667;22;4;0.6666666666666666
C00276;0;2;919.32;3626.165;0.16665578906148024;0.07588385474662047;1;0.0;0;0;0.0
C00277;0;1;1945.67;737.14;0.9000138769678311;0.4539276298905816;1;2.7777777777777777;15;3;0.3333333333333333
C00278;0;2;3517.35;794.48;0.6666837249633958;2.403250932644611;1;4.0625;24;7;0.4375
C00280;0;3;722.03;499.92;0.8333448748666954;0.09354222698982738;0;0.8;2;2;0.4
C00281;0;0;5172.98;0.0;0.20000077324868837;1.0953321687576094;1;8.5;17;1;0.5
C00282;1;1;4557.75;1153.49;0.916660632987768;0.9460603909407362;1;5.818181818181818;23;6;0.5454545454545454
C00283;1;1;2680.46;2952.48;0.8333271154951015;1.2183244550297256;2;15.8;25;4;0.8
C00284;0;1;1510.08;560.34;0.7000092710319983;0.3822522832668435;1;0.0;0;0;0.0
C00285;0;3;1880.65;2392.7966666666666;0.7999787307579825;0.9982059733656047;0;3.875;15;3;0.375
C00286;1;1;1498.99;543.18;0.50000333557929;0.4117222133718599;1;14.0;24;4;0.8
C00287;1;3;4109.02;1261.68;0.8333373894505259;1.7361958524177332;0;6.4;25;4;0.4
C00288;0;4;1831.26;710.485;0.8333333333333333;0.6262816259806705;1;4.8;21;3;0.6
C00290;1;1;2525.63;1159.6;0.2500009898520369;1.2199578796866093;1;0.3333333333333333;1;1;0.3333333333333333
C00291;0;1;1299.8;2240.53;0.25000769349130636;0.2860997937563419;0;0.0;0;0;0.0
C00292;1;1;2849.1;1099.06;0.4999894703590608;0.752382637445633;1;3.2222222222222223;17;5;0.5555555555555556
C00293;1;1;1981.75;1181.15;0.8333291282956983;0.6536028548436037;1;5.4;25;2;0.4
C00294;1;1;907.27;1143.65;0.9000297596084958;0.2788648323005803;1;4.666666666666667;16;4;0.4444444444444444
C00295;1;4;4139.9;550.03;0.666663445976956;1.3293964265988465;1;6.375;25;5;0.625
C00296;0;4;3960.4;628.31;0.9;1.0986919673199895;0;3.888888888888889;26;4;0.4444444444444444
C00297;0;5;2154.25;2475.5420000000004;0.6666635720088198;1.6567712859636845;0;5.5;25;4;0.5
C00298;1;1;2519.02;510.4;0.41666997483148205;0.5672893513044849;1;10.6;16;4;0.8
C00299;0;2;1393.33;941.725;0.6111330409881364;0.5216022461394478;1;2.4545454545454546;21;4;0.36363636363636365
C00300;1;1;2372.09;1672.72;0.6110982298310772;0.9790009781384005;0;10.545454545454545;25;8;0.7272727272727273
C00302;0;4;2668.17;1017.4875;0.16666479272310233;0.3724798485605716;0;0.6666666666666666;2;1;0.3333333333333333
C00304;1;3;1574.17;1041.68;0.33331851070722984;0.9195938801619339;0;1.8333333333333333;7;3;0.5
C00305;0;7;1532.65;1233.6757142857143;0.4999967376765732;0.6508620689655172;1;0.75;6;3;0.25
C00306;1;2;2548.85;1682.745;0.8333366027816467;1.6252622316310328;3;6.4;24;2;0.4
C00307;0;3;2939.11;583.4333333333333;0.8333304980079003;0.6834313059816022;0;3.4;12;4;0.8
C00308;0;4;908.58;404.6675;0.41669418213035725;0.2951621705909871;0;5.6;24;5;0.5
C00310;0;0;1646.61;0.0;0.50000910962523;0.5955168335738387;1;2.0;4;2;0.6666666666666666
C00311;0;1;1209.45;229.66;0.22221671007482738;0.38004814037381063;0;0.25;1;1;0.25
C00312;1;4;2271.41;867.6899999999999;0.08333149893678377;1.7612608071957505;0;8.0;16;1;0.5
C00313;0;0;1916.39;0.0;0.8333637725097709;0.6330778633015097;1;3.1333333333333333;20;6;0.4
C00314;0;2;2852.99;1654.1799999999998;0.2916554211546483;0.5369616484196935;0;0.14285714285714285;1;1;0.14285714285714285
C00315;1;2;1759.1;947.0799999999999;0.9;0.44286286130041713;0;2.5555555555555554;22;2;0.2222222222222222
C00316;1;3;1985.62;445.91333333333336;0.9444254187608908;0.6666420461031243;2;3.3529411764705883;26;7;0.4117647058823529
C00317;1;8;10433.44;881.66625;0.8333349307610913;4.824020602826878;1;14.8;18;5;1.0
C00318;0;4;955.37;530.175;0.50001570072328;0.4187335913428034;0;0.0;0;0;0.0
C00319;0;1;1311.67;449.59;0.9167016093987055;0.5410354030119165;0;2.1818181818181817;13;5;0.45454545454545453
C00320;1;3;915.24;1647.55;0.9166666666666665;0.38869305971987467;0;3.6363636363636362;13;5;0.45454545454545453
C00321;0;4;2643.7;1417.1025;0.41666981881454024;0.9388239221298522;0;1.2;6;1;0.2
C00322;1;3;2068.26;670.3000000000001;0.6250181311827333;0.5799000723382064;2;3.933333333333333;23;8;0.5333333333333333
C00324;1;2;1701.68;1329.125;0.7500176296365944;0.4332443937511457;1;0.3333333333333333;2;2;0.2222222222222222
C00326;1;2;4633.58;395.39500000000004;0.7000030214218812;3.5269607843137254;6;12.285714285714286;19;7;1.0
C00327;1;2;1630.68;360.6;0.49998160276694387;0.7670575617741276;2;5.444444444444445;26;4;0.4444444444444444
C00328;1;4;1938.8;829.81;0.9166855787084794;0.35759935518498775;3;1.4545454545454546;15;2;0.18181818181818182
C00329;1;1;2379.6;344.99;0.5833333333333334;0.5915606401861492;1;0.2857142857142857;2;1;0.14285714285714285
C00330;0;3;3027.4;545.1533333333333;0.16666446455704564;1.0417756366139024;0;0.5;1;1;0.5
C00331;0;2;2488.44;830.74;0.8889103213258105;1.0085026707626465;0;7.75;26;7;0.4375
C00332;0;1;808.22;599.96;0.9166439830739154;0.2339377975888968;2;1.0909090909090908;9;3;0.2727272727272727
C00333;1;1;4300.1;559.51;0.4999976744726866;3.140432493226318;0;14.0;24;3;1.0
C00335;1;3;7124.66;853.89;0.9000050528726986;1.529054494883593;2;1.6666666666666667;12;3;0.3333333333333333
C00336;0;8;1034.43;578.73125;0.8333091654341037;0.16315853395015484;1;0.2;1;1;0.2
C00337;1;3;4410.51;982.4;0.9166604315600689;4.4536210517812425;3;13.181818181818182;23;11;1.0
C00338;0;7;1909.15;804.5871428571429;0.11110703716313543;0.9271949336104826;0;0.0;0;0;0.0
C00339;0;3;1915.6;970.4333333333333;0.9;0.6744642945165448;0;0.2222222222222222;2;1;0.1111111111111111
C00340;0;0;395.58;0.0;0.4999241619899894;0.14732357333591548;0;0.6666666666666666;2;2;0.3333333333333333
C00342;0;1;788.87;470.08;0.8333438969665471;0.2659656244310634;1;0.6;2;2;0.4
C00343;0;7;2994.36;1015.4457142857143;0.9444255199775577;1.0086808889068548;1;0.23529411764705882;2;2;0.11764705882352941
C00344;1;8;5315.94;946.4200000000001;0.8999932279145364;3.5435583967150386;1;10.444444444444445;26;8;0.8888888888888888
C00345;1;1;1082.38;600.25;0.11110700493357231;0.32250356059567725;0;1.5;3;1;0.5
C00346;1;5;2915.81;818.116;0.08333190434218965;0.7363323913927337;0;1.0;2;1;0.5
C00347;0;6;4097.06;460.93833333333333;0.5833304857629616;1.8617414775567334;0;2.4285714285714284;13;3;0.42857142857142855
C00348;0;8;2093.42;924.67125;0.7499928346915573;0.8658474544725099;2;3.0;15;5;0.5555555555555556
C00349;1;8;768.62;993.0925;0.8999765814056361;0.4004918741760847;1;9.333333333333334;21;5;0.5555555555555556
C00350;1;2;2092.88;650.925;0.3749856656855625;1.1225427883351837;0;0.4444444444444444;2;3;0.3333333333333333
C00351;0;4;1492.9;837.2025;0.8333444972871591;0.33724210997133364;0;0.2;1;1;0.2
C00352;0;3;2313.9;1503.2333333333333;0.8333117247936384;0.862369045799962;1;0.0;0;0;0.0
C00354;1;2;2912.56;874.3100000000001;0.12500343340566375;0.9264427557645023;1;8.333333333333334;13;2;0.6666666666666666
C00355;1;2;1181.38;547.655;0.7500126970153549;0.8389053002329149;2;3.6666666666666665;19;3;0.3333333333333333
C00356;0;4;10186.68;2193.6025;0.20833087914806392;2.1081094504712197;2;1.0;4;2;0.4
C00357;0;0;1387.86;0.0;0.66663784531581;0.31301888452091775;0;0.5;2;2;0.25
C00362;1;1;4968.56;391.33;0.8333299789073695;2.0884814399145872;0;10.6;23;5;1.0
C00363;0;2;2848.62;1007.5;0.8999936811508732;0.8417659052628468;1;3.6666666666666665;13;5;0.5555555555555556
C00364;1;2;2001.78;1687.005;0.16667166222062363;0.6016862291287817;0;7.5;10;2;1.0
C00365;1;7;1309.51;1064.952857142857;0.49999618177791694;0.43923095757990455;0;3.2222222222222223;26;3;0.3333333333333333
C00366;0;7;3652.26;865.2457142857141;0.5416755652664378;1.273802755989272;2;4.769230769230769;19;9;0.6923076923076923
C00367;1;2;478.65;585.3299999999999;0.1666771127128382;0.16027873397714942;0;1.0;1;2;1.0
C00368;0;1;2360.26;845.15;0.9166744341725064;0.32786489009401465;1;0.6363636363636364;5;2;0.18181818181818182
C00371;0;4;887.59;617.0875000000001;0.8333239446140673;0.5221609092620483;1;1.8;8;2;0.4
C00372;1;4;1357.76;704.2574999999999;0.7222115837850579;0.5530680744289113;1;2.6153846153846154;26;3;0.23076923076923078
C00373;1;1;2923.69;1279.75;0.7083309105958566;1.7226854115969525;1;2.8823529411764706;24;4;0.23529411764705882
C00375;0;2;3568.25;508.625;0.6666797449730261;2.4306383384535737;3;0.1875;2;2;0.125
C00376;0;2;1424.04;729.115;0.6666385775680458;0.4342882934535318;0;1.75;16;4;0.3333333333333333
C00377;0;1;1756.83;2346.92;0.3333276412629566;1.1588664832881483;1;8.5;12;2;1.0
C00378;0;3;3825.17;624.0633333333334;0.8333355118857462;1.055041772281078;2;1.6666666666666667;18;7;0.4666666666666667
C00379;1;0;4642.46;0.0;0.12500269253800786;4.039942913831212;0;7.0;21;1;0.3333333333333333
C00380;0;4;1184.75;1103.4375;0.7777843426883307;0.5484268170182431;3;3.7857142857142856;24;7;0.5
C00381;1;8;4162.81;980.855;0.8999978379988516;2.391114046928401;4;11.777777777777779;24;9;1.0
C00382;0;2;1179.65;648.8;0.9166278133344635;0.7243916068456896;1;2.090909090909091;12;4;0.36363636363636365
C00383;0;1;1603.48;2022.68;0.24999376356424777;0.8658052602307763;3;3.5;16;2;0.3333333333333333
C00384;1;5;3731.74;483.12000000000006;0.5000026797150927;1.083217950392592;1;5.166666666666667;14;5;0.8333333333333334
C00385;1;4;4488.17;1318.685;0.900006015814909;2.3440223948024004;3;5.222222222222222;15;4;0.4444444444444444
C00386;0;1;4282.31;1201.97;0.2777823184215995;1.0868062340905573;0;2.6;13;1;0.2
C00387;0;2;1443.32;714.13;0.2500069284704709;0.3399758795484953;1;6.0;18;1;0.3333333333333333
C00388;0;1;1404.49;402.43;0.49999643998889276;0.617838934027793;0;6.0;17;2;0.6666666666666666
C00389;0;6;4821.71;782.315;0.7500015554647624;1.0902432957988513;3;4.111111111111111;19;3;0.3333333333333333
C00390;1;2;2452.38;2070.59;0.916644239473491;2.7248666666666668;0;0.09090909090909091;1;1;0.09090909090909091
C00391;0;1;3057.79;791.9;0.8333469597323556;1.608118981630002;1;4.733333333333333;26;7;0.4666666666666667
C00392;0;1;4980.37;5350.56;0.900005421283961;2.6393757121280372;1;3.0;25;2;0.2222222222222222
C00393;1;7;511.59;1064.952857142857;0.3333137864305401;0.182508651136242;1;8.75;15;3;0.75
C00394;0;1;2486.55;525.4;0.916655607166556;1.1199313596994962;3;5.545454545454546;22;4;0.36363636363636365
C00395;0;1;386.16;653.84;0.9442977004350527;0.08312685800883879;4;3.0;26;3;0.17647058823529413
C00396;0;3;949.9;464.97666666666663;0.5;0.4421862125789618;0;1.4;6;2;0.4
C00397;1;3;2640.85;649.9166666666666;0.6666641422269345;1.178098874920816;1;11.75;26;6;0.75
C00398;1;0;2011.98;0.0;0.6000059642739987;1.139299425814562;2;11.0;22;4;0.6666666666666666
C00399;0;0;1715.1;0.0;0.8333333333333334;0.38479314367764517;2;0.6;2;2;0.4
C00400;1;4;6440.36;1066.155;0.6666645963890219;3.1540861252454806;5;13.0;26;4;1.0
C00401;1;0;2656.69;0.0;0.8333301965980222;1.052834106769915;1;9.2;23;8;0.8
C00402;0;3;2955.58;756.9899999999999;0.9444508353690306;0.9155277733034308;1;3.1176470588235294;19;4;0.23529411764705882
C00403;0;1;4184.2;1656.19;0.9166579035418958;1.476653126621188;2;2.090909090909091;17;5;0.45454545454545453
C00404;0;3;1551.45;494.4866666666667;0.777762738083728;0.599960555624304;0;3.2857142857142856;22;5;0.35714285714285715
C00405;0;4;1224.44;1337.9675;0.5000163339975826;0.39745641398517867;1;0.8333333333333334;2;3;0.5
C00407;0;4;2005.91;741.23;0.7777816552088577;0.40283766279408373;1;0.5714285714285714;8;1;0.07142857142857142
C00408;0;1;2785.11;483.26;0.9166567927299102;0.9791004584188768;1;0.36363636363636365;2;3;0.2727272727272727
C00409;1;1;4030.32;534.19;0.9166666666666666;1.078658180825496;4;6.363636363636363;16;7;0.6363636363636364
C00410;0;2;2102.09;826.595;0.8000038057361959;0.9344574199943988;0;0.875;3;3;0.375
C00411;1;3;11331.87;1226.04;0.8333355395005413;4.564425110265241;2;17.0;26;5;1.0
C00412;0;1;1286.66;610.56;0.9166524178881755;0.5718844728116416;0;1.9090909090909092;13;4;0.36363636363636365
C00413;0;2;998.73;1589.335;0.8999729656663964;0.22885655362053162;2;0.4444444444444444;2;3;0.3333333333333333
C00414;1;4;2018.45;1056.8375;0.4999876142584656;0.6660034513592614;1;4.333333333333333;23;3;0.5
C00415;1;2;8279.44;830.74;0.8333353463519272;3.6329426631972943;1;12.8;22;5;1.0
C00416;1;1;1116.61;371.72;0.9443852374598115;0.6066356632946877;1;7.235294117647059;19;11;0.6470588235294118
C00417;0;4;2229.23;404.6675;0.6999905797068943;1.3509993575991177;0;0.42857142857142855;2;2;0.2857142857142857
C00418;0;2;4464.51;1042.03;0.8999979841012786;1.518303258673813;3;0.6666666666666666;4;2;0.2222222222222222
C00420;1;0;5870.93;0.0;0.6666609889744896;2.9891349174426836;0;5.916666666666667;21;4;0.3333333333333333
C00421;0;6;1511.14;1460.0833333333333;0.7777571899360747;0.5926015976407936;0;6.785714285714286;25;6;0.42857142857142855
C00422;0;0;2120.96;0.0;0.8333254752564876;0.8130208453122965;1;0.4;2;1;0.2
C00423;0;0;1048.47;0.0;0.8333094890650186;0.24825964653065866;2;0.6;2;2;0.4
C00424;1;2;3501.09;1001.87;0.41667023698333944;1.8793056248892896;0;9.4;21;3;0.6
C00425;0;2;588.57;706.655;0.8333758091645853;0.28026742475107497;1;0.6;2;2;0.4
C00427;1;6;2567.92;905.0733333333333;0.5999953269572261;1.6583488324033893;1;8.5;26;3;0.5
C00428;0;1;1456.48;316.84;0.6666483576842799;0.5721334014220057;1;3.0;18;3;0.375
C00429;1;2;4538.66;798.675;0.30000264395217974;1.6288031580836173;0;11.666666666666666;16;3;1.0
C00430;1;0;2818.37;0.0;0.8333362901251433;1.132580522011694;0;6.0;17;2;0.4
C00431;0;2;1127.92;455.875;0.9166341584509538;0.23763994994037513;0;1.4545454545454546;13;3;0.2727272727272727
C00432;0;7;3184.75;1233.6757142857143;0.3333322866787032;1.0133511943209697;0;0.8333333333333334;2;3;0.5
C00433;0;2;2421.48;1042.395;0.9000074334704395;0.6682027776934604;0;1.3333333333333333;10;2;0.2222222222222222
C00435;0;2;1137.7;1965.54;0.9166827810494859;0.41566346494609197;1;4.181818181818182;23;5;0.45454545454545453
C00436;1;4;1439.53;470.51500000000004;0.833327544406855;0.8393173655487663;0;0.4;2;1;0.2
C00437;0;1;831.14;836.42;0.5416536323603726;0.497548594108245;0;6.230769230769231;26;7;0.5384615384615384
C00438;0;2;1604.13;450.765;0.9166838099156551;0.4604223832102961;3;2.8181818181818183;20;6;0.5454545454545454
C00439;1;5;1866.51;580.6099999999999;0.9166519332872579;0.6149687163317551;0;2.909090909090909;19;6;0.5454545454545454
C00440;0;5;4412.55;1093.17;0.9000101981847232;1.1830876024548957;2;0.2222222222222222;2;1;0.1111111111111111
C00441;1;1;3797.5;842.25;0.9166714944042132;2.489070375638244;0;11.272727272727273;26;10;0.9090909090909091
C00442;1;3;1630.62;671.0466666666666;0.2499908010450013;0.5840664221445354;2;0.0;0;0;0.0
C00443;1;4;2062.4;619.5825;0.5000096974398759;1.2778665873576465;2;4.0;17;2;0.3333333333333333
C00444;0;0;1368.96;0.0;0.08333333333333333;0.24662524298430666;1;1.0;2;1;0.5
C00445;0;3;2029.16;1341.1466666666668;0.4166748802460131;0.4729734139507997;1;5.3;26;5;0.5
C00446;1;2;4954.68;571.55;0.9166666666666666;1.523391956708892;2;6.363636363636363;25;8;0.7272727272727273
C00447;0;2;1067.48;929.9;0.4444111365084123;0.24887682755951593;0;0.875;7;1;0.125
C00448;0;2;1682.83;1161.8899999999999;0.5999893037324032;0.40137526057443246;1;0.5;2;2;0.3333333333333333
C00449;0;2;1758.97;560.585;0.38888667799905624;0.47161039330135585;0;1.7142857142857142;7;4;0.5714285714285714
C00451;1;1;1928.4;347.67;0.8333333333333333;0.45335822211355586;0;10.2;24;4;0.8
C00452;0;0;1775.03;0.0;0.9166718308986327;0.9565336882776756;1;0.2727272727272727;2;2;0.18181818181818182
C00453;0;2;1393.52;508.625;0.833321373213158;0.35967375593640305;0;0.0;0;0;0.0
C00454;1;3;1522.42;538.38;0.9166787088976761;0.7256253336383742;2;0.8181818181818182;5;3;0.2727272727272727
C00455;1;3;544.75;918.7533333333332;0.416704910509408;0.17272485145187166;1;2.5;14;2;0.2
C00456;1;2;1616.39;395.39500000000004;0.44444719405588995;0.4296064574258005;0;3.625;22;5;0.625
C00457;1;3;2978.09;2392.7966666666666;0.7499874080366945;1.4639600446351764;4;9.0;26;9;1.0
C00461;1;0;1963.38;0.0;0.25000763988631847;0.4737051629418564;1;12.333333333333334;21;2;0.6666666666666666
C00463;1;4;646.86;2193.6025;0.9165816405404569;0.21786620052743788;1;4.636363636363637;25;4;0.36363636363636365
C00464;0;0;1003.26;0.0;0.9000358830213504;0.3304208068346117;0;1.5555555555555556;13;2;0.2222222222222222
C00465;1;1;663.05;2017.85;0.9165975416635247;0.18033049939350423;0;8.272727272727273;24;8;0.7272727272727273
C00466;0;2;1571.78;2014.74;0.9166550026085075;0.3702958540848973;1;3.727272727272727;25;4;0.36363636363636365
C00467;1;0;2396.27;0.0;0.666669448768294;2.262916340079136;5;17.25;21;4;1.0
C00468;0;3;1306.9;1647.55;0.9166806947738924;0.46197189073016237;1;0.2727272727272727;2;2;0.18181818181818182
C00469;0;3;513.09;892.2033333333334;0.9167202635015298;0.2691986841483953;2;2.5454545454545454;25;3;0.2727272727272727
C00470;1;1;1439.03;645.25;0.9166730366983317;0.30308640415171273;0;2.6363636363636362;18;3;0.2727272727272727
C00471;0;0;4138.38;0.0;0.41666062565544976;2.0122239402514808;1;18.2;25;5;1.0
C00472;0;0;1628.62;0.0;0.8999889476980513;0.5347978852658194;1;0.3333333333333333;2;2;0.2222222222222222
C00473;0;0;1040.24;0.0;0.2777724371298931;0.5372779720370017;0;0.8;4;1;0.2
C00474;1;3;3389.37;748.2233333333334;0.30000265536073073;1.1553580741816396;0;0.0;0;0;0.0
C00475;0;0;2590.67;0.0;0.9000104220143824;0.712797598575874;0;6.0;23;6;0.6666666666666666
C00476;1;1;1506.83;2498.2;0.1999960181307779;0.7062879373784247;1;3.5;7;1;0.5
C00477;1;0;2609.16;0.0;0.9000137975440373;0.7499245522716232;0;13.666666666666666;19;9;1.0
C00479;1;0;3321.35;0.0;0.6111129510590574;1.1980096595356353;0;11.0;24;8;0.7272727272727273
C00480;0;2;2878.65;856.605;0.9444739721744567;0.7532164079323671;2;3.411764705882353;24;7;0.4117647058823529
C00481;1;2;803.72;852.0550000000001;0.6666500771412929;0.5081432400991351;2;8.416666666666666;23;7;0.5833333333333334
C00482;0;6;906.97;1150.685;0.1666758547691765;0.46421296154121755;0;0.6666666666666666;2;1;0.3333333333333333
C00483;1;1;1693.82;1159.62;0.666658794913273;0.47423488600634434;2;15.375;25;8;1.0
C00484;0;3;764.08;1769.2766666666666;0.8333551460580043;0.40611878262163686;1;3.4;8;3;0.6
C00485;0;1;3217.79;799.2;0.3333405846870057;0.8047231176678011;2;1.0;6;1;0.16666666666666666
C00486;0;3;1849.57;883.5833333333334;0.33333153111263697;0.4493512046626774;0;0.0;0;0;0.0
C00488;0;0;3672.06;0.0;0.16666394339961765;0.8753608539873323;1;2.6666666666666665;8;1;0.3333333333333333
C00489;1;2;2322.6;925.75;0.1;1.2509897070467142;1;18.0;18;1;1.0
C00490;0;7;752.58;917.88;0.8333333333333334;0.22918589034963502;0;0.2;1;1;0.2
C00491;0;1;1168.42;615.5;0.8333475976104483;0.2727754496959227;0;3.2;12;3;0.6
C00492;0;2;3746.35;430.5;0.833344455269796;1.3269753561972566;1;4.7;15;6;0.6
C00493;1;0;3572.64;0.0;0.33333333333333337;1.3831894382283478;1;0.5;2;1;0.25
C00494;1;1;2360.21;2463.5;0.9166472474906894;1.7548812586435083;2;5.909090909090909;21;4;0.36363636363636365
C00495;0;2;1726.13;1107.2350000000001;0.33333526443547123;0.663322125084062;1;1.0;2;1;0.5
C00496;0;1;3003.59;898.4;0.1250004161686515;0.8608297651597224;0;3.6666666666666665;10;2;0.6666666666666666
C00497;0;3;4503.49;511.5833333333333;0.24999944487497477;1.3925835907616477;0;2.3333333333333335;5;2;0.6666666666666666
C00498;1;2;2375.32;352.26;0.8333403499317985;1.3048986161697733;2;13.8;20;5;1.0
C00499;1;2;2562.29;1946.38;0.12499756077571236;0.9992512313734054;1;0.3333333333333333;1;1;0.3333333333333333
C00500;0;3;1360.27;670.12;0.6666911716056371;0.4697308216931126;0;0.4375;2;5;0.3125
C00501;1;10;3102.57;842.7620000000001;0.8000077355224862;1.2234736007760652;1;2.75;19;3;0.375
C00502;1;8;1040.5;722.0912500000001;0.8333493512734261;0.2681092947991177;1;1.0;3;2;0.4
C00503;1;3;1859.5;698.6066666666666;0.9166765259478356;1.0213217039787332;0;4.363636363636363;20;5;0.45454545454545453
C00504;0;1;1525.15;762.52;0.25000819591515583;0.531153901072303;0;2.6666666666666665;8;1;0.3333333333333333
C00505;1;3;1521.5;724.6566666666668;0.9166546171541242;0.31103579109188584;2;0.18181818181818182;2;1;0.09090909090909091
C00506;1;2;2085.36;728.075;0.8333333333333333;0.5250230366017614;2;8.4;24;4;0.8
C00507;1;2;762.6;640.745;0.8333333333333333;0.7140248869413781;2;11.8;20;4;0.8
C00509;0;1;679.07;863.52;0.7500110445167656;0.3617963280658945;1;0.5555555555555556;2;3;0.3333333333333333
C00512;1;6;4480.12;828.4683333333334;0.8999959822504755;1.3429535794149914;0;2.888888888888889;16;3;0.3333333333333333
C00513;0;4;2005.73;941.6475;0.9166438154686822;0.8453721655567732;0;1.7272727272727273;13;5;0.45454545454545453
C00514;0;1;873.12;364.41;0.6666666666666667;0.3902159971039494;1;0.375;2;2;0.25
C00515;1;3;3156.1;595.1366666666667;0.9166724755235892;1.3947640554706073;2;5.909090909090909;20;5;0.45454545454545453
C00516;1;3;2273.68;426.8233333333333;0.7778051440836002;1.545480498647344;0;7.785714285714286;22;8;0.5714285714285714
C00517;1;1;828.64;375.54;0.33336551457810387;0.18300312941004987;0;8.75;21;7;0.875
C00518;1;8;2049.21;1063.15625;0.38887180913620367;0.4310831932649365;1;5.142857142857143;24;3;0.42857142857142855
C00519;1;5;1923.89;880.908;0.5000025989011845;0.9088156378134271;0;8.2;21;2;0.4
C00520;0;4;2364.87;532.9975;0.3333291047710868;0.6827780344150595;0;0.3333333333333333;2;1;0.16666666666666666
C00521;1;0;1137.03;0.0;0.3333245384906291;0.3856783791759522;1;4.75;17;3;0.75
C00522;1;8;4869.43;714.8612499999999;0.8888761107562896;1.886228147987465;4;16.9375;26;15;0.9375
C00523;0;3;3279.56;671.0466666666666;0.41667174864920903;1.1882592926734712;0;0.2;1;1;0.2
C00524;0;5;1035.14;411.262;0.8999652220955618;0.22763087004804894;1;2.4444444444444446;20;3;0.3333333333333333
C00525;0;0;1064.78;0.0;0.11110276301207761;0.6430374548572947;0;0.5;1;1;0.5
C00526;0;2;737.66;740.305;0.5000677819049427;0.2681795377042267;2;0.3333333333333333;2;3;0.25
C00529;0;4;1376.37;1122.4775;0.44441538249162654;0.5164285955492519;0;2.375;18;2;0.25
C00530;0;3;1838.75;674.3833333333333;0.9000244731475188;0.9477262301757062;1;0.2222222222222222;2;1;0.1111111111111111
C00531;1;0;3003.46;0.0;0.9166727707377491;1.7249467318328269;1;3.5454545454545454;16;7;0.6363636363636364
C00532;0;4;2370.35;743.385;0.9166705338874006;0.9975926635158054;1;6.545454545454546;26;4;0.36363636363636365
C00533;1;2;6292.1;400.79;0.9166637529600611;1.7166202870082392;3;1.9090909090909092;15;4;0.36363636363636365
C00534;1;2;5255.08;742.0799999999999;0.9444480388500269;1.3822319484044736;4;3.588235294117647;19;8;0.47058823529411764
C00535;1;1;1117.12;1971.71;0.6666427957605272;0.5424545251483456;1;8.375;18;6;0.75
C00537;1;0;4171.84;0.0;0.9166578775791976;1.2681559660636716;1;3.4545454545454546;17;6;0.5454545454545454
C00538;1;2;3542.22;509.27500000000003;0.9166511396807653;0.5404899812625501;2;5.181818181818182;19;5;0.45454545454545453
C00539;1;4;2227.12;614.9725;0.8333408168396854;0.7222115930279691;1;4.4;21;2;0.4
C00540;0;0;2254.17;0.0;0.9000119778011418;1.002512763951399;0;2.0;10;3;0.3333333333333333
C00541;0;0;4571.65;0.0;0.8888869445386239;0.8948543890761467;0;2.5625;21;6;0.375
C00542;1;0;1739.07;0.0;0.9166508536171631;0.6866249733494421;2;3.1818181818181817;21;4;0.36363636363636365
C00543;1;3;968.91;684.9333333333334;0.8999907112115677;0.29828952472431053;1;3.4444444444444446;25;2;0.2222222222222222
C00544;1;2;3251.03;3626.165;0.08333358966235316;0.964548496967827;1;13.0;18;2;1.0
C00548;1;2;2562.91;1331.545;0.9166845499841978;0.5516522165876001;0;1.0;5;4;0.36363636363636365
C00549;0;0;873.88;0.0;0.9000205977937474;0.2398713190891324;1;7.111111111111111;23;5;0.5555555555555556
C00550;1;0;994.4;0.0;0.11110217216411908;0.27054528042138026;0;0.0;0;0;0.0
C00551;1;5;380.0;1268.108;0.12497368421052632;0.07252960353028302;1;9.333333333333334;24;3;1.0
C00553;1;0;1959.26;0.0;0.8333248267202924;1.7233505440280061;0;11.2;16;5;1.0
C00554;0;4;4019.37;617.2925;0.9000067174706484;0.6719051161391162;0;0.4444444444444444;2;2;0.2222222222222222
C00555;1;1;1974.2;592.6;0.12500253267146186;1.399090045781186;1;18.0;25;3;1.0
C00556;0;7;2554.29;953.1828571428571;0.16666862415778946;1.4245185685046484;0;0.0;0;0;0.0
C00557;1;0;1373.56;0.0;0.9166399720434492;0.3386564297531257;2;1.9090909090909092;11;6;0.5454545454545454
C00558;1;2;2798.07;325.09499999999997;0.5000053608380062;1.847423047973696;1;5.6;19;2;0.4
C00559;0;5;1408.44;478.78999999999996;0.8333333333333334;0.48791843776306626;1;2.4;12;1;0.2
C00560;0;2;2262.63;422.295;0.666657827395553;0.49546931660914806;0;0.0;0;0;0.0
C00561;0;3;3276.17;2007.6333333333332;0.9444473272143997;0.7766343796966637;1;2.4705882352941178;20;9;0.5294117647058824
C00562;0;1;3463.82;495.59;0.20833934788759234;1.2509642748797365;4;8.4;18;3;0.6
C00563;1;4;5697.86;1103.4375;0.12499956123878088;1.9759673738894012;2;0.6666666666666666;2;1;0.3333333333333333
C00564;1;1;2796.45;752.98;0.33333690929571425;1.1653040304030402;1;3.375;22;3;0.375
C00565;1;1;1105.12;233.87;0.8999837121760534;0.5670655364216662;1;0.2222222222222222;2;1;0.1111111111111111
C00566;1;0;923.37;0.0;0.8333604080704377;0.21071981159202008;1;12.4;23;5;1.0
C00568;1;4;2251.2;570.83;0.9166666666666667;1.0259495228459707;4;11.454545454545455;26;9;0.8181818181818182
C00569;0;1;638.52;1228.38;0.7498590490509304;0.4058424223934101;0;3.7777777777777777;24;9;0.5
C00570;1;1;4336.09;1068.05;0.6111012455922271;1.2628591399571871;1;1.9090909090909092;12;4;0.36363636363636365
C00571;1;5;4704.57;1007.0319999999999;0.499990434832514;3.0170264342606488;2;7.166666666666667;26;8;0.6666666666666666
C00572;1;2;3514.54;775.6700000000001;0.41666903776881187;0.7941799216788653;0;8.2;25;3;0.6
C00574;0;3;1061.66;976.3166666666666;0.6666541077181017;0.19198191681735988;1;0.0;0;0;0.0
C00575;0;0;3365.35;0.0;0.20000297145913504;0.8457480762174742;0;0.0;0;0;0.0
C00577;1;0;2951.25;0.0;0.9444540448962304;1.1202655613000205;0;7.294117647058823;24;10;0.5882352941176471
C00579;0;0;709.81;0.0;0.9166537524126175;0.3164372996660915;2;1.0909090909090908;5;5;0.45454545454545453
C00580;0;2;3969.34;938.325;0.8333375321841917;0.9366533027828184;1;2.6;11;2;0.4
C00581;1;3;1807.91;889.2233333333334;0.9166717369780575;0.996055248557907;0;0.9090909090909091;5;4;0.36363636363636365
C00582;0;8;8680.22;825.5425;0.9166645545850222;1.2118134859695657;1;4.2727272727272725;20;3;0.2727272727272727
C00583;0;2;3984.87;1393.54;0.20000150569529246;0.8521944991563319;1;12.5;23;2;1.0
C00584;0;6;4923.96;1117.6316666666667;0.4166666666666667;1.377952028745813;3;0.6;2;2;0.4
C00585;1;0;2969.03;0.0;0.555568653735395;1.8714221782402887;1;5.9;25;7;0.7
C00586;1;2;5024.27;1654.1799999999998;0.9166684911439871;1.5845333383793467;0;9.909090909090908;24;6;0.5454545454545454
C00587;0;0;1419.4;0.0;0.6;0.4979250200832798;1;5.0;22;2;0.3333333333333333
C00588;0;7;1071.74;845.9857142857143;0.6110997070184933;0.3349616669635797;0;0.18181818181818182;1;2;0.18181818181818182
C00589;1;2;1016.16;327.135;0.500019681939852;0.40588115466190544;2;13.8;22;4;0.8
C00590;1;6;5000.78;875.0433333333332;0.9000035994384877;3.443114844395483;0;16.77777777777778;26;8;0.8888888888888888
C00591;0;6;2787.85;673.72;0.8999838585289738;0.8604342525578308;3;5.0;25;5;0.5555555555555556
C00592;0;4;3352.28;1934.7325;0.9444557137231973;0.5972073269365752;0;1.0;12;5;0.29411764705882354
C00593;1;2;1841.67;505.735;0.7499877828275424;0.6714121138324013;2;2.0;17;2;0.2222222222222222
C00595;1;2;1906.45;885.81;0.8999763959191165;0.6492805449127288;1;4.777777777777778;22;5;0.5555555555555556
C00597;0;4;1853.79;1490.38;0.4999919084685967;0.43623823094065406;0;0.6666666666666666;1;2;0.6666666666666666
C00598;0;7;2511.21;953.1828571428571;0.6666746309547987;0.7121151539384246;0;4.0;16;1;0.25
C00599;0;4;1175.21;1390.4025000000001;0.9166276665447026;0.27737758623131287;1;0.18181818181818182;2;1;0.09090909090909091
C00600;1;2;2879.78;401.515;0.33333101834167883;1.0719249595205746;1;1.375;7;4;0.5
C00601;1;5;3373.15;994.208;0.9000133406459837;1.3991654326518255;1;2.0;9;3;0.3333333333333333
C00602;0;5;1946.51;540.5440000000001;0.9444492964331034;0.8402552048934415;0;0.29411764705882354;2;3;0.17647058823529413
C00603;1;0;2596.07;0.0;0.777798749648507;1.1092657081205803;1;11.5;23;10;0.7142857142857143
C00604;0;4;1957.81;498.7925;0.2083450385890357;0.6073723168942208;0;0.0;0;0;0.0
C00605;1;2;1944.93;1623.105;0.33333847490655194;1.0728517370342996;4;12.0;23;3;0.75
C00606;1;5;2706.06;1027.156;0.8333518103811445;0.7516854213483927;0;2.533333333333333;12;8;0.5333333333333333
C00607;1;3;1645.82;695.3533333333334;0.8999890632025374;0.485130566273548;0;0.5555555555555556;2;3;0.3333333333333333
C00608;1;1;2041.74;490.93;0.6666666666666667;0.7547826858454679;1;0.25;1;1;0.25
C00609;0;3;1712.58;679.7933333333334;0.5833537703348165;0.45948164842240824;2;9.0;25;8;0.5714285714285714
C00610;0;5;2666.82;1027.156;0.7999940003449801;0.8912483331829438;0;0.875;6;2;0.25
C00611;0;5;1947.18;1139.482;0.5000051356320422;0.6496576850702647;2;4.8;24;1;0.2
C00613;0;7;3601.8;1172.9142857142856;0.8333333333333333;1.3518037561363738;1;9.2;26;6;0.6
C00614;1;3;380.0;1201.59;0.9;0.2086994727592267;0;0.8888888888888888;5;3;0.3333333333333333
C00616;1;2;1498.98;788.2;0.8889244686386742;0.9130323555209044;3;8.1875;26;11;0.6875
C00617;0;1;2159.38;931.25;0.22223045503802016;0.9793639563150829;1;0.0;0;0;0.0
C00618;0;6;2017.13;648.7800000000001;0.9166439446143778;0.8214708960663976;2;4.181818181818182;16;4;0.36363636363636365
C00619;1;3;9619.97;468.00666666666666;0.833334199586901;4.274459359184561;2;15.4;21;5;1.0
C00620;0;1;1850.14;1556.59;0.9166765758266942;0.6610995576327996;2;7.363636363636363;26;5;0.45454545454545453
C00621;0;2;1801.91;719.68;0.08333379580556187;0.5022871653923026;0;5.0;10;1;0.5
C00622;1;2;1045.72;2638.395;0.6666794170523658;0.3911105126939246;0;0.5;2;1;0.25
C00623;0;2;1370.12;783.28;0.9166934283128486;0.46384524498701685;0;0.2727272727272727;1;3;0.2727272727272727
C00625;0;6;4938.22;460.93833333333333;0.8333367083686024;1.5317629688449943;0;10.7;25;8;0.8
C00626;0;7;1632.76;887.3514285714285;0.7777873049315269;0.4439695021807464;0;3.857142857142857;26;7;0.5
C00627;0;0;1520.73;0.0;0.666627211931112;0.9479264712299053;2;10.6875;25;11;0.6875
C00628;0;1;1230.39;363.02;0.7778346703077885;0.2864409699588401;3;2.5714285714285716;17;5;0.35714285714285715
C00629;1;1;2835.57;505.88;0.16666842998056827;0.7187282967408992;0;0.5;1;1;0.5
C00630;0;4;2554.48;1062.6125;0.400003131752842;0.47096738509190805;0;1.25;5;1;0.25
C00632;0;2;3772.64;670.2900000000001;0.45832361423300394;1.5446572605409477;0;5.181818181818182;24;6;0.5454545454545454
C00633;0;0;422.52;0.0;0.8333333333333334;0.15077561012164964;0;7.8;22;2;0.4
C00634;0;3;1517.5;282.5733333333333;0.9444942339373971;0.48638132295719844;0;0.23529411764705882;2;2;0.11764705882352941
C00636;1;3;1020.48;1188.3433333333332;0.5555228911884603;0.4435172629602587;1;4.0;23;5;0.5
C00637;1;1;4743.14;947.71;0.6666638555893353;5.270155555555556;0;15.0;21;4;1.0
C00638;0;2;1435.68;1331.545;0.5555555555555556;0.40890564876973423;0;0.9;6;3;0.3
C00639;1;3;2543.93;1193.4733333333334;0.8333366091048102;1.4664871938249042;1;7.0;18;3;0.6
C00640;0;1;2551.61;1705.5;0.08333561947162771;1.2975849636142656;0;0.0;0;0;0.0
C00641;0;4;3585.2;781.27;0.5833203168581947;1.5689260567232497;1;3.4285714285714284;19;7;0.5
C00642;0;3;1500.87;585.77;0.08333833043501436;0.6711998568936989;0;10.0;20;1;0.5
C00643;0;4;1529.23;1130.2625;0.899982344055505;0.5744644084732965;1;0.2222222222222222;2;1;0.1111111111111111
C00644;1;0;1632.11;0.0;0.8999944856657947;0.5233134538925227;0;1.8888888888888888;15;2;0.2222222222222222
C00645;0;5;2744.87;1453.334;0.6000065576876137;0.8260465256252069;0;0.3333333333333333;2;1;0.16666666666666666
C00646;0;0;1232.52;0.0;0.41670723395969234;0.7244322189307378;3;4.5;22;4;0.4
C00647;0;2;1635.72;825.005;0.8333333333333333;0.8027482639314897;0;5.2;23;3;0.6
C00648;1;3;1916.49;890.19;0.4444374872814364;0.6299663731300601;1;3.75;16;5;0.625
C00649;0;8;2571.98;924.67125;0.6000046656661404;1.3214850895040795;0;4.166666666666667;20;3;0.5
C00650;0;1;1890.68;647.22;0.9166860600418897;0.3771433586799544;0;0.18181818181818182;1;2;0.18181818181818182
C00651;0;3;3172.53;354.9266666666667;0.9166753348274089;0.8686865091317325;0;0.36363636363636365;2;2;0.18181818181818182
C00652;0;2;2808.37;703.865;0.41666518300651273;1.0883594213232985;1;8.4;24;3;0.6
C00653;1;2;2894.55;664.13;0.9166571660534452;3.1556827473426003;2;11.090909090909092;20;9;0.8181818181818182
C00655;1;4;415.9;652.2249999999999;0.7500360663621062;0.15552372868046024;0;4.777777777777778;22;4;0.4444444444444444
C00656;0;2;2661.62;1222.54;0.16666917140688756;1.1518923246705473;1;0.0;0;0;0.0
C00657;1;1;5709.06;1292.9;0.8333333333333333;1.8997713909215244;0;15.2;23;5;1.0
C00658;0;7;749.08;814.7785714285714;0.6666310674427297;0.3214714869365194;0;1.875;11;4;0.5
C00659;1;0;1233.8;0.0;0.58335224509645;0.44807449265677884;2;5.285714285714286;17;5;0.7142857142857143
C00660;1;2;3206.71;1317.1000000000001;0.666664587692682;1.4496487437049628;0;10.25;20;3;0.75
C00661;1;2;2037.11;577.475;0.8999955819764275;0.8226526186562855;0;5.666666666666667;23;4;0.4444444444444444
C00662;0;2;863.37;1921.865;0.9000312728030857;0.21916838016906556;0;2.4444444444444446;20;2;0.2222222222222222
C00663;0;1;1020.32;389.47;0.8999823584757722;0.301383863297346;0;0.0;0;0;0.0
C00664;0;0;1815.5;0.0;0.8333241531258606;0.9810808912137735;1;5.2;24;2;0.4
C00665;0;1;1362.77;1091.64;0.37498624125861296;0.4145534964652057;1;0.3333333333333333;2;2;0.2222222222222222
C00666;1;4;1426.19;858.2375;0.9000063105196362;0.6002533691361038;4;1.3333333333333333;8;4;0.4444444444444444
C00667;0;2;3456.27;2370.31;0.6000052079264641;0.994458399150633;0;0.8333333333333334;5;1;0.16666666666666666
C00668;1;3;2232.06;1201.59;0.7916453858767237;0.5858440573334839;0;5.315789473684211;20;8;0.42105263157894735
C00669;0;4;5539.26;937.2375;0.8333243068568725;0.9497621848134342;0;2.8;12;5;0.5
C00670;0;7;1161.02;828.5971428571429;0.37503229918519926;0.4738567026508581;1;4.444444444444445;23;4;0.4444444444444444
C00671;1;1;3437.27;959.11;0.9166693335117696;1.6887276336087882;0;2.6363636363636362;24;4;0.36363636363636365
C00672;1;0;1273.73;0.0;0.6666404968085858;0.22070338558678135;3;8.375;26;8;0.5
C00673;0;4;3723.33;695.1925;0.16666800955059047;1.063608005347563;0;0.0;0;0;0.0
C00675;1;2;3660.69;557.5550000000001;0.5833381138528528;2.0271060486081502;1;8.0;16;6;0.8571428571428571
C00676;1;0;2197.78;0.0;0.5833386417202813;1.0149908558550238;1;10.285714285714286;25;5;0.7142857142857143
C00677;0;1;1929.24;1459.6;0.25000000000000006;0.4509740669574609;1;0.6666666666666666;2;1;0.3333333333333333
C00678;0;3;1285.11;1325.7966666666666;0.7500525246866028;0.34226064446024657;0;1.5555555555555556;15;4;0.2222222222222222
C00679;1;2;1423.85;274.795;0.9166344769463076;0.6478848245202917;1;2.0;17;3;0.2727272727272727
C00680;0;3;1029.06;763.1266666666667;0.5000291528190777;0.5180997069810998;0;0.25;2;2;0.16666666666666666
C00681;0;2;1465.01;718.265;0.2916567122408721;1.1031369537062137;0;0.42857142857142855;2;2;0.2857142857142857
C00682;0;2;2418.64;1102.885;0.5000041345549565;1.5824135562170825;1;0.2222222222222222;2;1;0.1111111111111111
C00683;0;3;1194.93;553.7733333333333;0.9166896805670623;0.3485203786990533;3;6.545454545454546;19;5;0.45454545454545453
C00684;1;3;960.48;702.5466666666666;0.9000187406296851;0.2582185372778011;0;0.7777777777777778;3;3;0.3333333333333333
C00685;1;8;753.03;869.135;0.1999920321899526;0.1763024320806136;0;1.0;2;1;0.5
C00687;0;7;1242.65;1015.4457142857143;0.8332998028407033;0.48135250505504384;2;6.4;24;5;0.5
C00688;1;6;1610.25;1039.4950000000001;0.9166837447601304;0.5914361586859668;1;0.2727272727272727;1;3;0.2727272727272727
C00689;1;2;1984.32;505.735;0.9166666666666667;1.1086391749121445;0;1.0909090909090908;2;7;0.6363636363636364
C00691;1;1;906.36;500.06;0.8333333333333333;0.6522358630416949;0;3.1;24;5;0.5
C00692;1;2;2556.59;726.96;0.6666692743067915;1.463300021749831;1;0.0;0;0;0.0
C00693;0;3;1441.46;1903.21;0.9000249746784511;0.7623384315965391;1;0.1111111111111111;1;1;0.1111111111111111
C00694;0;6;1530.82;369.46166666666664;0.8333442207444376;0.6639890001691615;0;1.4;6;2;0.4
C00695;1;5;3934.46;1962.1599999999999;0.6666632778068655;1.2665291051958965;1;13.75;25;4;1.0
C00696;1;0;5218.68;0.0;0.6000022994320403;2.666809750114978;3;9.166666666666666;25;5;0.8333333333333334
C00697;1;3;1223.95;525.11;0.90003676620777;0.469446383504269;1;5.444444444444445;17;4;0.4444444444444444
C00698;0;4;1556.48;350.42499999999995;0.6111032586348684;0.30534902243897843;1;0.18181818181818182;1;2;0.18181818181818182
C00699;0;1;1898.42;544.1;0.7222374395549983;0.5515279871939014;0;2.1538461538461537;25;3;0.23076923076923078
C00700;0;1;744.96;1071.37;0.4000214776632302;0.3192129371738069;0;0.25;1;1;0.25
C00701;1;6;948.87;916.5233333333332;0.2778041249064677;0.4154895040591311;0;0.4;2;1;0.2
C00702;1;1;2095.43;182.22;0.3999942732517908;0.6149013278556231;1;0.0;0;0;0.0
C00704;1;3;1440.1;2438.7633333333333;0.916679397264079;0.5259236806258056;1;6.181818181818182;21;8;0.7272727272727273
C00705;0;3;826.57;405.62000000000006;0.9000326651100329;0.2895998150081635;1;3.111111111111111;25;3;0.3333333333333333
C00706;0;3;1839.97;426.8233333333333;0.20000326092273243;0.9853216806434684;1;1.0;2;1;0.5
C00707;1;1;3490.74;526.21;0.33333906277751996;1.1498583569405099;0;9.25;23;5;0.625
C00708;1;0;1633.2;0.0;0.3;0.3470713991236086;0;5.0;15;1;0.3333333333333333
C00709;1;3;2234.4;309.0366666666667;0.8333333333333333;1.455075899165793;3;12.2;21;4;0.8
C00710;0;0;704.4;0.0;0.9000000000000001;0.15633253287998972;1;2.6666666666666665;10;6;0.6666666666666666
C00711;0;9;1222.23;791.1966666666667;0.5833190152426302;0.4257884487425579;2;0.0;0;0;0.0
C00712;0;2;1249.8;493.09;0.9166666666666667;0.7872111260180268;0;0.18181818181818182;2;1;0.09090909090909091
C00713;1;7;4743.46;1071.6342857142856;0.9444603728080345;1.4520692199137353;0;9.411764705882353;26;10;0.5882352941176471
C00714;0;3;3221.02;1129.42;0.9166723584454615;1.3997314409626407;0;0.36363636363636365;2;3;0.2727272727272727
C00715;0;2;6340.07;813.86;0.9166681124971808;1.842234949193813;0;0.36363636363636365;2;2;0.18181818181818182
C00716;1;2;3806.51;1764.3400000000001;0.6666684180522315;1.1775491327333978;0;1.25;4;2;0.5
C00717;1;2;5569.56;372.89;0.9444444444444444;1.1429615097313315;2;8.0;26;11;0.6470588235294118
C00718;0;4;3715.43;1204.2475;0.8333355762320915;0.9931675839817803;0;1.4;5;2;0.4
C00719;0;0;1549.9;0.0;0.8;0.8902712917808298;2;9.0;26;5;0.625
C00720;0;1;1863.7;853.15;0.3333154477651983;1.1782444871535505;1;5.875;24;5;0.625
C00721;1;7;3710.1;1172.9142857142856;0.6111209940432873;2.961209992816665;0;0.2727272727272727;2;2;0.18181818181818182
C00722;1;1;2207.08;184.84;0.2916613806477336;1.4338112530939187;0;9.857142857142858;25;6;0.8571428571428571
C00723;0;3;2087.65;1870.7666666666667;0.9166622757646157;0.2973716372711293;2;0.0;0;0;0.0
C00724;1;1;3036.93;461.39;0.6666732522646226;1.4917624521072796;3;11.5;17;4;1.0
C00725;1;1;2060.73;339.38;0.11110625846180723;0.9351566967081439;2;0.5;1;1;0.5
C00726;0;3;1199.07;1394.62;0.9166437322258085;0.4701626848290221;0;1.9090909090909092;14;5;0.45454545454545453
C00727;1;0;1151.74;0.0;0.8333478041919183;0.514498094765855;0;11.0;22;3;0.6
C00728;0;0;1462.78;0.0;0.9166791998796813;0.2668673489865543;1;1.0909090909090908;4;6;0.5454545454545454
C00729;0;2;2024.74;782.975;0.9166757213271828;0.7423237533775485;2;3.272727272727273;23;5;0.45454545454545453
C00730;1;0;1443.31;0.0;0.7999944571852202;0.3982797348683448;1;7.0;19;7;0.875
C00731;1;9;1144.84;791.1966666666667;0.4444289158310332;0.2001948019018541;1;6.25;22;3;0.375
C00732;0;5;5795.98;757.8340000000001;0.22222298903722926;0.9963624736554388;0;0.5;2;1;0.25
C00734;0;2;2330.56;1307.37;0.7083576479472744;0.5976315883948857;0;2.764705882352941;20;6;0.35294117647058826
C00735;1;4;2351.73;1125.53;0.49999362171677875;0.5287020134348893;2;10.333333333333334;26;6;0.6666666666666666
C00736;0;0;2860.94;0.0;0.33333100309688424;1.3691852674298404;1;11.666666666666666;22;5;0.8333333333333334
C00737;1;0;1748.38;0.0;0.9000102952447407;0.35330943422153427;1;7.555555555555555;26;5;0.5555555555555556
C00738;0;0;2447.95;0.0;0.25000510631344597;1.2882523510559358;0;6.833333333333333;22;2;0.3333333333333333
C00739;1;2;2587.48;437.59;0.08333204507860931;1.137874017133107;0;10.5;17;2;1.0
C00740;0;4;638.37;1071.29;0.5556338800382223;0.20517789991321955;3;3.0;20;2;0.2
C00741;0;1;823.88;807.04;0.5416929649949022;0.28521182832178243;0;2.6153846153846154;23;4;0.3076923076923077
C00742;0;3;2880.1;1356.5966666666666;0.08333043991528072;2.2210997146602915;0;4.0;7;2;1.0
C00743;1;1;3522.97;842.25;0.9166640646954132;0.5696754778733443;3;2.272727272727273;23;3;0.2727272727272727
C00744;0;1;2580.35;938.36;0.33332687426124363;0.8678842305299093;0;1.5;9;1;0.16666666666666666
C00745;1;1;1163.8;654.44;0.388915621240763;0.42865877465027363;3;0.42857142857142855;2;2;0.2857142857142857
C00746;1;3;1250.35;758.11;0.9167033230695406;0.4612833368381053;0;2.0;10;7;0.6363636363636364
C00747;0;7;1709.34;977.767142857143;0.8999789392397066;0.7022443521451371;3;3.7777777777777777;17;5;0.5555555555555556
C00750;1;5;2533.93;1141.298;0.8999893446148868;0.4274366586822307;4;9.333333333333334;18;7;0.7777777777777778
C00751;0;4;1819.93;1023.0775;0.8333562279867908;0.3516698195787143;1;0.06666666666666667;1;1;0.06666666666666667
C00753;0;2;1492.54;648.8;0.899975880043416;0.8629294295856894;0;3.2222222222222223;22;3;0.3333333333333333
C00755;0;1;1483.51;477.57;0.4999966296148998;0.4408674048582755;3;1.0;2;3;0.6
C00756;0;2;2814.81;1062.165;0.8999968026261098;0.8250679298044031;2;5.333333333333333;15;5;0.5555555555555556
C00757;1;0;1948.59;0.0;0.1666641007087176;0.8547309597020751;1;3.0;6;1;0.5
C00758;1;3;825.12;649.9166666666666;0.9166666666666666;0.34096008661192817;1;11.363636363636363;23;8;0.7272727272727273
C00759;1;1;3871.6;525.4;0.9166571959913214;1.6658419782196194;2;8.090909090909092;18;8;0.7272727272727273
C00760;0;0;610.72;0.0;0.8333606235263297;0.33430221419383094;0;0.2;1;1;0.2
C00761;0;4;2261.38;1122.4775;0.22221829148572994;1.33004358233886;2;0.75;2;2;0.5
C00762;1;5;2388.85;1572.7640000000001;0.8999811624840405;0.8543323701075761;1;5.888888888888889;22;5;0.5555555555555556
C00763;0;2;734.85;1241.64;0.08333673538817446;0.3367488623813692;1;13.0;24;2;1.0
C00764;1;3;1348.89;2440.0099999999998;0.833351867090719;0.5107883974553166;0;1.8;9;1;0.2
C00765;0;6;2241.8;1246.2316666666666;0.9;0.7901814195631409;1;3.7777777777777777;25;3;0.3333333333333333
C00768;0;0;1065.38;0.0;0.9166494584092061;0.3993028747048462;0;1.2727272727272727;13;2;0.18181818181818182
C00769;1;4;1800.15;1831.6525;0.3333499986112268;0.7735427454182154;0;17.125;25;7;0.875
C00770;1;1;3268.02;1412.74;0.3999975520345653;1.2124839072314502;1;1.0;4;1;0.25
C00771;0;2;2359.84;1777.785;0.9166511288900943;1.6507110430263223;1;9.454545454545455;26;6;0.5454545454545454
C00772;1;7;1979.12;977.767142857143;0.8999909050487086;1.236161946758941;2;5.222222222222222;21;4;0.4444444444444444
C00773;1;2;1142.38;797.625;0.6111539067560706;0.3684550034511008;0;6.545454545454546;23;5;0.45454545454545453
C00774;1;1;2535.15;3201.1;0.666658777587125;1.1567945681783958;0;8.625;23;4;0.5
C00775;0;4;2439.34;619.5825;0.9166741823608024;1.2832350481080315;0;2.8181818181818183;24;4;0.36363636363636365
C00776;0;4;1384.43;578.5074999999999;0.899980497388817;0.28329469253451584;0;0.1111111111111111;1;1;0.1111111111111111
C00777;0;4;4634.55;661.735;0.7499951451597242;1.394633974596239;4;9.444444444444445;26;5;0.5555555555555556
C00778;0;0;637.23;0.0;0.8332941010310249;0.14058291067051715;1;2.4;17;5;0.5
C00779;1;5;3546.05;605.8639999999999;0.416660791585003;1.209570686914581;0;14.0;26;5;1.0
C00781;0;5;1768.84;757.238;0.9166459374505327;1.101010855492481;1;7.909090909090909;26;5;0.45454545454545453
C00782;1;3;1775.98;587.7233333333334;0.5000056306940394;0.5649510115790813;1;4.0;16;2;0.3333333333333333
C00783;0;1;3653.32;595.0;0.6249931569093318;1.8305499185769762;0;2.6;16;8;0.5333333333333333
C00784;0;1;1010.46;271.39;0.2916493478217841;0.471204334971694;1;8.857142857142858;26;4;0.5714285714285714
C00785;0;2;850.62;693.8199999999999;0.8999788389645199;0.3955617765914407;2;5.555555555555555;21;4;0.4444444444444444
C00786;1;5;2940.14;293.596;0.22222071057840784;1.3054640392863803;1;1.0;4;1;0.25
C00787;1;3;1589.19;494.4866666666667;0.9000056632624166;0.41304376076995253;0;4.222222222222222;20;6;0.6666666666666666
C00788;0;4;1932.66;695.1925;0.8333333333333334;1.1437143820902942;1;0.13333333333333333;2;1;0.06666666666666667
C00789;1;3;834.07;515.5233333333333;0.9000323713836967;0.35998152767827085;1;3.111111111111111;20;3;0.3333333333333333
C00790;0;1;2730.08;341.45;0.8333272285061245;0.6817070643257914;1;0.8;4;1;0.2
C00791;1;1;3809.85;921.38;0.8333398952714675;1.0319483192935885;1;13.4;26;3;0.6
C00793;0;4;2650.24;788.0325;0.9166528314416807;0.6806185106333801;2;3.5454545454545454;21;3;0.2727272727272727
C00794;0;0;3470.66;0.0;0.08333285311727454;2.705661318739573;0;0.0;0;0;0.0
C00795;1;2;1438.79;1144.915;0.500003475142307;0.46602900879073894;0;4.6;19;2;0.4
C00796;1;0;1452.92;0.0;0.8999876111554661;0.260535409124083;0;6.777777777777778;21;5;0.5555555555555556
C00797;1;2;5581.97;925.75;0.9000048370019903;1.853791458963638;1;15.0;26;9;1.0
C00798;0;10;2599.85;1189.7549999999999;0.6999865376848665;0.6679504043902288;0;0.14285714285714285;1;1;0.14285714285714285
C00800;1;1;877.14;1594.21;0.16666666666666666;0.4248453703120686;1;3.6666666666666665;11;1;0.3333333333333333
C00801;1;3;2050.88;1020.4633333333333;0.5000097519113746;1.2724711955476413;2;1.0;2;3;0.5
C00802;0;8;3674.97;869.135;0.4999877550020817;0.5502597097300187;0;2.111111111111111;16;3;0.3333333333333333
C00803;1;1;1062.09;1026.25;0.8333568718281879;0.727787904121041;1;10.4;25;4;0.8
C00804;0;8;1221.62;825.5425;0.1666639380494753;0.5795683671678187;1;0.25;1;1;0.25
C00805;0;11;1157.23;486.42999999999995;0.9444362831934879;0.39807982717756607;0;1.9411764705882353;22;3;0.17647058823529413
C00807;1;4;2506.65;831.9625;0.8333433068039015;1.1842086614731213;1;11.8;22;3;0.6
C00808;0;0;4267.95;0.0;0.6111154066940804;2.7661511938402508;0;16.727272727272727;26;9;0.8181818181818182
C00809;0;5;2758.72;580.6099999999999;0.3888832502029927;0.7203074737853532;1;1.2857142857142858;6;3;0.42857142857142855
C00810;1;1;3315.86;805.81;0.33333132279408656;1.1773064250411862;3;12.75;22;7;0.875
C00811;0;1;2687.59;1120.55;0.9000033487250659;1.2125104328799259;0;4.888888888888889;25;3;0.3333333333333333
C00813;0;2;2317.41;400.845;0.9166785333626766;0.7632876495756054;1;2.909090909090909;25;6;0.5454545454545454
C00814;0;1;1241.02;156.36;0.8333467631464441;0.5667275550278563;0;0.6;2;2;0.4
C00816;0;1;1550.05;1195.48;0.9166607528789393;0.6466409131109516;1;5.818181818181818;23;5;0.45454545454545453
C00817;0;2;2256.06;1252.0549999999998;0.9166422878824145;0.34245822606499243;0;7.636363636363637;25;9;0.8181818181818182
C00818;0;1;740.55;492.78;0.249989872392141;0.36834487286618117;0;0.6666666666666666;2;1;0.3333333333333333
C00819;0;1;1171.25;187.45;0.6666723585912487;0.587602281677846;1;9.75;23;2;0.5
C00820;0;1;954.41;520.49;0.708385285149988;0.2945782611916343;1;4.529411764705882;16;9;0.5294117647058824
C00821;1;2;2955.81;902.5150000000001;0.25000253737554173;1.1929411764705882;0;0.3333333333333333;1;1;0.3333333333333333
C00823;1;4;728.29;950.5374999999999;0.33332875640198273;0.3240617964029225;1;0.75;2;2;0.5
C00824;1;4;639.54;1103.4375;0.7777777777777779;0.1670305676855895;0;2.7857142857142856;24;3;0.21428571428571427
C00825;0;4;922.52;570.83;0.9167064128690976;0.5790468060533401;3;9.090909090909092;25;6;0.5454545454545454
C00826;0;2;3161.7;719.68;0.2;1.6601033331233066;0;1.0;2;1;0.5
C00827;0;0;997.55;0.0;0.12498621622976293;0.2786234596176835;1;0.0;0;0;0.0
C00829;1;1;1031.5;534.19;0.1666698982064954;0.29320886761399334;0;1.0;1;1;1.0
C00830;1;1;3351.57;462.32;0.8333407925241006;1.680979225807746;1;2.4;12;1;0.2
C00831;0;2;2207.31;604.45;0.9444572805813412;0.5984919145797859;1;8.647058823529411;26;9;0.5294117647058824
C00832;0;3;957.8;518.1733333333333;0.2;0.2992582594404764;0;0.0;0;0;0.0
C00834;0;4;1865.96;1061.8875;0.4444253896117816;0.9615773091748604;1;0.0;0;0;0.0
C00835;1;4;1640.44;614.9725;0.799980493038453;0.43329107237189646;0;3.125;11;6;0.75
C00836;1;3;1903.04;872.2700000000001;0.3999915923995292;0.8052196430535927;0;0.25;1;1;0.25
C00837;0;2;2154.74;960.21;0.49999071813768714;0.6368959473159946;0;4.4;21;2;0.4
C00838;0;1;1884.17;404.6;0.7222490539600992;0.8969162953653986;1;6.615384615384615;25;8;0.6153846153846154
C00839;0;3;959.22;1174.6133333333335;0.19999582994516377;0.2535211267605634;0;0.0;0;0;0.0
C00840;0;3;2741.07;670.3000000000001;0.16666484256148148;1.9738956980110323;1;1.0;2;2;0.6666666666666666
C00841;0;0;1452.59;0.0;0.22222375205667122;0.9184771612119985;2;14.75;23;3;0.75
C00842;1;3;2863.97;716.9266666666667;0.9000094274730531;0.7775596750722181;0;12.666666666666666;26;6;0.6666666666666666
C00843;0;1;3355.08;985.83;0.9000053649987483;1.8393978103190223;1;8.777777777777779;24;5;0.5555555555555556
C00844;1;3;1327.94;882.5333333333334;0.5555220868412729;0.4407280306399475;0;2.5;23;3;0.3
C00847;1;1;1408.41;327.1;0.8332800817943637;0.6062344772964993;1;8.666666666666666;24;11;0.7333333333333333
C00848;0;6;855.75;950.735;0.4999824715162139;0.2600953150929748;0;0.3333333333333333;1;2;0.3333333333333333
C00849;1;1;937.42;1166.94;0.3888971858931962;0.2576667555406516;0;0.14285714285714285;1;1;0.14285714285714285
C00850;1;1;864.96;266.0;0.7221721235664076;0.41373372492370686;2;6.6923076923076925;23;9;0.6923076923076923
C00852;0;1;3078.95;844.71;0.8333360398837265;0.8796070129729142;0;5.6;26;2;0.4
C00853;1;1;879.29;1331.5;0.8000090982497243;0.253003970765955;0;1.375;7;3;0.375
C00854;0;2;891.37;2342.35;0.9166563828713105;0.22435295627814258;1;0.2727272727272727;2;2;0.18181818181818182
C00855;0;1;876.62;498.13;0.8999794665875749;0.15442313722312453;1;0.2222222222222222;2;1;0.1111111111111111
C00856;0;0;1607.85;0.0;0.8999720123145816;0.5852111215045114;1;0.5555555555555556;2;3;0.3333333333333333
C00857;0;3;4116.29;903.2133333333333;0.16666464218993315;1.3562779449026192;0;0.5;1;1;0.5
C00858;1;3;2920.14;1192.53;0.8333162108666023;0.7542872198357695;0;3.1;12;5;0.5
C00859;1;4;2584.96;641.1274999999999;0.1250038685318148;1.1264816622507323;0;9.666666666666666;16;3;1.0
C00860;1;1;1298.78;1305.51;0.6110734689477818;0.47422191064569363;1;7.181818181818182;25;6;0.5454545454545454
C00861;1;2;3817.12;779.6;0.749992140671501;1.0204347872579318;2;7.222222222222222;21;6;0.6666666666666666
C00862;0;4;988.65;1318.23;0.8888079704647752;0.24338576144675003;1;0.25;2;2;0.125
C00863;1;1;2416.33;462.74;0.833329884577024;1.0452565416942436;0;9.6;26;7;0.7
C00864;0;3;488.54;394.7766666666667;0.9166291398861914;0.2894245750813107;0;0.2727272727272727;2;2;0.18181818181818182
C00865;0;0;3548.3;0.0;0.5833497731307951;1.256825084787787;0;0.5;2;4;0.2857142857142857
C00866;1;1;1926.58;2240.53;0.9444248357192538;1.219292694040808;1;9.941176470588236;26;13;0.7647058823529411
C00867;1;2;7408.18;2370.31;0.6111177104228028;3.237756002902022;3;11.636363636363637;25;10;0.9090909090909091
C00868;0;2;1838.38;1007.605;0.8333423992863281;0.9538332226465218;0;2.2;10;2;0.4
C00869;1;0;2413.72;0.0;0.33334438128697613;0.7970018160805679;2;9.166666666666666;21;4;0.6666666666666666
C00870;1;0;424.43;0.0;0.6666823740074923;0.10367502473222029;0;3.375;25;3;0.375
C00871;1;3;4877.25;1023.9233333333333;0.8999907734891589;3.118545989321909;0;12.555555555555555;21;8;0.8888888888888888
C00872;0;11;1744.44;486.42999999999995;0.19999541400105478;0.2895908071469718;0;11.0;22;1;0.5
C00873;0;0;637.34;0.0;0.16669281702074246;0.3054706147372054;1;3.75;12;3;0.75
C00874;1;1;1511.53;1754.08;0.44442386191474864;0.20089767513570125;1;8.25;18;6;0.75
C00875;0;1;2809.49;1183.96;0.45832517645551335;0.5417544847480963;1;10.272727272727273;26;8;0.7272727272727273
C00876;1;3;622.61;783.4333333333334;0.5555644785660365;0.6540295810748351;1;2.6;11;5;0.5
C00877;0;1;5413.48;543.18;0.11111152160902045;1.3683430943094814;0;0.0;0;0;0.0
C00879;1;0;1431.77;0.0;0.9166346550074385;0.36069823451166916;1;0.45454545454545453;2;3;0.2727272727272727
C00880;0;2;842.18;1654.1799999999998;0.8333135434230213;0.34101878846776806;2;4.0;19;2;0.4
C00881;0;1;2253.54;1017.09;0.399992900059462;0.5509150381123274;1;0.0;0;0;0.0
C00884;1;4;1757.65;703.1875;0.8999743976332033;1.12350106108256;0;4.888888888888889;21;6;0.6666666666666666
C00885;0;1;1090.37;775.66;0.9166246320056496;0.5145244858860503;2;4.181818181818182;21;5;0.45454545454545453
C00886;1;3;1406.26;587.7233333333334;0.9166797036109965;0.4518423792203786;0;3.3636363636363638;15;5;0.45454545454545453
C00887;0;6;1603.1;1092.5716666666667;0.8333229368099309;0.5064766839378239;0;0.4;2;1;0.2
C00889;1;3;11693.76;545.98;0.4999974345291847;4.3577497540470445;4;15.444444444444445;26;8;0.8888888888888888
C00890;1;4;4445.25;629.5400000000001;0.500003374388392;1.1243066743892538;0;0.6666666666666666;2;1;0.3333333333333333
C00891;1;1;4871.8;333.18;0.08333264912352724;3.0867584537695865;1;11.0;14;2;1.0
C00892;0;1;1812.33;500.06;0.9166818405036611;0.7690019645865245;0;5.181818181818182;26;7;0.6363636363636364
C00894;0;3;2281.29;1162.63;0.5833410044317031;1.6378576300391285;0;3.0;19;2;0.2857142857142857
C00895;0;2;1377.09;779.6;0.6110711718188354;0.3528864584507836;0;3.0;23;2;0.18181818181818182
C00896;1;1;1960.32;1012.39;0.3999959190336272;0.9197291933508804;1;16.5;23;4;1.0
C00899;0;2;1848.39;588.735;0.6666774868939996;0.2751333698512688;0;1.9166666666666667;18;4;0.3333333333333333
C00900;1;2;4510.46;715.5;0.6666637105749746;2.33692903921081;2;9.75;21;4;1.0
C00901;0;1;1909.21;374.89;0.8889121678600048;1.0646825264050144;1;0.1875;2;2;0.125
C00902;1;3;464.46;354.9266666666667;0.4582741247900789;0.23911286378402308;1;8.909090909090908;23;7;0.6363636363636364
C00903;0;4;2158.83;1274.0049999999999;0.9444838176234349;0.5959239895546367;2;0.47058823529411764;2;5;0.29411764705882354
C00904;0;0;1589.91;0.0;0.19999874206716103;0.5120911896004174;0;4.0;8;1;0.5
C00905;0;1;1308.89;444.21;0.9000068760552833;0.2783439165365918;1;5.222222222222222;21;4;0.4444444444444444
C00907;0;2;1412.61;455.875;0.9444645018794998;0.4580120743656419;1;2.7058823529411766;21;7;0.4117647058823529
C00908;1;1;1292.88;1400.73;0.5555813377885032;0.7970850981190005;2;3.7;23;4;0.4
C00909;1;0;2968.19;0.0;0.9000030321509068;1.437825766823616;0;4.777777777777778;18;7;0.7777777777777778
C00910;0;5;574.11;762.126;0.6666318301370818;0.25903750360958705;0;0.6875;2;7;0.4375
C00911;0;2;1349.91;1717.12;0.5999955552592395;0.5122959218525855;1;0.0;0;0;0.0
C00912;0;5;2074.74;686.594;0.16667148654771202;1.3428824782037423;0;0.0;0;0;0.0
C00913;0;3;3286.13;2438.7633333333333;0.1666641307556305;0.9286394528987043;0;1.0;2;2;0.6666666666666666
C00914;1;4;731.75;806.0474999999999;0.8333447215579091;0.1844462704926297;0;8.6;20;3;0.6
C00916;0;6;2508.82;504.66833333333335;0.9444519734377117;1.433046398848454;0;6.235294117647059;23;7;0.4117647058823529
C00917;0;6;1447.42;1178.3033333333333;0.499993091155297;0.2487629909581041;1;0.6;2;2;0.4
C00918;0;5;3122.51;1614.1680000000001;0.08333039766085616;0.672737261661101;0;2.0;2;2;1.0
C00919;1;1;1567.44;486.13;0.9166666666666667;0.8750781598928093;0;4.636363636363637;24;5;0.45454545454545453
C00920;0;1;1518.71;712.12;0.8333388204462997;0.5771731736144629;0;0.0;0;0;0.0
C00921;0;2;1274.99;874.98;0.6666718954658468;0.5156224724190366;0;0.0;0;0;0.0
C00922;1;4;14000.0;1149.8525;0.3;7.781409102025389;2;7.333333333333333;9;3;1.0
C00924;0;0;1663.35;0.0;0.8999729461628642;0.32145259040521945;1;0.5555555555555556;2;3;0.3333333333333333
C00925;0;6;1253.1;1382.9433333333334;0.8333333333333334;0.4059727990773198;0;0.0;0;0;0.0
C00926;1;0;1041.3;0.0;0.7917122827235187;0.10087438025175487;5;7.631578947368421;26;8;0.42105263157894735
C00927;0;2;1737.59;400.79;0.3000017265292733;0.6520526868808165;0;3.0;8;2;0.6666666666666666
C00928;0;4;3478.54;371.325;0.9166719370770495;1.5916230845607242;1;4.2727272727272725;21;6;0.5454545454545454
C00929;1;2;2816.24;509.27500000000003;0.8333274152771071;1.272767536347161;1;4.6;22;2;0.4
C00931;0;1;1073.88;441.15;0.16666666666666663;0.3421634538792417;1;0.0;0;0;0.0
C00932;1;2;4990.05;1199.65;0.08333383433031732;1.4105510422143452;0;5.0;10;1;0.5
C00933;1;4;5118.62;1412.8675;0.16666601544947662;3.421857660476248;0;7.5;8;2;1.0
C00934;1;7;1435.73;1172.9142857142856;0.33333565503263146;0.3737498112677083;1;8.5;17;1;0.5
C00935;0;2;2534.9;911.5;0.8999999999999999;1.1477250603315177;1;0.0;0;0;0.0
C00936;1;4;4865.43;978.9425;0.8999944506446502;1.9609497170678234;0;12.555555555555555;24;7;0.7777777777777778
C00937;1;1;1059.72;691.36;0.19999622541803494;0.56650130436642;0;0.0;0;0;0.0
C00938;0;4;2290.04;743.385;0.8333260554400798;0.6174029090222827;1;5.4;26;2;0.4
C00939;0;3;1719.09;810.8566666666667;0.9166826635022017;0.39201284293627103;2;1.0909090909090908;9;3;0.2727272727272727
C00940;0;4;383.28;847.4324999999999;0.9442965977875184;0.09378945822933489;0;0.23529411764705882;2;2;0.11764705882352941
C00941;1;2;1632.18;602.73;0.9000110281954196;1.0367128647467574;3;2.4444444444444446;13;4;0.4444444444444444
C00942;0;3;2216.42;833.5799999999999;0.9166583950695264;0.4153329248251192;0;1.2727272727272727;12;2;0.18181818181818182
C00943;0;2;1105.06;971.49;0.666642535246955;0.41977428385837084;0;2.1666666666666665;12;6;0.5
C00944;0;1;3238.21;556.81;0.7999975294993221;1.1500305423757706;0;0.25;1;2;0.25
C00947;1;5;3359.37;791.718;0.6666726201638997;0.6319178352755284;1;13.25;17;4;1.0
C00949;1;3;2388.02;1430.7533333333333;0.20833158851265904;0.42732341741346236;1;9.0;23;2;0.4
C00950;1;2;826.59;485.56;0.9000108881065582;0.28980380332650835;0;0.1111111111111111;1;1;0.1111111111111111
C00951;1;0;4947.21;0.0;0.599998787195207;1.143234474439499;0;14.833333333333334;25;6;1.0
C00952;1;0;2863.78;0.0;0.666671322517791;1.408307884474475;0;12.25;26;9;0.75
C00953;0;5;1854.93;1019.9440000000001;0.8999854441946596;1.2756199540621949;2;7.111111111111111;22;6;0.6666666666666666
C00954;1;1;2862.9;1143.65;0.9;1.7717829227084534;0;1.2222222222222223;9;3;0.3333333333333333
C00955;1;3;1244.1;545.1533333333333;0.8889317578972753;0.3955299802886755;2;1.9375;26;4;0.25
C00956;1;0;4178.01;0.0;0.33333572681731255;1.1951649998855756;1;6.0;12;1;0.5
C00957;1;1;4256.41;431.19;0.8333313755018901;1.0808008734955055;1;3.2;16;1;0.2
C00958;0;11;2009.25;486.42999999999995;0.8999776035834266;1.0794758558442397;0;1.7777777777777777;11;4;0.4444444444444444
C00959;1;3;1817.11;515.5233333333333;0.8333287472965314;1.1250479834565423;2;2.6;12;2;0.4
C00960;0;0;2714.52;0.0;0.8333333333333333;0.9039240236560285;0;0.1;1;1;0.1
C00961;0;1;2764.83;2140.69;0.7083256475081651;1.1102664803392446;2;0.7647058823529411;9;4;0.23529411764705882
C00962;0;0;405.16;0.0;0.5000493632145325;0.11906350190573307;0;0.8;2;3;0.6
C00963;1;2;7552.2;1493.145;0.055555996928047455;1.2310084645890689;0;0.0;0;0;0.0
C00964;0;10;2083.24;842.7620000000001;0.8333413336917495;0.8426869028453081;0;1.2;2;3;0.6
C00966;0;8;4569.98;812.5925;0.4999978118066163;0.7357904871694966;0;2.6666666666666665;5;2;0.6666666666666666
C00967;0;8;1949.19;1136.10625;0.9166525582421416;0.43797101449275366;3;0.2727272727272727;1;3;0.2727272727272727
C00968;0;2;1371.76;530.245;0.40001166384790343;0.6711975535168195;0;0.5;2;1;0.25
C00969;0;1;1819.43;1374.7;0.8999851601875313;0.7819451607357745;0;1.3333333333333333;11;2;0.2222222222222222
C00970;1;2;846.55;301.575;0.9000531569310731;0.20842617372828148;1;2.7777777777777777;11;5;0.5555555555555556
C00971;0;1;2138.18;1827.08;0.3333302154168499;0.8886570687591434;0;1.0;2;1;0.5
C00972;0;2;532.55;301.275;0.9166838794479393;0.1554268803427534;0;0.18181818181818182;2;1;0.09090909090909091
C00973;1;2;1379.28;2638.395;0.25;0.6003943777233175;1;4.833333333333333;21;3;0.5
C00974;1;5;5183.14;984.896;0.9166702037760894;1.195701772396022;0;6.7272727272727275;20;7;0.6363636363636364
C00975;1;7;3047.13;800.11;0.7999921237361057;1.0346720905121187;0;5.625;26;4;0.5
C00976;1;0;6638.41;0.0;0.7777766061451462;4.406453283062953;2;9.071428571428571;23;12;0.8571428571428571
C00977;0;2;1073.54;1554.895;0.9444268494886078;0.5384877760054574;3;4.117647058823529;25;7;0.4117647058823529
C00978;1;3;1815.02;1172.5666666666666;0.7999911846701414;0.4745956829265104;1;9.625;26;5;0.625
C00979;1;0;568.19;0.0;0.4582446012777416;0.2925737883874689;0;5.090909090909091;22;4;0.36363636363636365
C00980;0;2;1574.89;1719.215;0.9166608461543346;0.8227276764025222;0;6.181818181818182;26;7;0.6363636363636364
C00981;1;1;1904.94;639.65;0.9166377943662268;1.2847084530409096;0;9.727272727272727;22;9;0.8181818181818182
C00982;0;8;525.17;827.93875;0.9000514119237581;0.15913567303205317;0;0.2222222222222222;1;2;0.2222222222222222
C00983;1;2;4536.98;1782.65;0.12499944897266464;1.7967597194555438;1;8.666666666666666;18;2;0.6666666666666666
C00984;1;5;415.64;766.866;0.9443989991338658;0.12764964221000583;2;2.3529411764705883;23;3;0.17647058823529413
C00985;0;1;2026.76;1029.16;0.2500049339833034;0.5285756758589394;0;0.6666666666666666;2;1;0.3333333333333333
C00986;0;0;2494.87;0.0;0.25000501028109684;0.6126514825956166;0;13.333333333333334;23;2;0.6666666666666666
C00987;0;0;3346.28;0.0;0.944421865474497;0.8940149292809473;0;1.5294117647058822;12;3;0.17647058823529413
C00988;1;0;4571.57;0.0;0.9000059060672813;1.7063063130314047;2;4.111111111111111;18;3;0.3333333333333333
C00989;0;2;2643.75;1828.235;0.40000756501182033;0.5739222743712091;0;1.5;4;2;0.5
C00990;0;8;1659.64;1456.92875;0.24999397459690054;0.717443272942631;1;0.0;0;0;0.0
C00991;0;0;1345.62;0.0;0.8333333333333335;0.5189933468325137;0;0.4;2;1;0.2
C00992;1;2;4057.78;956.675;0.8333374406695286;1.8220671570080198;3;8.8;17;4;0.8
C00993;1;0;3839.76;0.0;0.5833333333333334;1.4036673100543955;1;4.928571428571429;20;9;0.6428571428571429
C00994;0;0;2938.04;0.0;0.9166791466419791;1.2725067782368786;0;4.181818181818182;24;5;0.45454545454545453
C00995;1;0;1598.34;0.0;0.19999499480711241;0.911373783335329;1;0.0;0;0;0.0
C00996;0;4;3169.23;648.135;0.6249940837364282;0.7056171419792805;2;9.533333333333333;26;13;0.8666666666666667
C00998;1;1;800.39;689.51;0.12500156173865243;0.1862324910419284;0;4.333333333333333;12;2;0.6666666666666666
C00999;0;2;6932.97;965.25;0.555548343639162;2.081735417579976;0;6.0;24;7;0.7
C01000;0;5;1221.72;916.6899999999999;0.8999852666732148;0.3644586310278478;2;3.2222222222222223;26;3;0.3333333333333333
C01001;1;2;1917.82;1593.295;0.3333368095024559;0.9241615265998459;0;8.0;22;3;0.75
C01002;1;4;2578.37;833.9000000000001;0.5555447821685794;1.6145185630467316;3;7.3;20;6;0.6
C01003;1;2;1241.48;1950.415;0.7916921738570093;0.2656475678359057;0;1.4736842105263157;9;8;0.42105263157894735
C01004;0;3;4593.69;840.4366666666666;0.9000019592092632;1.6420638353392836;1;2.5555555555555554;20;3;0.3333333333333333
C01005;0;1;1611.34;475.8;0.9166780443605943;0.49194311638670596;1;1.4545454545454546;13;3;0.2727272727272727
C01006;0;1;2242.09;540.19;0.4166648082815587;1.0662199691845313;2;3.2;15;2;0.4
C01008;1;3;1531.34;1292.77;0.8999764911776615;0.6056533552707037;1;0.6666666666666666;4;2;0.2222222222222222
C01009;1;1;1997.39;754.45;0.5833362538112236;1.7004852715818153;0;2.4285714285714284;9;2;0.2857142857142857
C01010;1;0;5312.01;0.0;0.16666760792995494;3.099659224853245;1;13.5;20;2;1.0
C01011;1;1;4049.1;267.4;0.9;1.0722826158918475;3;6.0;23;5;0.5555555555555556
C01012;0;2;1424.49;1237.79;0.1666561365822154;0.5133519287320533;2;0.0;0;0;0.0
C01013;1;2;4401.99;535.02;0.6666621232669769;1.448218345237351;1;1.5;4;3;0.75
C01014;0;5;1893.75;984.896;0.7777900990099009;0.6560463658062572;1;1.7857142857142858;21;4;0.2857142857142857
C01015;0;3;1692.99;1474.8966666666668;0.541657068263841;0.5364251630197144;0;0.15384615384615385;1;2;0.15384615384615385
C01016;0;5;2658.88;686.5440000000001;0.6666566373811529;0.8217477840550865;1;3.625;26;4;0.5
C01017;1;1;2168.43;428.65;0.1999972330211259;1.677637228733898;0;10.5;21;1;0.5
C01018;0;3;1124.6;445.91333333333336;0.9;0.6786595779348135;0;3.2222222222222223;16;3;0.3333333333333333
C01019;0;1;3939.55;631.82;0.2222182736606973;0.5374783926741786;0;0.5;1;2;0.5
C01021;1;3;1292.38;1395.7;0.9000139277921354;0.6470149440536684;0;0.7777777777777778;7;1;0.1111111111111111
C01022;0;3;2737.51;1129.42;0.833348553977885;0.8675745398306375;0;8.5;26;7;0.7
C01023;0;1;1409.25;853.15;0.9166861805925137;0.23857893801264632;1;0.0;0;0;0.0
C01024;1;2;1752.94;1764.3400000000001;0.5000057047018153;0.5898024279292617;1;9.916666666666666;25;9;0.75
C01025;1;2;1352.41;803.18;0.41666358574692586;0.7234382856714917;0;1.3;11;2;0.2
C01026;0;3;2956.4;1430.7533333333333;0.916679069138141;1.4053535012620801;0;3.5454545454545454;21;5;0.45454545454545453
C01027;0;4;2984.92;636.78;0.8999939696876298;1.2731530255789054;2;6.777777777777778;19;7;0.7777777777777778
C01028;1;6;1910.0;555.0033333333333;0.7;0.6139801019014096;1;5.714285714285714;25;5;0.7142857142857143
C01029;0;3;1779.99;344.40333333333336;0.944460362136866;0.8150137362637363;2;4.117647058823529;23;10;0.5882352941176471
C01030;1;2;2559.51;970.8249999999999;0.9166559224226511;1.0227076573912768;2;7.0;26;5;0.45454545454545453
C01031;1;2;2037.23;546.27;0.2222233130279841;1.0553681974771416;1;9.5;12;4;1.0
C01032;1;2;3458.91;452.89000000000004;0.8999973980242331;0.794707783927599;2;3.0;17;3;0.3333333333333333
C01033;0;3;1049.49;484.55999999999995;0.3333428617709554;0.17451332848892798;0;0.5;2;1;0.25
C01034;0;1;3105.81;1071.37;0.8333413827632726;0.871043465091625;2;1.6;6;2;0.4
C01035;1;2;1808.16;778.36;0.9000199097425006;2.0090666666666666;6;6.888888888888889;24;6;0.6666666666666666
C01036;1;3;2750.97;613.7633333333333;0.9166766631406378;1.739171940294733;1;5.545454545454546;25;6;0.5454545454545454
C01037;1;2;1407.49;599.3050000000001;0.4999964475768922;0.6633284005542307;2;4.0;13;3;0.5
C01038;1;4;3163.71;788.0325;0.8333254312184112;1.4964595365469484;1;4.2;14;4;0.8
C01039;0;0;5918.24;0.0;0.7999945929871044;0.9195268000584197;0;0.25;2;1;0.125
C01040;0;0;2103.46;0.0;0.5833388797505062;0.9718892944601025;0;4.857142857142857;18;4;0.5714285714285714
C01041;0;3;3954.0;884.9466666666667;0.19999999999999998;0.7520055382906614;1;0.0;0;0;0.0
C01042;0;2;2133.48;539.82;0.9166666666666666;0.954291107363788;0;2.4545454545454546;13;5;0.45454545454545453
C01043;0;7;587.84;800.11;0.833390038105607;0.27686641327436545;1;1.3;11;3;0.3
C01044;1;2;3606.43;1946.38;0.19999833630487768;1.706378045895434;0;9.5;12;2;1.0
C01045;1;1;1730.28;917.7;0.5417042328409275;0.6121071474055101;0;2.4615384615384617;26;5;0.38461538461538464
C01046;0;4;1330.65;1062.6125;0.1666779393529478;0.44823102601501685;0;0.6666666666666666;2;1;0.3333333333333333
C01047;0;4;1197.6;681.1750000000001;0.8333333333333334;0.2848844262704546;1;0.0;0;0;0.0
C01048;1;3;2707.03;240.62333333333333;0.9166835978914161;1.127675439692736;1;2.4545454545454546;25;2;0.18181818181818182
C01049;1;0;1719.49;0.0;0.9166613356285874;0.7942694018578483;0;9.181818181818182;22;8;0.7272727272727273
C01050;0;0;1020.82;0.0;0.38887365059462004;0.5827695855954603;0;11.428571428571429;26;7;1.0
C01051;0;4;962.67;657.4875;0.8333073638941694;0.19033863419321545;1;0.0;0;0;0.0
C01052;0;1;1638.76;269.56;0.8333435036246919;0.44197399010739463;1;4.2;15;3;0.6
C01054;1;3;3182.93;763.9166666666666;0.49999528736101645;0.9655570959238216;0;1.2;4;2;0.4
C01055;0;0;1430.61;0.0;0.6666526866161987;0.4289376476655353;0;1.25;5;1;0.25
C01057;1;1;6273.19;303.74;0.5555546699526078;2.224677461681951;1;6.5;26;5;0.5
C01058;1;1;1656.26;531.44;0.400009660319032;1.0071939821093023;1;3.0;10;2;0.5
C01059;0;0;1252.34;0.0;0.8333200249133622;0.4073153755586056;2;4.6;22;2;0.4
C01060;0;2;3489.32;359.73;0.6666628454827874;1.284751192032254;0;3.1666666666666665;21;3;0.25
C01061;0;1;2360.84;1097.36;0.9166821978617781;0.4030835161645567;0;1.5454545454545454;13;4;0.36363636363636365
C01062;0;7;2236.73;1876.4257142857143;0.6666517639589936;0.760870156818723;1;3.625;23;5;0.625
C01063;1;1;741.7;816.72;0.888984764729675;0.20476336400504663;1;3.375;21;7;0.4375
C01064;1;8;3000.8;714.8612499999999;0.6666622234070914;1.098276896950532;1;6.416666666666667;22;8;0.6666666666666666
C01065;0;5;813.81;1660.868;0.9167004583379413;0.4290956832597795;2;0.5454545454545454;2;3;0.2727272727272727
C01066;0;3;500.16;667.91;0.6111844209852847;0.17667567424362848;1;0.45454545454545453;2;3;0.2727272727272727
C01067;1;0;2144.17;0.0;0.9000125922851266;1.629147576607174;1;5.555555555555555;17;7;0.7777777777777778
C01068;0;2;1675.49;546.505;0.8333383070027276;0.6811710275966371;0;0.0;0;0;0.0
C01069;0;4;2746.2;941.0699999999999;0.7777947709562305;0.9840647586421898;0;0.21428571428571427;2;2;0.14285714285714285
C01070;0;1;1284.02;1791.86;0.7499883179389729;0.4283193397847095;1;2.111111111111111;17;5;0.2777777777777778
C01071;1;2;1102.78;394.865;0.16666968933060086;0.24521807193016004;0;3.0;6;1;0.5
C01072;1;3;3438.91;797.3266666666667;0.8999973828916721;2.8213919449982363;1;4.222222222222222;18;4;0.4444444444444444
C01073;1;2;399.4;359.73;0.4;0.10757206035239679;1;5.75;19;3;0.75
C01074;0;3;3633.01;1177.3933333333334;0.33333241582049045;0.8926884764137267;2;1.75;7;1;0.25
C01075;1;1;2004.86;403.23;0.5833624292968088;0.5047889054505902;1;2.4285714285714284;22;3;0.21428571428571427
C01076;0;6;2307.92;965.8183333333333;0.41665222364726673;1.6193657030592197;2;2.4;15;3;0.3
C01077;1;2;3926.36;750.145;0.20000203751056958;1.5612948890771072;0;8.0;16;1;0.5
C01078;0;2;3018.46;792.01;0.7500049694214931;1.077544230412246;0;2.7777777777777777;20;2;0.2222222222222222
C01079;0;1;2193.65;853.44;0.9444487498005607;0.7241346299854093;1;1.6470588235294117;14;9;0.5294117647058824
C01080;0;1;2496.65;481.71;0.9166483087337032;0.468104613642372;0;2.5454545454545454;14;5;0.45454545454545453
C01081;0;4;2008.53;514.6375;0.8333457802472455;0.759139012774964;1;3.0;13;3;0.6
C01082;0;0;2097.01;0.0;0.9166622953633983;0.3720820883340313;0;5.909090909090909;25;4;0.36363636363636365
C01083;1;0;1982.99;0.0;0.8333375357414813;1.0297823061423734;0;6.8;21;2;0.4
C01084;1;5;380.0;1268.108;0.24994736842105264;0.17018074987012521;1;9.0;18;5;0.8333333333333334
C01086;0;0;860.76;0.0;0.8333333333333334;0.5825392528424472;2;0.0;0;0;0.0
C01087;1;3;1000.38;1412.6499999999999;0.8333333333333333;0.3250942415182634;0;15.2;20;5;1.0
C01088;0;4;2583.85;578.5074999999999;0.8999825841283356;1.1940488183591043;0;1.7777777777777777;7;5;0.5555555555555556
C01089;0;3;1000.23;804.6700000000001;0.599982004139048;0.44635987968904794;0;0.0;0;0;0.0
C01090;1;2;1186.76;709.835;0.300010111564259;0.7894208191148983;2;7.0;10;3;1.0
C01091;0;2;1662.95;1354.925;0.8333383445082535;0.4852438255754237;1;0.4;2;1;0.2
C01092;1;4;1704.23;681.98;0.8333382231271601;0.8214146282684661;1;6.6;22;3;0.6
C01093;0;1;1018.13;1528.37;0.5999823205288126;0.6635405600922842;0;2.8333333333333335;13;4;0.6666666666666666
C01095;0;2;2055.79;435.71000000000004;0.49999756784496463;0.6268168416302561;1;7.777777777777778;26;3;0.3333333333333333
C01096;1;0;2853.46;0.0;0.416669587097769;2.1093616014666314;3;5.2;20;2;0.4
C01098;0;2;1218.5;1682.745;0.39999999999999997;0.3754533325527437;0;0.5;1;2;0.5
C01099;1;1;2170.35;1656.19;0.8332987766950031;1.0061471704935816;0;4.8;22;9;0.6
C01100;0;5;1204.82;880.908;0.29166182500290505;0.2527041283970711;1;0.7142857142857143;2;3;0.42857142857142855
C01101;1;2;2982.24;435.71000000000004;0.6666666666666667;0.8422455815319614;0;2.1666666666666665;12;5;0.4166666666666667
C01102;1;0;3992.74;0.0;0.833337507576251;1.953051321685026;1;14.8;23;4;0.8
C01104;0;1;2206.37;526.21;0.7778024538042123;1.3558721048135833;0;5.714285714285714;22;8;0.5714285714285714
C01105;0;3;1892.22;864.6233333333333;0.8333333333333333;0.41842168109891476;0;7.0;23;3;0.6
C01106;0;1;1274.52;1134.56;0.8333333333333333;0.30419590433910926;0;0.2;1;1;0.2
C01107;1;1;4110.58;1433.26;0.5833191423108175;1.7865096266678255;3;6.714285714285714;21;9;0.6428571428571429
C01108;0;4;1391.02;891.2675;0.916679846443617;0.28546743337478814;0;0.09090909090909091;1;1;0.09090909090909091
C01109;0;3;4574.15;679.6866666666666;0.8333351551654407;1.3495615691457972;1;3.8;25;2;0.2
C01110;0;5;3106.81;915.568;0.8999971031379453;1.6255297552399988;2;7.222222222222222;23;6;0.6666666666666666
C01111;0;6;1149.8;855.5583333333333;0.9;0.45066337429204145;2;0.1111111111111111;1;1;0.1111111111111111
C01112;1;1;4328.81;250.81;0.9166560786913724;0.8689248865871774;0;9.727272727272727;21;9;0.8181818181818182
C01113;0;1;941.75;1245.31;0.7500079638970003;0.32404301075268815;4;1.1666666666666667;20;2;0.1111111111111111
C01114;0;4;1231.2;682.04;0.5;0.3743455338194069;0;5.6;15;3;0.6
C01115;0;4;1984.77;776.36;0.8333459292512483;0.6128689605340761;1;4.2;17;4;0.8
C01116;1;6;3182.3;648.7800000000001;0.27777079470822985;0.8130827033090011;0;8.2;23;2;0.4
C01117;0;2;2369.09;1007.605;0.37499208556872043;1.2431599937031013;1;2.6666666666666665;19;3;0.3333333333333333
C01118;0;1;2891.9;664.81;0.24999827103288497;0.9365476726374186;0;0.0;0;0;0.0
C01119;0;1;1886.33;455.26;0.8333377510827903;0.7271083803275655;1;4.2;20;2;0.4
C01120;1;3;789.24;770.54;0.7778369063909584;0.3746831116301592;1;3.357142857142857;25;7;0.5
C01121;1;6;6891.63;908.8433333333332;0.9166626763189549;3.984683700196007;2;14.363636363636363;25;11;1.0
C01122;0;6;3154.16;905.0733333333333;0.8333280493063129;1.0253029593800385;0;1.1333333333333333;8;6;0.4
C01123;1;4;1741.15;838.515;0.5555523648163571;0.5649635936506289;2;3.6;9;6;0.6
C01124;0;4;2447.89;1684.0125;0.5000020425754426;1.2174680698683005;1;9.6;21;4;0.8
C01125;0;0;1725.61;0.0;0.12499927561847696;0.6600708416848998;0;0.3333333333333333;1;1;0.3333333333333333
C01126;0;1;1603.69;572.1;0.8333281369840804;0.3398548344370861;0;0.8;2;2;0.4
C01127;0;8;4837.92;881.66625;0.5416666666666666;1.930919976052684;4;7.076923076923077;21;9;0.6923076923076923
C01128;1;1;3064.0;647.4;0.3333289817232376;0.6790464096307575;0;0.0;0;0;0.0
C01129;0;1;905.22;1029.16;0.7999823247387375;0.4347546274506037;0;1.625;7;5;0.625
C01130;0;7;7244.8;800.11;0.20833563383392226;2.047247654572171;2;4.8;22;2;0.4
C01131;0;1;909.73;284.55;0.7499917557956756;0.2668377672836066;1;4.0;22;4;0.4444444444444444
C01132;0;1;1904.38;2761.44;0.8000084016845377;0.8338061962556262;1;4.75;15;6;0.75
C01133;0;4;1982.69;1408.04;0.9166435499245974;1.653867970170668;0;1.0;2;6;0.5454545454545454
C01135;1;1;2415.59;270.58;0.6250025873596098;1.5964931992121927;0;6.333333333333333;26;7;0.4666666666666667
C01136;0;1;2433.28;592.6;0.6666557075223566;0.9392981359026917;2;3.75;26;5;0.4166666666666667
C01138;0;4;1676.6;746.9675;0.916688536323512;1.0498697525298066;2;4.818181818181818;22;5;0.45454545454545453
C01139;0;4;2983.51;668.6274999999999;0.8333305402026472;0.9727589287460957;0;1.0;5;1;0.2
C01140;1;3;3069.88;828.91;0.4166612375728041;1.6002710662809185;1;4.0;13;5;1.0
C01141;0;8;752.18;924.67125;0.555585099311335;0.18182521399235646;0;1.9;13;4;0.4
C01142;0;5;4935.02;990.926;0.8999963525983683;0.7878585659914685;0;0.4444444444444444;2;2;0.2222222222222222
C01143;1;2;3186.92;441.33000000000004;0.5833406549270141;1.285753477713585;1;0.42857142857142855;2;2;0.2857142857142857
C01144;0;1;1215.8;1311.15;0.9443822997203488;0.9868586595670419;1;4.176470588235294;25;9;0.5294117647058824
C01145;0;0;757.97;0.0;0.16665567238808923;0.28139873328432796;2;0.5;2;1;0.25
C01147;0;1;1479.85;977.16;0.2222117106463493;0.47747724493516297;0;10.5;24;2;0.5
C01148;1;0;2644.37;0.0;0.8333364846825521;0.6828163006037069;1;6.6;20;4;0.8
C01150;0;2;2117.17;794.48;0.8333293972614387;0.41835682161290577;1;1.8;9;1;0.2
C01151;0;0;2818.36;0.0;0.20833037653103226;0.8550979232087866;0;0.0;0;0;0.0
C01152;0;3;3830.32;702.5466666666666;0.2916727584118298;0.7301034830460499;0;2.5714285714285716;16;2;0.2857142857142857
C01153;0;4;1961.42;1528.845;0.8999908229751913;0.9365873690443222;0;0.1111111111111111;1;1;0.1111111111111111
C01154;0;1;2370.78;1023.58;0.6666666666666666;1.7551582454192116;0;2.6666666666666665;21;5;0.4166666666666667
C01155;1;1;5355.71;371.72;0.6666529741154767;3.4534920460920424;3;6.5;19;11;0.6875
C01156;1;1;2487.67;281.45;0.9000108535296081;1.2853784308862435;0;10.88888888888889;24;7;0.7777777777777778
C01157;1;4;1510.15;678.805;0.800026487435023;0.527873127285184;2;7.625;16;7;0.875
C01158;0;8;1030.5;714.8612499999999;0.8999999999999999;0.33609690549496424;1;5.222222222222222;22;4;0.4444444444444444
C01159;0;5;1396.67;605.8639999999999;0.8333392999062055;0.8082674567992686;0;0.4;2;1;0.2
C01160;0;0;2407.3;0.0;0.29999999999999993;1.664626767624382;0;0.3333333333333333;1;1;0.3333333333333333
C01161;1;1;805.46;496.69;0.6666997740421622;0.3095042306776001;1;3.1666666666666665;12;6;0.5
C01162;0;1;2752.81;255.49;0.11110828571532362;1.4623937526561834;0;0.0;0;0;0.0
C01163;0;3;1940.42;1104.9033333333334;0.62499355809567;0.33563208847699255;0;2.2;25;6;0.4
C01164;1;8;4769.45;1136.10625;0.699992661627651;2.5492810946603237;3;6.714285714285714;19;5;0.7142857142857143
C01165;0;0;3768.04;0.0;0.9166569357013196;1.1866646511217767;0;3.272727272727273;19;4;0.36363636363636365
C01166;0;8;3679.2;578.73125;0.8333333333333334;0.7154775100635902;0;7.4;25;3;0.6
C01168;0;2;1005.56;641.98;0.8333167588209556;0.41688155549106587;0;3.4;17;1;0.2
C01169;0;4;892.26;1313.9;0.9167283078923184;0.31193539365123757;1;3.8181818181818183;23;3;0.2727272727272727
C01170;1;3;2593.37;1268.56;0.916648993394695;2.2610617540127467;1;5.0;22;5;0.45454545454545453
C01172;1;2;6157.41;630.6700000000001;0.16666747869639995;4.919827414006632;0;13.333333333333334;16;3;1.0
C01173;0;2;1384.92;1393.54;0.3333333333333333;0.7088376949416263;1;3.25;13;1;0.25
C01174;1;1;1951.25;700.99;0.16666239590006404;0.8651228574215459;1;0.0;0;0;0.0
C01175;0;7;2165.19;759.7328571428571;0.9000041566790905;1.0424151096004506;0;2.3333333333333335;13;6;0.6666666666666666
C01176;0;6;1196.56;855.5583333333333;0.6666443805575984;0.6796628268920546;0;0.875;5;2;0.25
C01177;0;2;4048.07;1492.845;0.3333341567710044;0.724778658072602;0;7.5;9;2;1.0
C01178;0;5;4630.72;659.42;0.3333304540114712;2.57908426112092;1;9.166666666666666;23;5;0.8333333333333334
C01179;1;1;1418.61;270.58;0.899993655761626;0.3749603527023598;1;5.555555555555555;16;5;0.5555555555555556
C01180;1;0;1416.11;0.0;0.8999936445615103;0.469316197110748;2;6.0;26;4;0.4444444444444444
C01181;0;5;1001.02;926.308;0.22221334239076143;0.290540638596145;0;0.25;1;1;0.25
C01182;0;0;2808.25;0.0;0.8999839757856316;0.8782725092025884;1;6.444444444444445;24;6;0.6666666666666666
C01183;0;2;1693.64;857.9649999999999;0.8333530148083417;0.8721067347747953;3;0.4;2;3;0.3
C01184;1;1;1667.35;1971.71;0.2000059975410082;0.5689837564837564;2;0.0;0;0;0.0
C01185;0;3;2390.6;525.11;0.3888856354053376;0.8423715793850468;0;5.0;23;3;0.42857142857142855
C01186;0;10;1223.82;842.7620000000001;0.8332924776519424;0.2514304263235424;0;0.0;0;0;0.0
C01187;0;0;529.57;0.0;0.8333175972959193;0.1820973326868787;1;1.4666666666666666;17;4;0.26666666666666666
C01188;0;1;3338.28;987.09;0.6666666666666666;0.4874077426796417;0;6.25;14;2;0.5
C01190;1;1;1697.74;293.58;0.33333726012228015;0.9839233140923105;0;1.3333333333333333;6;2;0.3333333333333333
C01191;0;1;2696.42;531.44;0.9166598675280556;0.8322206893146051;1;3.8181818181818183;17;5;0.45454545454545453
C01192;0;0;2502.57;0.0;0.6666746584511123;1.4504961398465215;0;5.125;21;2;0.25
C01193;0;1;1333.27;404.87;0.9000202509619207;0.4534669763993238;0;4.666666666666667;26;4;0.4444444444444444
C01194;0;0;2629.64;0.0;0.8333460093396814;1.0989481250548505;0;7.4;22;7;0.7
C01195;1;3;4594.31;2440.0099999999998;0.29166730150991116;2.5752136991676244;0;12.857142857142858;24;7;1.0
C01196;1;2;7324.31;987.865;0.8999987712153089;1.686855566226546;1;10.666666666666666;20;8;0.8888888888888888
C01198;0;2;1653.93;619.705;0.7499591881155792;0.5997693655012856;2;0.6111111111111112;2;6;0.3333333333333333
C01199;0;2;2739.97;897.13;0.08333667886874674;0.985019628708244;1;12.5;24;2;1.0
C01200;0;2;1220.15;751.335;0.8333401630947015;0.3342592820883706;1;4.0;20;3;0.3
C01201;0;2;1793.74;735.79;0.8999799302017014;0.6539574902475482;0;0.3333333333333333;1;3;0.3333333333333333
C01202;0;2;5487.95;1554.895;0.750001366630527;0.8069434825633628;0;4.666666666666667;24;3;0.3333333333333333
C01203;0;1;2190.35;1061.38;0.9166708516903691;0.9448494521611596;0;0.2727272727272727;1;3;0.2727272727272727
C01205;0;3;1449.16;768.1466666666666;0.12499654972535815;0.4342299636533616;2;0.0;0;0;0.0
C01206;0;3;3016.12;713.8833333333333;0.5416594830444412;0.8566210823783355;0;2.8461538461538463;25;4;0.3076923076923077
C01207;1;4;3023.97;858.2375;0.9000089286600066;1.2269169753599842;1;10.555555555555555;20;6;0.6666666666666666
C01208;1;1;954.36;165.86;0.9166666666666667;0.15471734207032284;0;1.7272727272727273;13;5;0.45454545454545453
C01210;1;3;750.45;309.0366666666667;0.8999400359784129;0.42339699286298627;1;1.6666666666666667;11;3;0.3333333333333333
C01211;1;5;1818.32;821.7180000000001;0.8333516652734392;0.5025510063070383;3;0.7;4;3;0.3
C01212;0;7;2267.95;844.4585714285714;0.8333517052845081;1.1675658700822666;0;6.6;22;6;0.6
C01214;1;6;1456.9;1039.4950000000001;0.5833413412039261;1.2260268785081336;0;12.714285714285714;24;6;0.8571428571428571
C01216;1;3;951.49;679.7933333333334;0.916657032654048;0.12946217188511966;2;1.7272727272727273;17;2;0.18181818181818182
C01217;0;0;1891.85;0.0;0.8333377381927742;0.6209403462706162;1;3.2;14;2;0.4
C01218;0;4;606.72;636.78;0.8333333333333334;0.18658605217594543;0;0.0;0;0;0.0
C01220;1;2;6254.83;533.165;0.3333359979407914;1.9315105718723655;0;0.5;2;1;0.25
C01222;1;2;1354.25;860.565;0.9166328225955325;0.8312055779924629;1;3.6363636363636362;18;5;0.45454545454545453
C01223;0;1;2647.62;311.1;0.7999939568367062;0.814717485091115;0;3.0;23;2;0.25
C01225;1;4;1888.58;1056.8375;0.9000095309703589;0.3429130670036641;1;4.777777777777778;26;3;0.3333333333333333
C01226;0;7;2204.55;953.1828571428571;0.1111156471842326;0.6460560557040371;1;0.0;0;0;0.0
C01227;0;1;1276.83;1412.74;0.2916598137575089;0.421265350023425;2;4.142857142857143;24;3;0.42857142857142855
C01228;1;5;1567.71;924.7879999999999;0.9166491251570762;0.8561855557497379;2;9.727272727272727;21;10;0.9090909090909091
C01230;1;4;3261.84;550.03;0.7777634709243862;1.4026041039577566;3;13.285714285714286;24;12;0.8571428571428571
C01231;0;0;1054.39;0.0;0.9167101357182825;0.4188641618267481;0;2.8181818181818183;20;4;0.36363636363636365
C01232;0;5;2634.33;1119.664;0.4444393830689397;1.40061355564535;0;0.375;2;2;0.25
C01234;0;3;4553.3;1039.16;0.16666593459688578;1.411928505866885;1;7.5;13;2;1.0
C01235;1;0;6415.21;0.0;0.8999985970841173;2.1448450178703373;0;8.11111111111111;17;7;0.7777777777777778
C01236;1;2;3504.76;641.98;0.8333380887707004;0.8140741102060063;0;15.2;23;5;1.0
C01237;0;1;1850.11;891.27;0.8999951354243801;0.1617632014968764;2;0.6666666666666666;6;1;0.1111111111111111
C01238;0;2;2761.07;1027.36;0.7083051135972648;0.8251162484908615;1;1.8823529411764706;20;7;0.4117647058823529
C01239;0;4;2699.92;663.1025;0.33334321016919016;0.9167436301407074;0;0.0;0;0;0.0
C01240;0;2;3365.14;1307.37;0.899989302079557;1.0856375960176663;1;2.2222222222222223;9;3;0.3333333333333333
C01241;1;2;1297.27;2070.59;0.41668272603236023;0.6082388188463216;1;10.0;25;3;0.6
C01242;1;1;6545.4;1137.45;0.9;2.670011625772502;0;7.888888888888889;26;5;0.5555555555555556
C01243;1;0;7216.53;0.0;0.9166704773623889;2.4489793840671927;2;8.909090909090908;24;7;0.6363636363636364
C01245;1;1;2848.61;174.93;0.7999971916127515;1.5123301780111384;3;11.375;26;5;0.625
C01246;0;1;3413.63;507.83;0.6666803373534917;1.3027530988581546;0;0.6666666666666666;2;5;0.4166666666666667
C01247;1;1;531.4;2985.41;0.5;0.1207205979236239;0;6.8;19;3;0.6
C01248;1;4;3155.04;891.755;0.8333333333333335;1.6164936621955344;1;12.9;24;8;0.8
C01249;0;4;4087.0;858.2375;0.16666503547834596;0.6536365831775343;1;0.5;2;1;0.25
C01250;0;1;1650.9;479.4;0.8333333333333333;0.31152994812551776;1;0.8;4;1;0.2
C01251;0;7;1625.28;1090.757142857143;0.9000110750147667;0.8054912650229216;0;6.0;20;5;0.5555555555555556
C01252;0;1;2874.78;182.22;0.600004174232463;0.42516205459942236;0;8.0;26;3;0.5
C01253;1;0;3241.79;0.0;0.33333436157184765;1.587556317335945;0;0.3333333333333333;2;1;0.16666666666666666
C01254;0;0;1527.41;0.0;0.8333387891921618;0.705550038108876;1;4.0;20;1;0.2
C01256;0;2;1174.27;1471.17;0.833368816371022;0.44329807394655973;0;2.1;19;3;0.3
C01257;1;0;2664.42;0.0;0.8333333333333333;0.5352175485115103;1;0.2;1;1;0.2
C01258;1;0;1450.44;0.0;0.8999751799453958;0.4919897832848842;1;5.555555555555555;25;4;0.4444444444444444
C01259;0;3;3341.83;878.21;0.8333458015518443;0.7416746009023945;0;4.0;19;6;0.6
C01260;0;3;2194.84;1395.7;0.6111333855770807;0.7702084802801729;1;0.5454545454545454;3;3;0.2727272727272727
C01261;1;5;1739.52;1141.298;0.5833333333333334;0.4422332330830891;0;1.2857142857142858;8;2;0.2857142857142857
C01262;0;2;2942.3;1323.02;0.6666621350644053;0.8338670823296018;1;3.25;12;2;0.5
C01263;0;7;3920.31;1233.6757142857143;0.9166596519152823;1.3097431168753069;1;0.18181818181818182;1;2;0.18181818181818182
C01264;0;4;939.57;1318.23;0.7083559500622625;0.4090689422469905;2;3.5294117647058822;26;10;0.5882352941176471
C01265;1;1;1118.37;1198.37;0.12500335309423538;0.6725419447952371;0;0.0;0;0;0.0
C01266;0;4;1134.01;891.755;0.8999920635620497;0.3498896962404159;1;5.222222222222222;26;4;0.4444444444444444
C01267;0;5;2070.62;1141.298;0.41666264210719495;0.8814562234737706;0;0.4;2;1;0.2
C01268;0;4;1646.58;799.4375;0.7500273293736108;0.5624679752136693;0;0.5555555555555556;2;3;0.3333333333333333
C01269;0;2;2201.48;474.435;0.1111070734233334;1.5539164131485887;1;0.0;0;0;0.0
C01270;1;2;2265.55;723.01;0.8333296550506498;1.020780110208477;0;17.6;25;5;1.0
C01271;1;2;1175.66;864.575;0.499991494139462;0.4307535604236969;1;0.3333333333333333;2;1;0.16666666666666666
C01273;1;5;3051.91;434.82199999999995;0.6666775887886602;0.6924183400981484;3;3.0;17;2;0.25
C01274;0;6;1778.05;739.6749999999998;0.9166615112060965;0.36457041157570774;2;2.5454545454545454;12;4;0.36363636363636365
C01275;1;0;6055.4;0.0;0.9444413250982595;1.9631325051222863;0;8.529411764705882;26;9;0.5294117647058824
C01277;0;4;1920.86;1088.3325;0.83329862665681;0.6585459507271617;0;3.7333333333333334;24;6;0.4
C01279;1;6;2268.55;1092.5716666666667;0.8333296599149235;0.6421848239939987;3;6.8;21;2;0.4
C01280;0;1;959.48;371.72;0.0833368074373619;0.3570051868223458;0;3.5;7;1;0.5
C01281;0;3;884.41;918.5066666666667;0.6666591286846599;0.42012730986651464;1;4.5;23;5;0.625
C01282;0;1;4082.21;431.01;0.5000012248267482;0.9260911978221416;0;15.333333333333334;21;3;1.0
C01283;1;3;4171.76;620.1033333333334;0.9000086294513586;1.1799398682532096;0;6.111111111111111;21;6;0.6666666666666666
C01284;0;2;1251.98;1023.5550000000001;0.25001996837010176;0.25896355009121785;1;0.0;0;0;0.0
C01285;0;1;4488.01;903.59;0.8333314765341432;1.0851822657239851;1;3.8;10;3;0.6
C01286;0;1;2150.59;290.59;0.1250029061792345;0.4872754050073638;0;0.0;0;0;0.0
C01287;1;0;3463.46;0.0;0.1666628169518343;2.224273016851624;0;9.333333333333334;18;2;0.6666666666666666
C01288;0;9;2557.55;577.6133333333333;0.5000097749799612;1.2894646620483812;0;0.0;0;0;0.0
C01289;0;3;3526.14;1224.98;0.1666638307043963;1.6034468646264382;0;0.0;0;0;0.0
C01291;0;4;1427.58;897.22;0.9166281399291109;0.2892472900415358;0;0.09090909090909091;1;1;0.09090909090909091
C01292;1;3;1493.93;980.2466666666666;0.9166359869605669;0.4602357971786901;1;5.363636363636363;19;7;0.6363636363636364
C01293;1;4;1244.7;981.745;0.9166224793122841;0.6654050326367618;2;2.909090909090909;16;4;0.36363636363636365
C01296;1;2;2854.14;1273.795;0.20832895373037064;0.7222544164425021;2;7.0;20;4;0.8
C01297;0;6;2011.69;1029.3916666666667;0.8333291908793105;0.3878382781336937;1;1.5333333333333334;20;2;0.13333333333333333
C01298;1;0;2005.5;0.0;0.9;0.37442729706619265;3;11.222222222222221;25;8;0.8888888888888888
C01299;0;2;896.98;1703.0;0.4582822359472898;0.30256052188637367;1;6.2727272727272725;24;6;0.5454545454545454
C01300;0;2;1555.26;1102.06;0.5833108290575209;0.8659142916000869;0;2.142857142857143;16;3;0.21428571428571427
C01301;1;0;1248.62;0.0;0.8333199852637312;0.687808478759034;1;8.4;17;4;0.8
C01302;1;0;1980.29;0.0;0.3889026354725823;1.024506963557726;1;7.571428571428571;18;4;0.5714285714285714
C01303;1;0;3633.2;0.0;0.8333287460090278;0.8968893255556186;2;5.0;8;5;1.0
C01304;0;2;735.27;520.675;0.166673466889714;0.26911674279690795;1;5.0;11;3;1.0
C01305;0;3;1329.25;716.9266666666667;0.749994357720519;0.32081373374813255;0;0.7777777777777778;2;4;0.4444444444444444
C01306;1;0;3027.31;0.0;0.16666281286026208;1.031641255972138;0;3.3333333333333335;9;2;0.6666666666666666
C01307;0;4;1346.7;1417.1025;0.49997772332368007;0.3234530480291869;1;1.6666666666666667;10;1;0.16666666666666666
C01308;0;0;1632.01;0.0;0.9166610498710179;0.6975176729038269;0;1.7272727272727273;10;3;0.2727272727272727
C01309;0;3;2665.97;1693.4599999999998;0.4166588521251177;1.4591903755842848;0;3.6;19;3;0.3
C01311;0;1;910.62;414.22;0.6666666666666667;0.13788519106809466;2;6.25;24;2;0.5
C01312;1;3;1920.92;833.5799999999999;0.8999906294900359;0.5193345968027555;0;3.5555555555555554;15;3;0.3333333333333333
C01315;1;1;3768.73;1311.15;0.8333311221552088;1.918993232887454;1;3.3;26;2;0.2
C01316;0;2;380.0;1492.845;0.9;0.24556369793080274;0;2.6666666666666665;24;1;0.1111111111111111
C01317;0;1;737.68;552.85;0.4583830387159744;0.28652996857678875;0;0.5454545454545454;2;3;0.2727272727272727
C01318;0;6;707.02;558.375;0.5000141438714605;0.24059265107225744;0;4.5;25;2;0.3333333333333333
C01319;0;1;3213.15;681.37;0.8000124488430356;0.6703475296562256;0;2.875;20;3;0.375
C01320;0;4;2516.69;1204.2475;0.9166484549149876;0.41978766169320203;0;1.9090909090909092;15;4;0.36363636363636365
C01321;0;1;1426.03;154.83;0.5999873775446519;0.3420244736627508;1;3.5;19;2;0.3333333333333333
C01322;1;1;3399.44;540.7;0.8333284305650344;0.9710937745491526;0;8.0;22;3;0.6
C01323;0;3;3535.55;1338.0333333333335;0.8333356903452079;0.7574955757142061;2;3.8;13;2;0.4
C01324;1;1;4251.67;941.5;0.9166774467444556;1.3788320528744653;1;8.454545454545455;22;7;0.6363636363636364
C01326;0;0;1454.8;0.0;0.39999999999999997;1.0411582420256353;0;0.25;1;1;0.25
C01327;1;2;3184.08;1237.79;0.08333333333333333;1.413274862626388;1;11.0;22;1;0.5
C01328;1;6;1161.88;1117.6316666666667;0.9166351086170688;0.35118666199175447;1;7.545454545454546;26;6;0.5454545454545454
C01329;0;0;738.9;0.0;0.1666802002977399;0.2825815926144056;0;0.25;1;1;0.25
C01330;0;1;2026.09;254.44;0.3888869694830931;0.6932135830981097;0;4.285714285714286;24;2;0.2857142857142857
C01332;1;4;1648.27;1021.1125000000001;0.16667172247265316;0.6116574388813846;0;1.0;2;1;0.5
C01333;1;2;3526.29;482.185;0.8333404229374216;1.0098398306953462;0;5.6;17;2;0.4
C01334;1;1;2994.69;810.84;0.9166758495871025;1.6038915132234326;2;4.545454545454546;19;5;0.45454545454545453
C01335;1;0;2218.12;0.0;0.8333408472039385;0.9154927833519751;2;0.0;0;0;0.0
C01336;0;2;2095.96;381.195;0.22221798125918432;0.5922062363671298;0;6.0;24;1;0.25
C01337;0;2;5673.05;552.275;0.9000079322410341;2.9745438338926173;3;6.0;25;4;0.4444444444444444
C01338;1;4;2069.9;1417.1025;0.9166578095560172;0.3592977559295673;1;6.454545454545454;25;7;0.6363636363636364
C01339;0;6;2528.64;1092.5716666666667;0.5833333333333334;0.4865716732251267;0;1.0;5;2;0.2857142857142857
C01340;0;4;1230.63;703.1875;0.5417062805229841;0.5174366779911871;1;5.769230769230769;23;6;0.46153846153846156
C01341;1;2;962.54;1436.225;0.22220375257132172;0.39752368523214415;1;12.0;24;3;0.75
C01342;1;1;3224.51;351.21;0.899997208878248;1.0540025496028502;0;9.666666666666666;19;7;0.7777777777777778
C01343;1;3;6929.82;872.2700000000001;0.41666305906935536;2.2619932823909203;2;3.2;20;4;0.4
C01344;0;0;1010.0;0.0;0.9;0.3941386509531521;0;0.0;0;0;0.0
C01345;0;3;5811.72;1020.4633333333333;0.6666804319547397;1.9619938220549265;1;4.25;21;11;0.6875
C01346;1;1;2920.16;703.29;0.49999657553010796;0.6705535207871682;1;2.7777777777777777;14;4;0.4444444444444444
C01347;1;1;8049.06;424.38;0.9166734997627052;1.4487774849885524;2;10.818181818181818;23;9;0.8181818181818182
C01348;1;5;2091.18;654.1020000000001;0.33332376935510094;0.2205018489560542;0;2.5;9;2;0.5
C01349;0;1;3602.53;740.14;0.5833511448898413;0.9069813695871098;0;3.142857142857143;26;3;0.21428571428571427
C01350;0;3;1568.19;771.3000000000001;0.16666347827750463;0.6548039584116248;0;5.0;16;3;0.75
C01351;1;2;1170.37;965.1550000000001;0.916658834385707;0.4081997802696056;2;2.1818181818181817;20;2;0.18181818181818182
C01352;0;3;1477.2;1224.98;0.6666666666666666;0.40264614730438053;2;0.625;2;3;0.375
C01353;1;1;11652.48;287.83;0.3000005149118471;3.203316445048012;2;12.0;19;3;1.0
C01354;1;3;3702.29;1322.3233333333333;0.8333355841924863;2.048599237507124;1;14.6;18;5;1.0
C01356;1;2;2727.6;1735.3400000000001;0.8333333333333334;0.6179527088105158;0;4.0;20;1;0.2
C01357;0;1;2553.8;1057.99;0.9166810243558617;1.0376913825049574;1;4.818181818181818;26;4;0.36363636363636365
C01358;0;4;1711.32;515.21;0.9166666666666667;0.9970054647355603;0;0.5454545454545454;4;2;0.18181818181818182
C01359;0;4;660.53;646.2075;0.1666540505351763;0.31627156462324457;0;0.0;0;0;0.0
C01360;0;0;2329.14;0.0;0.4166774002421495;0.8529055268910917;1;4.6;23;1;0.2
C01361;1;3;4003.2;1761.24;0.6000000000000001;1.185996284873748;0;7.5;19;3;0.5
C01362;0;3;2040.54;789.8499999999999;0.8333333333333333;0.3588128547614526;0;0.2;1;1;0.2
C01363;1;3;1673.31;1867.7733333333333;0.2916614375100848;0.7917808219178082;2;5.571428571428571;24;6;0.8571428571428571
C01364;0;1;864.88;1463.52;0.833352603829433;0.16079990927023896;1;0.0;0;0;0.0
C01365;0;5;4996.24;762.126;0.9166593278145166;1.3249954916250304;0;1.5454545454545454;12;4;0.36363636363636365
C01366;0;1;1039.53;545.07;0.8333573826633189;0.1533988032434905;0;5.8;26;2;0.4
C01367;1;1;1583.65;480.19;0.8333280712278597;0.995180102053641;1;11.8;26;3;0.6
C01368;0;2;1035.57;1156.21;0.7000202786870999;0.30002955185481345;1;1.5714285714285714;9;2;0.2857142857142857
C01369;1;7;2579.43;412.61428571428576;0.8888785506875552;1.2129418458659167;0;1.5625;11;5;0.3125
C01370;0;6;2445.75;583.1116666666667;0.2000040887253399;1.4913746318440422;0;0.0;0;0;0.0
C01371;0;0;1132.52;0.0;0.11111503549606189;0.19946914843589006;0;5.0;10;1;0.5
C01372;0;1;887.88;689.55;0.3333333333333333;0.22471773611838758;0;0.0;0;0;0.0
C01373;1;6;2705.14;369.46166666666664;0.8333394944439105;0.9179269836206866;0;2.6;13;1;0.2
C01374;1;1;1502.69;533.76;0.9166361658093153;0.49851707847872817;1;5.909090909090909;19;7;0.6363636363636364
C01375;0;4;1429.15;648.315;0.6666899905538256;0.5032058843205673;1;2.5;17;3;0.375
C01376;0;5;1926.55;787.266;0.9000233578157848;0.6986708734519211;1;0.8888888888888888;5;3;0.3333333333333333
C01377;1;2;1783.0;187.36;0.11111609646662927;0.43446160144057033;0;1.0;2;1;0.5
C01378;0;1;2709.01;572.65;0.5555535047858812;0.45626968487359576;0;0.4;2;2;0.2
C01379;0;4;1640.73;703.1875;0.8333485704533957;0.4872046893373401;1;0.4;2;1;0.2
C01380;1;3;3571.35;1464.26;0.83332633317933;1.2216635024885834;0;7.2;25;3;0.6
C01381;0;0;3108.74;0.0;0.5833295804731178;1.3713678211117435;0;4.285714285714286;16;5;0.7142857142857143
C01382;0;3;572.57;969.5300000000001;0.666678310075624;0.14263827370246182;1;7.0;26;2;0.5
C01383;0;0;961.13;0.0;0.3333159926336708;0.8436219048705773;0;4.25;7;3;0.75
C01384;1;0;2675.09;0.0;0.9166495332867305;1.2455603669041302;0;13.454545454545455;26;11;1.0
C01385;0;5;1406.03;713.104;0.12499022069230387;0.31456358031044035;1;0.0;0;0;0.0
C01386;0;5;859.86;938.2360000000001;0.9000418672807201;0.3045665860850623;1;0.4444444444444444;2;3;0.3333333333333333
C01387;1;4;1181.06;1362.3474999999999;0.8000270943051158;0.3342569034270205;0;5.75;20;5;0.625
C01388;0;1;1088.52;1374.7;0.5833333333333333;0.55815813762691;0;2.0;10;3;0.42857142857142855
C01389;0;0;2945.36;0.0;0.5555517831436564;0.8252966641915463;2;5.0;26;4;0.4
C01390;0;0;923.31;0.0;0.7499756311531339;0.25724602349820713;1;7.444444444444445;18;5;0.5555555555555556
C01391;0;2;2208.81;568.375;0.9166791168095038;0.5998207714972369;1;1.2727272727272727;9;4;0.36363636363636365
C01392;1;3;1126.68;848.2333333333332;0.8333333333333333;0.8951424530850269;0;8.2;22;4;0.8
C01396;0;2;4328.79;346.62;0.10000023101143737;1.4468122796169722;0;1.0;1;1;1.0
C01397;0;3;2416.23;1386.4866666666667;0.2222304995799241;0.609033302077977;0;0.5;2;1;0.25
C01399;1;2;3005.09;732.26;0.9000029949186215;1.0455796443395997;2;8.222222222222221;24;7;0.7777777777777778
C01400;0;2;4083.07;782.74;0.8333312923853865;0.6036722395368229;0;0.0;0;0;0.0
C01402;0;4;3110.15;2327.785;0.33334083565101363;1.1718329069473905;0;0.6666666666666666;2;3;0.5
C01403;1;1;1095.05;492.78;0.4166476416601982;0.3692955713534149;0;7.4;20;2;0.4
C01404;1;1;1682.09;369.93;0.8333382874875899;0.7429135492761176;1;9.4;21;5;1.0
C01405;0;3;473.34;1266.1633333333334;0.8333333333333334;0.15729343896214376;0;0.6;2;2;0.4
C01406;0;7;817.79;887.3514285714285;0.8333435233984275;0.16117391544277054;0;0.8;2;3;0.6
C01407;0;3;2035.97;445.91333333333336;0.4166564340339003;0.7083704456258525;0;0.2;1;1;0.2
C01408;1;0;868.16;0.0;0.8333141356431994;0.5180539559973982;0;5.2;23;3;0.6
C01409;1;6;1561.21;558.375;0.6249959966948713;0.5703529428956589;1;1.4;15;5;0.3333333333333333
C01411;1;2;1768.09;717.355;0.9000050902386191;1.0441558594949567;0;6.333333333333333;22;4;0.4444444444444444
C01415;0;3;2837.45;822.7800000000001;0.666669016194118;1.0395798374746281;0;11.75;17;3;0.75
C01418;1;1;3615.99;200.05;0.9166590615571393;3.7305553549505306;2;8.0;21;9;0.8181818181818182
C01419;1;2;3019.83;528.885;0.8999910590993534;3.3553666666666664;2;8.222222222222221;25;6;0.6666666666666666
C01420;1;0;3342.28;0.0;0.9166556961116362;0.7840555877461111;0;2.8181818181818183;16;6;0.5454545454545454
C01421;0;3;3221.55;309.0366666666667;0.8333410935729694;0.511074024072379;0;5.0;23;2;0.4
C01422;1;3;1419.49;839.1333333333333;0.9000063403053209;0.287875868754449;2;7.555555555555555;24;7;0.7777777777777778
C01425;0;0;3383.65;0.0;0.8333308705096568;0.8768385973277497;0;1.0;2;3;0.6
C01426;0;0;1342.64;0.0;0.8333209199785497;0.31528916692497727;0;0.8;2;2;0.4
C01427;1;2;840.37;1013.2750000000001;0.8333234170662922;0.33128735197186876;2;4.0;18;2;0.4
C01428;1;5;4632.72;1268.108;0.8333333333333333;2.0654216024146343;1;15.4;23;5;1.0
C01429;0;1;3393.24;287.83;0.5;0.6751641529706712;2;4.166666666666667;20;3;0.5
C01431;0;0;1384.12;0.0;0.8333453746784962;0.5519502011811667;0;3.4;17;1;0.2
C01432;1;1;6552.29;1095.67;0.7499942768100925;2.3259237434639535;1;3.888888888888889;17;4;0.4444444444444444
C01433;0;8;4277.63;1058.71375;0.7999943894165694;1.6668991746615647;1;7.875;24;5;0.625
C01434;1;0;3325.63;0.0;0.5416748104870355;0.4574790184153728;0;10.846153846153847;26;9;0.6923076923076923
C01435;1;5;1510.56;840.5380000000001;0.9166666666666666;1.0820475351355998;0;9.363636363636363;23;8;0.7272727272727273
C01436;1;2;1381.64;998.59;0.9166932051764569;0.3996436401922955;0;1.6363636363636365;13;5;0.45454545454545453
C01437;1;1;3675.62;1439.96;0.9166616788460179;1.6877597219224818;0;8.0;22;7;0.6363636363636364
C01438;0;1;2595.15;402.43;0.9166560699766871;0.4653516833281033;2;0.45454545454545453;2;3;0.2727272727272727
C01439;0;1;732.92;2785.91;0.9167166948643781;0.17597161097625685;1;0.45454545454545453;2;3;0.2727272727272727
C01440;0;4;2085.56;776.36;0.40000767180037977;0.7946382985208836;0;0.0;0;0;0.0
C01441;1;4;924.43;859.4200000000001;0.9444955269733782;0.39266099470324134;0;5.705882352941177;19;9;0.5294117647058824
C01442;1;1;1258.55;2758.89;0.7500059592388065;0.6393674146400938;0;5.777777777777778;24;3;0.3333333333333333
C01443;1;4;1538.4;1381.75;0.6111349453978159;0.6830684800127875;4;1.6363636363636365;13;4;0.36363636363636365
C01444;0;3;888.17;721.0566666666667;0.27776214013083084;0.40663586959009973;0;0.4;2;1;0.2
C01445;1;8;2005.81;982.13375;0.9166620966093499;0.8331401893226668;0;7.545454545454546;25;5;0.45454545454545453
C01446;1;0;1444.38;0.0;0.4166493582021351;0.9884077409465416;1;6.4;12;3;0.6
C01447;0;2;1725.03;1010.335;0.916650724914929;1.549697252816357;3;3.3636363636363638;17;8;0.7272727272727273
C01448;1;2;2438.73;694.64;0.5999926191091265;1.0348334917509676;0;7.333333333333333;24;3;0.5
C01449;0;8;1531.11;1063.15625;0.8999941219115546;0.7507281196371659;0;5.333333333333333;18;3;0.3333333333333333
C01450;0;3;1477.43;758.11;0.9166728711343347;0.2815015652419123;0;2.1818181818181817;18;4;0.36363636363636365
C01451;0;2;4165.63;1768.6499999999999;0.27777310994975546;1.3429025519349056;1;1.4;7;1;0.2
C01452;0;3;932.57;756.9899999999999;0.9166175193283077;0.3664638986474273;0;0.18181818181818182;2;1;0.09090909090909091
C01453;0;4;380.0;695.1925;0.9167631578947368;0.14121774289451777;1;5.818181818181818;25;6;0.5454545454545454
C01454;1;4;3164.09;741.23;0.9166521811958573;1.6715833628299885;1;5.545454545454546;24;6;0.5454545454545454
C01455;0;1;1594.54;1578.27;0.27779171422479215;0.6068981791608306;1;0.0;0;0;0.0
C01457;1;5;2335.77;1354.6;0.4166720182209721;0.43466779810521267;1;4.6;23;1;0.2
C01458;0;1;744.97;927.68;0.40001610803119586;0.24325471590296846;0;0.0;0;0;0.0
C01459;0;1;1740.57;582.84;0.6666781571554147;0.3641550290287149;0;0.25;1;2;0.25
C01460;0;1;2541.71;528.73;0.8999964590767632;1.3932445691795803;2;1.3333333333333333;10;3;0.3333333333333333
C01462;1;1;2618.4;1110.54;0.8333333333333333;0.633562555349616;1;6.5;22;7;0.7
C01463;0;4;2519.68;1486.2125;0.2777733680467361;0.5704531150242926;0;6.4;16;4;0.8
C01464;0;4;1316.57;1355.5375;0.33333586516478425;0.3216355268043856;0;0.0;0;0;0.0
C01465;1;1;1224.91;1033.13;0.8333265301124164;0.9163069741694657;0;7.6;23;3;0.6
C01466;0;6;1328.69;735.0316666666666;0.20000150524200527;0.3318307143642049;0;0.0;0;0;0.0
C01467;1;3;1744.57;1338.0333333333335;0.8333285566070723;0.6685098327738692;1;2.8;12;2;0.4
C01469;1;2;2786.5;729.115;0.583337520186614;1.2736888295684132;0;3.142857142857143;22;1;0.14285714285714285
C01470;1;1;672.19;703.29;0.9443460926226216;0.1569265105160069;2;2.8823529411764706;17;5;0.29411764705882354
C01471;1;8;2978.21;1063.15625;0.5000117520255456;0.7748995017367661;0;6.222222222222222;22;8;0.8888888888888888
C01472;0;3;2555.97;971.3833333333333;0.22222483049488062;0.7971960576383257;2;0.25;1;1;0.25
C01473;0;2;1441.1;738.565;0.541704253695094;0.24405651014940438;0;0.23076923076923078;2;2;0.15384615384615385
C01474;1;4;1459.39;648.135;0.9166980724823386;0.7415222803719324;1;9.272727272727273;23;7;0.6363636363636364
C01476;0;3;2319.9;809.41;0.8999999999999999;1.2771966527196652;0;1.3333333333333333;12;1;0.1111111111111111
C01477;0;4;1765.09;648.315;0.49999716728325466;0.7560210904137987;1;3.7777777777777777;23;3;0.3333333333333333
C01478;1;1;4262.11;1348.52;0.8999978883698451;2.433350080500588;5;13.0;24;9;1.0
C01479;1;2;5522.17;469.315;0.4999990945588419;2.977970598703582;2;10.166666666666666;20;5;0.8333333333333334
C01480;1;1;2398.03;112.45;0.166670141741346;0.9895353203570206;1;0.0;0;0;0.0
C01481;0;4;3397.63;526.75;0.8333455967836402;0.8201190002051727;2;2.8666666666666667;23;7;0.4666666666666667
C01482;0;4;548.7;818.215;0.9165664297430288;0.1425928139666634;1;2.0;18;3;0.2727272727272727
C01483;0;2;2035.56;1488.04;0.9166666666666666;0.8784378034307908;0;0.5454545454545454;2;4;0.36363636363636365
C01485;1;1;1545.46;321.09;0.9000232940354328;0.35161089965122394;3;12.11111111111111;25;7;0.7777777777777778
C01486;0;1;1757.44;1033.13;0.16667425345957756;0.9343413399683137;0;0.3333333333333333;1;1;0.3333333333333333
C01487;1;3;1771.34;1322.3233333333333;0.3999909672903;1.312006518035701;0;13.25;26;3;0.75
C01488;1;3;554.59;848.8000000000001;0.1250112695865414;0.2141389882078568;0;7.666666666666667;23;1;0.3333333333333333
C01489;0;2;1108.52;865.3900000000001;0.8333182982715693;0.3006376060077619;0;0.4;2;1;0.2
C01490;1;3;5514.62;522.2066666666666;0.8333303110640443;1.6237618514810672;2;14.8;26;5;1.0
C01491;1;0;2097.29;0.0;0.9000042912520443;0.7982621073946073;2;13.88888888888889;22;8;0.8888888888888888
C01492;1;3;4039.75;770.54;0.6666749180023516;1.427539074233092;1;2.5;20;1;0.125
C01493;1;0;1455.55;0.0;0.8333276081206418;0.5691656173993289;1;0.6;2;2;0.4
C01494;1;2;1291.65;1471.17;0.5000193550884526;0.46769258622250387;0;3.8;14;3;0.6
C01495;0;7;7561.87;1876.4257142857143;0.16666776868684596;3.9334342457060223;4;6.5;18;2;0.5
C01496;1;3;1047.23;2209.1766666666667;0.8999742176981179;0.40060823992961253;2;1.5555555555555556;12;2;0.2222222222222222
C01498;1;0;4885.17;0.0;0.7222266574141739;1.9509464856230032;0;13.23076923076923;26;11;0.8461538461538461
C01499;0;4;2909.02;1464.1125;0.916672968903617;0.8105242041091539;0;4.2727272727272725;26;5;0.45454545454545453
C01500;1;3;931.89;884.9466666666667;0.6666452049061584;0.19093680720892017;1;5.833333333333333;22;8;0.6666666666666666
C01501;1;5;2650.4;716.52;0.6249811349230305;1.136121053646827;1;7.533333333333333;26;11;0.7333333333333333
C01502;0;2;2399.58;230.95;0.9166437459888814;0.4891222591619461;0;5.454545454545454;23;7;0.6363636363636364
C01503;0;7;1591.54;845.9857142857143;0.4166719026854493;0.6262552334183271;0;4.6;22;2;0.4
C01504;1;5;3307.49;494.45;0.91665280922996;1.6769625464556788;0;4.0;15;6;0.5454545454545454
C01505;0;2;1546.9;1089.005;0.9;0.5504884254728564;0;0.3333333333333333;2;2;0.2222222222222222
C01506;1;2;2534.19;760.9000000000001;0.2000007892068077;1.4200404574720245;0;1.0;2;1;0.5
C01507;1;4;866.33;953.3475;0.6666743619636858;0.19604351141756074;0;0.0;0;0;0.0
C01508;0;0;1264.51;0.0;0.8333267431653367;0.5320847289313787;0;11.2;24;3;0.6
C01510;0;5;1281.26;1141.298;0.5000156096342663;0.8758656048125235;1;0.4;2;1;0.2
C01511;0;1;2088.27;1678.7;0.3333476992917583;1.0677973901660802;0;1.0;2;4;0.6666666666666666
C01512;1;0;1582.84;0.0;0.2083280685350383;0.7498626139356843;2;16.0;25;4;0.8
C01513;0;3;3412.25;980.2466666666666;0.8333357755146897;0.747094601695509;1;0.0;0;0;0.0
C01514;0;1;4507.71;2967.58;0.8333277872800157;1.1705844469489615;3;3.3;26;4;0.4
C01515;1;8;621.81;825.5425;0.49999195895852433;0.23967298923454658;0;7.6;20;3;0.6
C01516;1;2;1790.94;1687.005;0.9166359565367908;0.5200838666960936;3;11.090909090909092;24;7;0.6363636363636364
C01520;1;1;2046.99;1082.97;0.7777663789271075;1.4689558665231432;3;8.071428571428571;26;8;0.5714285714285714
C01521;0;2;1259.81;450.765;0.7083052206285075;0.8442861355350632;1;1.5294117647058822;21;5;0.29411764705882354
C01522;1;1;1469.92;1650.26;0.9166417219984759;0.4593614840371009;1;1.0;7;3;0.2727272727272727
C01523;0;6;4230.82;1403.2883333333332;0.9166709999480007;2.107559341453087;2;0.09090909090909091;1;1;0.09090909090909091
C01524;1;3;4020.58;1193.4733333333334;0.9166712265394545;1.7763924112152834;2;10.545454545454545;24;8;0.7272727272727273
C01525;0;5;1899.94;998.958;0.66667368443214;0.47458279108455587;0;0.0;0;0;0.0
C01526;1;4;1070.1;1417.1025;0.16667601158770212;0.2634766807995154;0;7.0;14;1;0.5
C01528;1;2;3210.81;1623.105;0.8333411195305857;1.3415995687908175;1;6.4;20;2;0.4
C01530;0;1;1918.86;505.88;0.9000187611394265;0.3821653767561172;0;0.3333333333333333;1;3;0.3333333333333333
C01531;0;2;1781.91;970.8249999999999;0.8333193034440572;0.364395792263458;0;13.8;24;4;0.8
C01532;0;4;3981.72;641.1274999999999;0.9166666666666666;2.35298428081787;0;8.0;25;8;0.7272727272727273
C01533;0;1;1631.61;302.47;0.49999693554219454;0.6542298531640697;0;1.2;6;1;0.2
C01534;1;2;3465.25;2106.06;0.8333309285044369;1.9748727680988447;1;10.2;16;4;0.8
C01535;1;2;1517.31;520.675;0.8333168568057946;0.6459909486080185;1;9.6;19;4;0.8
C01536;0;2;1572.62;955.415;0.7777975607584796;0.5180010145128032;1;0.2857142857142857;2;3;0.21428571428571427
C01537;0;4;1405.77;657.89;0.5000106703087988;1.127656161010083;2;4.5;22;4;0.6666666666666666
C01539;0;0;1287.91;0.0;0.8999930119340636;0.5132178778073545;1;0.5555555555555556;3;2;0.2222222222222222
C01541;0;6;1553.22;965.8183333333333;0.4444444444444445;0.33626467837472723;0;2.375;14;3;0.375
C01542;1;3;1092.4;805.0066666666667;0.9444617356279751;0.4280664905914716;0;7.882352941176471;24;12;0.7058823529411765
C01543;0;1;3182.8;966.04;0.8999999999999998;2.6706719473719542;0;2.0;17;2;0.2222222222222222
C01544;1;5;4297.11;528.646;0.8333275154696994;2.0568503281207366;3;11.6;24;5;1.0
C01546;1;2;1090.56;967.645;0.8333333333333334;0.34362307835309464;0;1.2;6;1;0.2
C01547;1;3;1806.42;381.5;0.38890180578160116;0.7449615440130318;1;1.2857142857142858;6;3;0.42857142857142855
C01548;0;0;1230.65;0.0;0.8332994758867265;0.37775956485437845;0;2.8;23;4;0.4
C01549;1;4;2093.91;710.1;0.8999957018209951;0.5684381125088906;0;0.8888888888888888;7;2;0.2222222222222222
C01551;0;1;1633.54;555.31;0.7777587325685321;0.5631867279428242;2;2.357142857142857;24;7;0.5
C01552;0;0;2671.45;0.0;0.7777573976679332;0.3595060618580008;0;7.357142857142857;25;9;0.6428571428571429
C01553;0;3;695.39;872.4933333333333;0.8000115043356966;0.32822780866790646;0;0.375;2;2;0.25
C01555;0;1;1458.22;250.89;0.2500034288378983;0.29214766257027114;1;0.6666666666666666;2;1;0.3333333333333333
C01557;0;3;1592.03;685.4333333333334;0.5833369974183903;0.9758733350087961;1;4.0;14;4;0.5714285714285714
C01558;0;1;671.43;1920.51;0.6666368794960011;0.3579470940088923;0;1.25;10;1;0.125
C01559;0;8;1317.29;1486.625;0.9166318730120171;0.5027939571135217;1;5.909090909090909;20;7;0.6363636363636364
C01560;0;4;984.7;1056.8375;0.7;0.2562834603862861;1;0.2857142857142857;2;1;0.14285714285714285
C01561;1;0;622.89;0.0;0.6000096325193854;0.3713514093575619;1;4.166666666666667;19;2;0.3333333333333333
C01563;0;0;794.1;0.0;0.33335851907820174;0.17553166798188316;0;4.75;17;2;0.5
C01564;0;5;1787.25;926.308;0.9166820534340466;0.3060537771034615;1;0.18181818181818182;2;1;0.09090909090909091
C01565;0;2;1805.03;860.635;0.8999850417998593;0.8325284922952036;2;3.111111111111111;15;4;0.4444444444444444
C01566;0;4;957.95;725.34;0.7222297614698053;0.918747062829083;2;0.15384615384615385;2;1;0.07692307692307693
C01567;0;0;1095.85;0.0;0.8333257288862528;0.4716721257849724;2;3.7333333333333334;25;3;0.2
C01568;0;2;1645.44;782.975;0.6999829832749902;0.6808228927028682;0;0.42857142857142855;2;2;0.2857142857142857
C01569;0;2;2240.12;547.4300000000001;0.6250111601164224;1.2355669790350958;1;0.13333333333333333;1;2;0.13333333333333333
C01570;1;1;2177.86;201.76;0.8333409861056266;0.6564010753854871;0;0.8;3;2;0.4
C01571;0;3;2111.83;354.9266666666667;0.611090854851006;0.7619781274467708;0;2.1818181818181817;22;2;0.18181818181818182
C01572;0;6;620.99;739.6749999999998;0.833346752765745;0.08370085023102346;0;2.5;15;2;0.2
C01573;1;1;3130.21;1931.19;0.8999971247935441;0.9230880384073229;2;4.111111111111111;25;6;0.6666666666666666
C01574;0;2;2332.42;435.36;0.9166745268862384;0.5141418661399793;0;0.36363636363636365;2;2;0.18181818181818182
C01575;1;0;8231.51;0.0;0.7999990281248519;2.3631694538146846;1;11.5;19;7;0.875
C01576;0;6;1761.14;859.2816666666666;0.708325289301248;0.18473987420644747;0;0.23529411764705882;2;2;0.11764705882352941
C01577;1;5;2468.86;984.896;0.37500303783932665;0.8786666571760067;2;5.333333333333333;25;5;0.5555555555555556
C01578;0;3;877.18;731.7033333333333;0.4583437834879956;0.17250785172482286;1;3.6363636363636362;23;5;0.45454545454545453
C01579;0;3;1058.04;560.0566666666667;0.6666666666666667;0.3833478260869565;1;0.0;0;0;0.0
C01580;0;3;1550.41;514.9366666666666;0.9166607542521009;0.65052258814348;2;0.9090909090909091;2;6;0.5454545454545454
C01581;0;6;1744.23;782.315;0.6250322491873205;0.7324327502078591;0;2.0;17;7;0.4666666666666667
C01582;0;4;2004.5;637.95;0.9;0.49898435710800665;2;1.6666666666666667;14;2;0.2222222222222222
C01583;0;1;905.23;187.45;0.5833655535057388;0.16046791545755418;0;3.142857142857143;19;3;0.42857142857142855
C01584;0;1;1899.22;690.88;0.33333684354629795;1.2033860717385931;0;1.25;3;3;0.75
C01585;0;6;2230.75;648.7800000000001;0.9166872128208002;0.5874754423019188;3;7.636363636363637;25;9;0.8181818181818182
C01586;1;2;2930.0;1161.8899999999999;0.9;1.3037287532259498;0;5.222222222222222;19;4;0.4444444444444444
C01587;1;0;1671.12;0.0;0.75;0.5173938350650797;1;8.222222222222221;25;6;0.6666666666666666
C01588;0;3;2471.11;1350.23;0.8999963579120315;0.7135007622655456;1;6.555555555555555;18;6;0.6666666666666666
C01589;1;0;2092.7;0.0;0.8888803937497015;0.3186734704754595;1;8.9375;22;11;0.6875
C01590;0;8;2297.26;946.4200000000001;0.7222473729573492;0.5864965329902067;1;1.0;10;3;0.23076923076923078
C01591;1;2;2496.8;531.63;0.8333266581223966;1.148788545242061;2;11.4;18;5;1.0
C01592;1;3;5000.71;1052.01;0.6666653335226398;1.160292537825967;2;12.0;20;4;1.0
C01593;0;3;1796.65;942.0366666666667;0.1249993042607074;1.1947002693087743;1;13.666666666666666;26;2;0.6666666666666666
C01594;0;3;990.5;1386.4866666666667;0.708319030792529;0.33292327135347344;1;0.4117647058823529;2;5;0.29411764705882354
C01595;1;1;1119.28;853.54;0.33333928954327785;0.30668062230454346;1;0.5;1;1;0.5
C01597;0;2;1408.99;874.175;0.8333274189312913;0.7448037806064194;1;1.6;2;4;0.8
C01598;1;0;2663.66;0.0;0.3333308305114016;1.5759250275112116;0;2.5;8;2;0.5
C01599;0;4;1502.62;496.7125;0.8333444250708762;0.8144105276850366;0;1.2;5;2;0.4
C01600;1;1;1284.57;839.64;0.2222066528098897;0.6449162583340027;1;10.0;21;4;1.0
C01601;1;2;1728.82;230.95;0.3333371895281174;1.0567230229459297;0;0.75;3;1;0.25
C01602;0;1;793.24;1267.8;0.12499369673743128;0.21114609923792133;0;0.6666666666666666;2;1;0.3333333333333333
C01603;1;0;2687.11;0.0;0.8333302321081012;0.9904096007194643;1;5.2;24;2;0.4
C01604;0;0;1603.71;0.0;0.6999956351210631;0.38567872731863934;0;2.857142857142857;19;2;0.2857142857142857
C01605;0;2;1148.21;546.27;0.9166267494622063;0.23503559687713652;0;0.36363636363636365;2;3;0.2727272727272727
C01606;1;4;4244.98;2193.6025;0.749982332072236;2.349043500395659;0;6.111111111111111;23;8;0.4444444444444444
C01607;1;4;1233.55;1314.0549999999998;0.8999635199221757;0.46489935440590646;0;0.1111111111111111;1;1;0.1111111111111111
C01608;1;1;1833.49;191.42;0.9000049086714407;0.39534808502563795;0;2.4444444444444446;20;2;0.2222222222222222
C01609;1;5;3707.16;1453.334;0.9166666666666667;1.331140594983752;5;9.636363636363637;20;9;0.8181818181818182
C01610;1;1;2067.04;1210.37;0.9166489279355987;0.6093993685011189;0;4.2727272727272725;18;4;0.36363636363636365
C01611;0;3;4496.26;1073.72;0.11111012263525685;2.0160521560556535;1;2.5;5;1;0.5
C01612;0;1;1439.75;866.74;0.3333356485500955;0.37193519970446687;0;1.25;4;4;0.5
C01614;0;2;522.76;681.03;0.44441043691177595;0.13177251117933828;2;4.5;18;3;0.375
C01615;1;4;892.22;608.5925;0.24999439600098627;0.26278864278982095;0;5.0;15;1;0.3333333333333333
C01616;0;3;2072.69;828.91;0.5555582359156458;0.5186055356222447;1;2.2;18;2;0.2
C01617;0;2;1992.38;545.74;0.9166574649414267;0.47413122267780694;0;3.909090909090909;26;3;0.2727272727272727
C01618;0;2;1470.55;865.3900000000001;0.8333276665193295;0.3166156754417505;0;0.4;2;1;0.2
C01619;0;0;1498.48;0.0;0.8333444557151246;0.9801353958857966;0;6.8;18;3;0.6
C01620;0;4;2591.47;950.8275;0.3333397646895392;0.713651935405697;0;0.0;0;0;0.0
C01621;1;5;1024.01;537.304;0.375025634515288;0.8428273949151007;3;2.6666666666666665;21;3;0.3333333333333333
C01622;0;2;1155.26;739.01;0.9166507972231359;0.5646321675040566;1;0.5454545454545454;2;4;0.36363636363636365
C01623;1;5;1873.05;901.2439999999999;0.8333466805477697;0.3697375979344202;2;5.2;22;3;0.6
C01624;1;3;1456.82;459.79333333333335;0.8333218928899933;0.6558825118406598;0;1.8;8;2;0.4
C01625;0;1;3628.72;292.7;0.833337926321127;0.6457337179443833;0;0.4;2;1;0.2
C01626;0;4;735.21;2400.42;0.12498469824947973;0.19671275832914156;0;0.0;0;0;0.0
C01627;1;1;2203.73;771.56;0.6249858194969438;0.7291421273441946;0;2.6666666666666665;16;5;0.3333333333333333
C01628;0;1;2507.36;452.64;0.25000398825856673;1.1185282335412152;1;5.0;13;2;0.6666666666666666
C01629;1;4;4460.95;1318.23;0.8333426736457481;1.5734662852587729;0;2.9;24;4;0.4
C01630;0;1;953.21;484.48;0.4444770826995101;0.4137878643178997;0;4.125;14;5;0.625
C01631;0;5;954.99;840.5380000000001;0.29165750426706033;0.3116625002447637;0;3.5714285714285716;18;2;0.2857142857142857
C01632;0;0;1881.83;0.0;0.16666755232938152;0.39027703462206903;2;0.0;0;0;0.0
C01633;0;1;1449.9;752.98;0.24998965445892818;0.34477018887575767;0;6.666666666666667;18;4;0.6666666666666666
C01634;0;4;1609.75;806.0474999999999;0.7777729461096443;0.5701812643342277;0;0.5714285714285714;2;4;0.2857142857142857
C01635;1;1;3352.75;672.07;0.9166803370367608;1.2185614596205567;0;5.181818181818182;22;5;0.45454545454545453
C01636;0;2;2935.66;627.085;0.16666780212967441;2.0321189508732336;0;11.5;23;1;0.5
C01637;0;0;1803.68;0.0;0.8333240929654928;0.48637687412361125;0;0.8;2;2;0.4
C01639;1;1;2765.47;884.04;0.9166832401002362;2.601938185068448;0;5.909090909090909;17;8;0.7272727272727273
C01640;0;2;1156.71;1512.7600000000002;0.2916893603409671;0.3962733429942754;2;2.142857142857143;13;2;0.2857142857142857
C01641;1;1;1607.39;254.36;0.16666770354425495;0.2299921732921823;0;3.0;9;1;0.3333333333333333
C01642;1;2;2031.28;1025.97;0.16666338466385727;1.790746879187531;2;2.5;4;2;1.0
C01644;0;3;1084.12;1512.0633333333335;0.8333025864295467;0.5442096280307214;1;5.0;18;6;0.6
C01646;1;1;2294.86;280.96;0.900015687231465;0.7266515311275977;1;1.4444444444444444;10;3;0.3333333333333333
C01647;0;1;3598.83;1398.93;0.5833284706418475;0.9846589509972913;0;2.142857142857143;26;3;0.21428571428571427
C01648;0;1;1257.8;1091.64;0.5833518842423279;0.19456041380825173;0;1.1428571428571428;6;3;0.42857142857142855
C01649;0;4;997.22;953.3475;0.9166482822245843;0.2797109823346928;0;0.09090909090909091;1;1;0.09090909090909091
C01650;0;5;1433.96;293.596;0.9166922368824792;0.3310798954552591;0;2.3636363636363638;18;6;0.5454545454545454
C01651;1;1;3258.32;284.55;0.5555623757028162;1.3486423841059603;2;3.8;21;2;0.2
C01652;0;1;2358.36;853.15;0.8333333333333333;0.9421117178730222;2;0.2;1;2;0.2
C01653;0;1;2502.02;552.63;0.3888857802895261;1.58097536933362;0;4.285714285714286;16;3;0.42857142857142855
C01654;1;0;3597.56;0.0;0.6666629604509724;2.170801025795746;3;18.5;26;4;1.0
C01655;0;9;1628.05;791.1966666666667;0.8333282147354196;0.5043322294950946;1;1.6;7;2;0.4
C01656;0;2;1583.98;501.095;0.833343855351709;0.5760367155310042;0;6.0;19;5;0.5
C01657;1;1;3422.52;648.31;0.6999959094468403;0.9834008085533102;0;1.4285714285714286;10;1;0.14285714285714285
C01658;0;0;4563.32;0.0;0.8333406379565754;1.4989669251817324;0;3.6;11;6;0.6
C01659;0;5;1035.97;762.126;0.4166626446711777;0.2755012219737203;0;0.0;0;0;0.0
C01660;0;0;584.25;0.0;0.9167137355584081;0.18671144971813522;4;0.5454545454545454;4;3;0.2727272727272727
C01661;0;3;2382.16;624.0633333333334;0.8888739631259026;0.7162323058605635;1;1.25;8;4;0.25
C01663;0;5;1139.01;1007.0319999999999;0.1666710564437538;0.20591005479437197;1;1.5;2;2;1.0
C01664;1;1;4501.82;178.5;0.5833462910556176;1.1016591620986687;0;6.0;24;7;0.5
C01665;0;4;1384.26;788.0325;0.5000144481528037;0.40804740007074636;1;0.4;2;1;0.2
C01666;0;2;1363.25;693.8199999999999;0.89996699064735;0.49227063781230707;0;4.0;20;4;0.4444444444444444
C01667;0;2;2553.37;732.26;0.6666640557381031;0.7020094962375214;0;2.3125;22;5;0.3125
C01669;1;2;2108.06;1114.45;0.9444086031706878;1.0880534307805063;3;10.058823529411764;23;14;0.8235294117647058
C01671;1;2;579.2;1125.85;0.5833736187845304;0.15848519673835715;4;6.285714285714286;21;3;0.42857142857142855
C01672;1;2;982.56;336.53499999999997;0.3333536883243772;0.4462510389179811;1;4.0;19;3;0.5
C01673;1;3;1977.43;580.3366666666667;0.8999863459136354;0.5416666666666667;0;2.0;12;3;0.3333333333333333
C01675;0;1;5781.49;1411.0;0.25000475655929527;1.353858438827458;1;0.0;0;0;0.0
C01676;1;1;1653.59;976.04;0.3333353491494264;0.5327167235274977;3;4.5;23;3;0.375
C01678;1;1;3033.41;729.75;0.5999980220280147;0.6194450457220573;0;0.5;2;2;0.3333333333333333
C01681;1;4;1276.4;838.515;0.33331244124099024;0.29479898284650546;1;2.875;19;3;0.375
C01682;0;1;1912.83;833.62;0.5999905898590048;1.0748168210015283;0;6.666666666666667;22;3;0.5
C01683;1;2;1460.7;284.25;0.33331964126788527;0.8100598935226264;3;8.75;25;4;0.5
C01684;0;2;1235.07;370.055;0.7221695936262722;0.5404883812524616;0;0.07692307692307693;1;1;0.07692307692307693
C01685;0;4;3255.87;1311.355;0.8333256548940836;1.1493388213864628;0;0.2;1;1;0.2
C01686;1;1;877.35;1050.3;0.9166353222773124;0.21758863137532086;1;1.5454545454545454;13;4;0.36363636363636365
C01687;1;2;3127.04;657.6800000000001;0.2500031979124028;1.7215306948244633;0;0.3333333333333333;1;1;0.3333333333333333
C01688;0;2;2326.99;795.05;0.8333297521691112;0.8607387515350584;1;0.4;2;1;0.2
C01690;1;0;7820.76;0.0;0.7083224648243904;3.921222179325836;0;8.117647058823529;24;12;0.7058823529411765
C01691;0;1;1297.27;354.12;0.5833018569765739;0.33949993719119004;1;4.642857142857143;26;4;0.2857142857142857
C01692;0;1;1334.97;1020.96;0.3000067417245331;0.8130245191780655;0;6.0;18;1;0.3333333333333333
C01693;0;2;1509.64;281.03999999999996;0.16666225060279272;0.27091087239746897;0;0.5;1;1;0.5
C01694;1;4;2119.13;1088.3325;0.5999915059481957;0.7713584758687716;0;8.333333333333334;21;3;0.5
C01695;0;1;2687.39;540.7;0.16666728684708956;0.6073334990621257;0;6.0;18;1;0.3333333333333333
C01696;1;1;750.42;783.17;0.29999200447749264;0.20063686604156472;0;2.0;6;1;0.3333333333333333
C01697;1;5;1813.94;798.564;0.3749958653538706;0.8251370345941275;0;4.111111111111111;26;3;0.3333333333333333
C01698;0;1;1404.7;1091.64;0.9;0.578823316109147;0;0.4444444444444444;2;2;0.2222222222222222
C01699;1;0;4920.63;0.0;0.8999945128977387;2.210813628010837;5;15.444444444444445;24;8;0.8888888888888888
C01700;1;4;702.74;1149.8525;0.5416512508182257;0.17060398676419536;3;5.6923076923076925;23;7;0.5384615384615384
C01701;0;2;2337.81;1921.865;0.19999914449848363;0.8444503041424051;0;2.5;5;1;0.5
C01702;1;2;1130.99;960.21;0.6666725612074377;0.5666452899385753;1;1.75;6;2;0.5
C01703;0;4;1992.13;612.9200000000001;0.41668967386666533;1.3133681871823104;0;0.6;3;3;0.3
C01704;1;2;2103.78;547.655;0.9000085560277215;0.8379490406790328;1;2.111111111111111;7;3;0.3333333333333333
C01705;0;3;1073.16;1783.57;0.8333333333333333;0.274980974563568;0;3.6;15;6;0.4
C01706;1;0;1986.54;0.0;0.7499773475490048;0.5054153277818909;3;2.888888888888889;22;4;0.2222222222222222
C01707;0;4;538.38;734.55;0.33333333333333337;0.30084153823802234;0;9.5;19;1;0.5
C01708;1;5;1861.43;777.676;0.7222028225611492;0.5193041091151551;0;4.923076923076923;24;6;0.46153846153846156
C01709;0;5;3507.14;840.5380000000001;0.5416635777300023;0.5867942269917916;0;5.6923076923076925;25;5;0.38461538461538464
C01710;1;1;4116.1;555.31;0.16666261752629916;1.6732385892453536;0;12.75;26;3;0.75
C01711;0;6;1183.24;916.5233333333332;0.38891518204252723;0.4725361618517424;0;3.5714285714285716;14;3;0.42857142857142855
C01712;1;3;1094.94;970.0499999999998;0.5833013681114946;0.36441030522283496;1;1.5;13;6;0.42857142857142855
C01713;0;2;1804.08;1493.37;0.5416666666666667;0.8879657429738642;0;5.461538461538462;26;7;0.5384615384615384
C01714;1;0;2385.14;0.0;0.5833284419363224;0.9949027263322987;0;2.0;11;3;0.42857142857142855
C01715;0;3;1667.76;716.4533333333334;0.20000479685326425;0.5198429025621845;0;13.5;23;2;1.0
C01716;0;2;1653.05;554.13;0.7778107135295363;0.5650004272408784;2;3.142857142857143;24;5;0.35714285714285715
C01717;0;1;5097.38;938.41;0.40000156943370907;1.4371933821290417;1;8.0;19;2;0.5
C01718;0;5;1509.96;757.8340000000001;0.9000238416911706;1.2820717469751646;1;7.444444444444445;23;8;0.8888888888888888
C01719;1;1;3117.35;422.04;0.2916676022904069;0.8636299413506796;0;2.4285714285714284;17;1;0.14285714285714285
C01720;1;2;2276.24;1214.125;0.25000439320985485;1.0954679551656263;0;7.333333333333333;21;2;0.6666666666666666
C01721;1;3;3410.8;713.8833333333333;0.24999706813650757;1.3894637357623556;1;10.666666666666666;25;2;0.6666666666666666
C01722;1;1;1358.97;696.36;0.9444652935679227;0.6011146743337388;0;0.5294117647058824;3;5;0.29411764705882354
C01723;0;1;2190.93;1140.16;0.7083430324108941;1.520402215097639;2;3.764705882352941;21;8;0.47058823529411764
C01724;0;1;3056.62;401.08;0.33332897121657257;0.6690085972929908;1;0.3333333333333333;1;2;0.3333333333333333
C01725;0;8;3995.13;1136.10625;0.8333395909519841;1.2761873426778938;3;0.8;3;2;0.4
C01727;1;0;2591.05;0.0;0.6666640937071843;0.8255563875037836;1;4.875;25;4;0.5
C01728;1;8;1981.66;578.73125;0.33333669751622375;0.5931266910901994;0;17.0;19;2;1.0
C01729;1;6;1667.67;1029.3916666666667;0.37502023781683425;0.7819084592230006;2;2.888888888888889;21;4;0.4444444444444444
C01730;1;4;2275.81;781.27;0.37501812541468754;0.6060842516791214;0;2.888888888888889;23;4;0.4444444444444444
C01731;1;2;2146.28;815.8;0.6666604543675568;1.7357562817931114;0;5.5;20;2;0.5
C01732;1;5;2171.85;659.42;0.9166793286829201;1.0483368811271847;1;1.5454545454545454;9;6;0.5454545454545454
C01733;0;1;1657.82;1768.53;0.6999915551748682;0.5830106732781206;2;4.285714285714286;16;2;0.2857142857142857
C01734;0;8;1257.1;1058.71375;0.5000079548166415;0.8326102938741448;1;6.333333333333333;18;5;0.5555555555555556
C01735;1;2;1786.67;352.26;0.3000050373040349;0.43262241335057366;0;6.333333333333333;19;1;0.3333333333333333
C01736;1;1;1574.49;689.65;0.9000057161366537;0.34488128955098335;1;1.4444444444444444;13;1;0.1111111111111111
C01737;0;5;850.87;757.238;0.8333235394361065;0.257628606897387;0;0.4;1;2;0.4
C01738;1;4;2045.99;668.6274999999999;0.6666699250729475;0.8620829137365115;0;3.5;22;4;0.5
C01739;1;1;3213.95;1080.38;0.9166695188164097;0.44905130497960094;0;11.818181818181818;26;8;0.7272727272727273
C01740;1;1;2172.45;145.84;0.12500172616170685;0.5132769916668831;0;5.666666666666667;10;2;0.6666666666666666
C01741;0;1;2327.49;2140.69;0.9166784819698474;1.958803925199037;0;2.090909090909091;13;3;0.2727272727272727
C01742;1;4;880.21;1106.9499999999998;0.5833267061269469;0.2489563299015726;2;0.42857142857142855;2;2;0.2857142857142857
C01743;1;3;1895.68;1259.1033333333332;0.944484301147873;0.5701173208383583;1;7.9411764705882355;25;10;0.5882352941176471
C01744;1;2;2690.18;934.335;0.8000059475574125;1.0548567216148814;0;5.375;18;3;0.375
C01745;0;4;2019.74;371.325;0.8999821759236337;0.47587789568921646;2;1.7777777777777777;12;3;0.3333333333333333
C01746;0;1;4434.75;267.4;0.11111336602965217;1.6175596269372599;1;8.0;16;1;0.5
C01748;1;7;1978.4;1172.9142857142856;0.12499494541043268;0.9607054755938853;1;7.0;21;1;0.3333333333333333
C01749;0;3;2545.44;783.4333333333334;0.8999858570620404;1.1088487826552882;2;1.2222222222222223;8;3;0.3333333333333333
C01750;0;3;1298.29;516.66;0.1111153902440903;0.3579781235437984;0;0.0;0;0;0.0
C01751;1;3;2167.58;892.2033333333334;0.6666974229324869;0.861696376039563;0;7.9375;26;11;0.6875
C01752;1;2;11315.98;401.515;0.22222379325520192;6.949695075141101;2;14.0;22;3;0.75
C01753;1;0;3226.84;0.0;0.16666460066194788;0.9769983741117413;2;4.0;14;2;0.5
C01754;1;1;3219.37;3237.55;0.08333307448351696;2.303960438553803;1;0.0;0;0;0.0
C01756;0;3;986.23;1503.2333333333333;0.8333248836478306;0.4974703529399896;1;0.6;2;2;0.4
C01758;0;3;3248.02;515.5233333333333;0.8999944581622035;0.4812059705915034;1;0.5555555555555556;2;3;0.3333333333333333
C01759;1;2;1830.53;531.63;0.33333515429957444;1.5458860091375102;2;7.5;15;1;0.5
C01760;1;0;2415.58;0.0;0.5000041397925137;0.46946763686117204;3;7.25;24;9;0.75
C01761;0;2;1757.72;897.13;0.4999943108117334;0.5524468051670491;0;0.2;1;1;0.2
C01762;1;3;1483.6;516.66;0.20000000000000004;1.1791635537045573;0;6.5;13;1;0.5
C01763;1;4;3347.85;939.355;0.6666726406499695;1.5592209134984838;1;12.0;26;3;0.75
C01764;0;1;958.25;557.12;0.8999530393947298;0.33268872903010777;0;0.7777777777777778;2;4;0.4444444444444444
C01765;0;4;1195.89;1282.3474999999999;0.9166896620926673;0.9275714163829144;0;0.6363636363636364;2;5;0.45454545454545453
C01766;0;1;2594.4;572.34;0.5;0.9098305465155426;0;3.8;16;3;0.6
C01767;0;0;1504.86;0.0;0.3000079741637096;0.6162281689564095;1;0.0;0;0;0.0
C01769;1;4;807.58;754.96;0.8333539711236038;0.360472071203478;0;4.0;20;1;0.2
C01770;0;7;3367.37;1329.1542857142856;0.3333283838722802;1.0594911099994022;0;11.75;23;3;0.75
C01772;1;5;3159.72;1119.664;0.9166666666666666;1.5440156760798072;1;5.090909090909091;25;6;0.5454545454545454
C01773;1;2;3090.93;1010.335;0.9166755636653046;1.3192133196187807;0;5.909090909090909;23;4;0.36363636363636365
C01774;0;2;3302.02;1191.2399999999998;0.45831945294092713;0.7367258512902664;0;3.3636363636363638;19;4;0.36363636363636365
C01775;0;2;731.38;782.975;0.2000054691131833;0.14457121621835317;0;0.5;1;1;0.5
C01776;0;3;2062.27;595.97;0.9000130923690884;1.0590189694660408;0;1.7777777777777777;16;1;0.1111111111111111
C01777;1;1;1492.17;246.85;0.20832076774094105;0.9400265848541929;1;18.6;26;5;1.0
C01778;1;5;1856.36;1177.996;0.8000172380357258;0.4084589166936206;0;3.5;12;3;0.375
C01779;0;6;3265.86;369.46166666666664;0.4000048991689784;1.4200008696030262;0;3.75;13;2;0.5
C01780;1;0;2495.36;0.0;0.20832665427032573;2.2519673669771136;1;9.2;26;2;0.4
C01781;1;1;1907.57;254.36;0.666649192428063;0.4861884226408939;5;4.25;23;8;0.5
C01782;0;5;2909.78;1962.1599999999999;0.7222023658145977;0.7254427779329052;1;5.538461538461538;26;5;0.38461538461538464
C01783;1;0;1764.13;0.0;0.8999846950054701;0.8233210435431932;2;10.777777777777779;23;8;0.8888888888888888
C01785;1;2;1906.92;713.225;0.1111111111111111;0.8246889447257914;0;6.0;12;1;0.5
C01786;0;1;1289.38;279.02;0.8333462594425227;0.49993990081696116;0;0.2;1;1;0.2
C01789;1;5;3154.92;1660.868;0.5;1.2629682708705294;2;10.0;25;5;0.8333333333333334
C01790;0;1;3268.55;1643.59;0.5000015297303085;1.140301912859032;1;0.3333333333333333;1;2;0.3333333333333333
C01791;1;3;2704.96;774.11;0.9000133088844198;1.3619660938436209;0;7.555555555555555;20;5;0.5555555555555556
C01793;0;1;1399.87;799.48;0.5000107152807047;0.298526209836499;1;6.0;17;3;0.6
C01794;1;0;1356.69;0.0;0.9000066337925391;0.46558451586334704;1;0.5555555555555556;5;1;0.1111111111111111
C01795;1;2;1960.78;745.0600000000001;0.25000255000561006;1.0704934321871962;1;7.833333333333333;25;3;0.5
C01797;1;7;3530.95;865.2457142857141;0.1249975219133661;2.3569993391497057;0;8.333333333333334;15;3;1.0
C01798;0;1;3496.0;1040.59;0.5000028604118992;1.728613598492902;0;1.6666666666666667;5;1;0.3333333333333333
C01800;0;1;2855.69;862.36;0.9166506168386624;0.593580075494288;0;0.36363636363636365;2;3;0.2727272727272727
C01801;0;3;1835.55;1612.0366666666666;0.9166516847811284;0.4610394014060628;0;0.8181818181818182;6;3;0.2727272727272727
C01802;1;3;1520.16;659.9533333333334;0.9166666666666666;1.1455268869061974;1;1.0909090909090908;7;5;0.45454545454545453
C01803;1;1;2510.47;1723.76;0.5833170681187188;0.8878008586362254;0;7.0;26;9;0.6428571428571429
C01804;0;0;1990.94;0.0;0.9166574582860357;0.8001205642406461;0;3.6363636363636362;24;4;0.36363636363636365
C01805;0;1;1225.91;1261.1;0.1666761834066122;0.29082459332572613;1;0.0;0;0;0.0
C01807;0;5;728.86;716.52;0.9000493922015201;0.19751500616506104;1;2.4444444444444446;20;3;0.3333333333333333
C01809;0;3;2344.73;580.3366666666667;0.749984006687337;1.0104896159697292;2;2.0;15;3;0.3333333333333333
C01811;0;3;2010.27;819.9066666666668;0.9166529869122059;0.7001278171135622;0;1.6363636363636365;12;5;0.45454545454545453
C01813;1;2;731.93;284.25;0.4166382031068545;0.13901566734851634;0;4.0;10;3;0.6
C01815;0;5;4908.93;1246.938;0.9166722687021408;1.5598810291739091;1;7.454545454545454;25;6;0.5454545454545454
C01816;1;1;2451.13;1259.65;0.8333299335408566;1.1806757095239013;2;5.6;22;4;0.8
C01817;0;0;1460.24;0.0;0.8333219196844354;0.30817738814049733;0;2.2;11;1;0.2
C01818;1;5;874.13;636.76;0.7999725441295917;0.3463176536308422;0;2.375;7;4;0.5
C01819;0;0;1438.04;0.0;0.5999833106172291;1.1467257822716979;3;12.5;20;5;0.8333333333333334
C01820;0;4;902.21;1364.905;0.5000055419469969;0.25904954964008536;1;8.666666666666666;24;2;0.6666666666666666
C01821;0;0;1293.96;0.0;0.1250115923212464;0.7618789670156266;0;11.333333333333334;22;2;0.6666666666666666
C01822;0;0;859.13;0.0;0.8999685728585894;0.1906699068988093;0;2.5555555555555554;21;2;0.2222222222222222
C01823;0;2;1413.87;967.645;0.4999893908209383;0.4843795500405971;0;0.5833333333333334;2;6;0.5
C01824;0;2;1018.16;2223.58;0.9000353579005264;0.3292959413699534;2;0.0;0;0;0.0
C01825;0;3;1099.76;828.91;0.8333181785116752;0.6372317248412368;1;4.2;13;2;0.4
C01826;0;1;2312.93;1440.3;0.8999883264949654;0.8149629326868869;2;4.222222222222222;20;2;0.2222222222222222
C01827;1;1;3538.13;775.66;0.9444310977832923;0.6700788042809228;3;0.4117647058823529;2;5;0.29411764705882354
C01828;0;2;1260.11;401.515;0.16666798930252122;0.6465285473874317;0;2.5;5;1;0.5
C01829;0;1;1243.02;831.96;0.22223294878602115;0.22535502363198284;1;0.0;0;0;0.0
C01830;0;3;4365.65;1162.63;0.6666590313011809;1.1254343813481547;0;0.375;2;2;0.25
C01831;1;1;2565.49;555.31;0.9000035081017663;0.9583344228492021;1;2.111111111111111;18;2;0.2222222222222222
C01832;1;6;1053.77;1382.9433333333334;0.7917192556250415;0.4405061492028192;0;0.3157894736842105;2;4;0.21052631578947367
C01833;0;3;4579.95;1387.32;0.8333278747584582;0.8130425520583692;0;6.8;22;6;0.6
C01834;0;2;3489.01;1823.155;0.08333596063066599;2.61503811244107;0;1.0;2;1;0.5
C01835;1;3;2639.82;795.4866666666667;0.9166458319127818;1.432707023999479;1;8.909090909090908;24;7;0.6363636363636364
C01836;1;1;674.18;1413.25;0.9000266991011303;0.3334932750288142;0;0.3333333333333333;2;2;0.2222222222222222
C01837;1;4;2313.44;927.865;0.41665225810913614;1.113510235318467;1;5.2;23;5;0.5
C01839;1;8;2078.54;982.13375;0.8333253148844864;1.3926752787307033;4;4.3;13;5;0.5
C01840;1;2;690.34;783.28;0.1666425239736941;0.5045349236627275;0;5.5;15;2;0.5
C01841;0;0;2013.79;0.0;0.916689426404938;0.8036515284539867;0;0.45454545454545453;2;4;0.36363636363636365
C01842;0;3;532.77;379.43;0.5000281547384425;0.16348605779410275;1;0.3333333333333333;2;2;0.2222222222222222
C01843;0;4;1418.65;826.7149999999999;0.8999682797025342;1.366254153223865;1;2.2222222222222223;17;4;0.4444444444444444
C01844;0;0;1132.79;0.0;0.27776551699785484;0.4519607882252962;0;2.0;8;3;0.6
C01845;1;1;3546.93;558.93;0.4444406853250558;1.1118484571113312;2;12.125;23;6;0.75
C01846;1;2;6691.03;578.145;0.7083259229147083;2.5155950402658824;0;1.6470588235294117;13;6;0.35294117647058826
C01847;0;5;2260.55;914.65;0.6000132711065891;1.1284243840102233;0;4.0;22;2;0.3333333333333333
C01848;0;4;1790.2;847.4324999999999;0.8333426432800803;0.7455780499689724;3;5.6;19;2;0.4
C01850;1;0;440.71;0.0;0.8333144244514534;0.20216240515968034;3;10.4;22;5;1.0
C01851;0;2;3451.31;897.13;0.33333429915017776;1.1067921623961774;0;0.3333333333333333;2;1;0.16666666666666666
C01852;0;0;4646.62;0.0;0.500002152101958;0.5994942522803803;2;5.916666666666667;23;7;0.5833333333333334
C01853;0;4;3515.84;1311.355;0.8888686629653226;1.4299880015455637;2;2.5625;24;5;0.3125
C01854;0;5;1003.52;686.594;0.9167032047193877;0.8023923368461452;0;3.1818181818181817;26;3;0.2727272727272727
C01855;1;2;3081.59;740.305;0.5555573583766822;1.8015621072077919;0;9.3;22;7;0.7
C01856;0;0;1640.32;0.0;0.9166443133047211;0.5058204256080224;0;2.6363636363636362;19;4;0.36363636363636365
C01857;1;4;1105.64;1103.4375;0.8332730364313882;0.5576042444170988;0;4.4;25;9;0.6
C01858;0;3;1146.12;468.00666666666666;0.6999877848741842;0.5100803759779967;0;0.2857142857142857;1;2;0.2857142857142857
C01859;1;3;2359.94;554.2266666666667;0.8333262710068899;0.4904963908108569;2;5.2;22;2;0.4
C01860;1;1;3177.79;360.62;0.4444346542723087;1.2411012083766197;1;3.75;19;2;0.25
C01861;0;1;3187.49;461.39;0.90000282353827;1.2981709477594008;2;3.2222222222222223;25;3;0.3333333333333333
C01862;0;1;4194.0;3153.09;0.9166666666666666;1.5840821275197443;0;4.909090909090909;23;6;0.5454545454545454
C01863;0;1;1895.92;1413.25;0.91664732689143;0.8227998073109022;1;5.090909090909091;17;5;0.45454545454545453
C01864;1;3;8660.59;622.4666666666667;0.22222042609106307;4.386419234100313;1;6.25;25;1;0.25
C01865;1;4;2627.44;1671.0025;0.9166527113844654;1.2069196777186746;1;5.636363636363637;24;8;0.7272727272727273
C01866;0;2;807.03;738.565;0.6111792622331265;0.23585851353286552;1;0.5454545454545454;2;3;0.2727272727272727
C01867;0;7;670.05;844.4585714285714;0.8333706439817926;0.21881470063810748;0;4.0;16;3;0.6
C01868;0;1;2296.45;733.61;0.5555531363626467;0.4292109001196172;2;0.4;2;2;0.2
C01869;0;1;4298.49;635.38;0.8333391493291831;1.1446279451237698;1;5.6;21;3;0.6
C01870;0;2;1041.82;641.125;0.5555662206523201;0.7115381988553319;1;0.3;2;2;0.2
C01871;0;1;1462.68;771.61;0.9166666666666666;0.4389189967771556;1;6.0;24;5;0.45454545454545453
C01873;1;4;1417.45;350.42499999999995;0.7222476983315108;0.7656966599862791;1;2.8461538461538463;14;4;0.3076923076923077
C01874;0;6;2539.66;1595.8633333333335;0.9166738854807337;0.9355386513915237;3;8.545454545454545;22;7;0.6363636363636364
C01875;0;3;1080.36;577.4366666666666;0.9166666666666667;0.2294771363999388;1;1.6363636363636365;13;5;0.45454545454545453
C01876;1;3;1155.18;1118.2866666666666;0.9000155819872228;0.600314921347614;1;6.0;25;5;0.5555555555555556
C01877;0;6;2782.77;1382.9433333333334;0.8000086245000484;0.8185676969960819;4;4.625;12;5;0.625
C01878;1;2;2773.12;1493.145;0.9166534444957306;1.1099228330825142;1;2.3636363636363638;24;2;0.18181818181818182
C01879;1;1;6609.07;1340.89;0.9000040852949053;2.180743404880141;1;5.333333333333333;23;4;0.4444444444444444
C01880;1;4;4786.04;652.2249999999999;0.37500313411505126;1.959684716961818;1;15.333333333333334;26;9;1.0
C01881;1;5;1777.53;528.646;0.7999864981181752;1.0943562338773727;1;7.875;23;5;0.625
C01882;0;3;1969.89;734.1666666666666;0.5000076146383808;1.0231175144646771;1;1.0;2;2;0.6666666666666666
C01883;0;0;1990.0;0.0;0.9166482412060302;1.2135256273439645;0;2.272727272727273;11;4;0.36363636363636365
C01884;0;3;789.97;767.4499999999999;0.16667721559046547;0.3343109124918535;1;0.6666666666666666;2;1;0.3333333333333333
C01886;1;4;2019.69;1071.29;0.9000044561294059;0.5586445534859792;0;2.5555555555555554;23;1;0.1111111111111111
C01887;0;4;932.44;1261.3825000000002;0.1111063446441594;0.47310365822720585;0;0.0;0;0;0.0
C01888;0;0;758.34;0.0;0.3999789012843843;0.19348073459098958;0;0.0;0;0;0.0
C01889;0;2;2671.05;1123.3400000000001;0.7916399917635387;0.9614249411493692;0;1.4736842105263157;22;5;0.2631578947368421
C01890;0;5;3187.67;1241.2400000000002;0.1666671895145984;1.4583872812535743;1;5.5;11;1;0.5
C01891;0;3;1224.68;583.4333333333333;0.9000146977169546;0.3475985309060359;1;0.5555555555555556;1;5;0.5555555555555556
C01892;0;3;1819.71;1202.7333333333333;0.8333470717861637;0.6079662959263108;0;2.2;11;1;0.2
C01894;1;6;1284.72;949.945;0.5;0.487215855221741;2;8.0;26;6;0.5
C01895;0;6;697.71;828.4683333333334;0.8332975018274067;0.11625748572837762;0;2.0;16;3;0.3
C01896;1;2;610.22;919.4449999999999;0.11110746943725212;0.1851901308002792;0;1.0;2;1;0.5
C01897;1;4;6128.14;710.485;0.5833352371192564;2.4656256663836844;2;11.571428571428571;24;5;0.7142857142857143
C01898;1;1;3257.96;643.3;0.9166779211531142;2.084240695011323;4;7.090909090909091;22;9;0.8181818181818182
C01900;0;2;666.41;619.53;0.5000075028886121;0.1649701206561078;1;0.0;0;0;0.0
C01901;0;0;2422.56;0.0;0.9444678356779606;0.8561946668080369;2;2.7058823529411766;20;6;0.35294117647058826
C01902;0;2;2460.32;1023.5550000000001;0.916681569877089;1.777752086419307;2;1.8181818181818181;15;4;0.36363636363636365
C01903;1;5;5089.29;880.908;0.6666705964879188;1.310723419379264;1;5.25;13;2;0.5
C01904;0;2;1528.07;848.63;0.7000137428259178;0.5195573084900207;1;7.142857142857143;15;4;0.5714285714285714
C01905;1;0;1616.75;0.0;0.8333384877068192;0.551814408781247;0;12.6;26;4;0.8
C01906;0;2;2003.44;649.47;0.33334664377271095;0.5344501947393694;0;4.125;17;2;0.25
C01907;1;4;1853.36;529.5675;0.3333297362627876;0.7325707329027565;0;0.0;0;0;0.0
C01908;0;4;904.7;808.8575000000001;0.4166574555101138;0.3464120108897508;1;0.0;0;0;0.0
C01910;0;1;1300.05;365.89;0.5555170954963271;0.3723609929626479;3;0.3;2;2;0.2
C01911;1;6;5988.91;916.5233333333332;0.6666655534980489;2.9383328427043467;0;12.25;18;4;1.0
C01912;1;1;2560.84;2069.93;0.2777799472048234;0.47038121443449704;1;0.4;2;1;0.2
C01913;0;2;2435.55;1282.1399999999999;0.9166553755825172;1.0748045047748496;0;2.0;13;4;0.36363636363636365
C01914;0;2;2078.88;893.87;0.9166666666666666;0.5557715083156665;0;0.09090909090909091;1;1;0.09090909090909091
C01915;0;3;2422.81;1825.3500000000001;0.11111065250679995;0.7628567020469337;0;0.0;0;0;0.0
C01916;1;4;5661.75;1318.23;0.4166644588687244;1.2901303631528696;0;0.0;0;0;0.0
C01918;0;1;1311.09;254.27;0.37500858064663756;0.33317916489838856;4;5.0;16;5;0.5555555555555556
C01919;0;3;2520.44;571.76;0.388876545365095;0.8839772029811487;0;0.14285714285714285;1;1;0.14285714285714285
C01920;1;2;776.42;1438.1100000000001;0.27774915638443115;0.2544521423374648;1;6.8;22;2;0.4
C01921;1;2;1637.29;1828.235;0.16666564872441655;0.9637750687237687;0;5.0;18;2;0.5
C01922;1;0;2835.41;0.0;0.33332745528865315;1.9274997790663684;1;11.75;19;4;1.0
C01923;1;1;1019.88;303.74;0.8333333333333333;0.34823641888892687;0;4.533333333333333;25;8;0.5333333333333333
C01924;0;1;1348.12;648.65;0.2222354093107439;0.3339476630698651;0;5.5;22;1;0.25
C01925;1;1;1048.65;314.2;0.16667143470175938;0.2714656270386133;2;7.0;19;2;0.6666666666666666
C01926;1;1;2712.53;403.23;0.9444688169347434;1.5772173832145227;1;5.705882352941177;26;10;0.5882352941176471
C01927;0;6;1267.57;908.8433333333332;0.9000213005987837;0.39092246438715683;1;0.8888888888888888;2;5;0.5555555555555556
C01928;0;4;1176.28;937.2375;0.5833134967864794;0.2847570216083005;0;0.2857142857142857;2;1;0.14285714285714285
C01929;0;0;1900.43;0.0;0.33331403945422877;0.7558545587603608;0;1.25;6;3;0.375
C01930;1;3;9773.92;804.6700000000001;0.5999987722428668;2.7318698396194248;2;13.833333333333334;23;6;1.0
C01931;0;8;983.92;881.66625;0.4444263761281405;0.40291729286360717;0;2.125;14;3;0.375
C01932;0;1;2287.63;2736.75;0.7916839698727504;0.9445249567504409;0;1.263157894736842;18;6;0.3157894736842105
C01933;0;3;1037.34;1157.99;0.8999652958528546;0.2246015008942142;1;0.5555555555555556;2;3;0.3333333333333333
C01934;1;3;2993.52;367.3833333333334;0.75;0.8469381981145955;0;6.666666666666667;24;11;0.6111111111111112
C01935;0;1;1186.08;1135.05;0.9000151760420882;0.5022123800127873;0;0.8888888888888888;8;1;0.1111111111111111
C01936;0;2;2155.13;614.9449999999999;0.8999874717534441;0.7315519166861849;2;1.6666666666666667;12;3;0.3333333333333333
C01937;0;7;1162.53;657.6528571428571;0.29999225826430287;0.164664072713778;0;0.0;0;0;0.0
C01938;0;0;1825.52;0.0;0.374983566326307;0.4391552338406837;2;3.4444444444444446;25;3;0.3333333333333333
C01940;1;5;1708.31;787.266;0.916672032593616;1.0860341517374663;1;6.0;25;6;0.5454545454545454
C01941;0;0;1468.19;0.0;0.40000272444302165;0.6074556776102112;0;1.0;4;1;0.25
C01942;1;2;657.38;1593.295;0.83330798016368;0.3694142240604208;0;8.0;20;4;0.8
C01943;1;4;2758.38;663.1025;0.8333333333333334;0.511417235241768;0;8.6;21;3;0.6
C01944;0;1;1894.88;385.2;0.9000094992822765;1.0040269594336824;1;7.555555555555555;21;4;0.4444444444444444
C01945;1;8;1336.38;1456.92875;0.8332959188254836;0.6292785602282841;1;5.133333333333334;21;8;0.5333333333333333
C01946;1;1;2353.86;725.61;0.16666666666666669;1.0110083625758624;0;12.0;20;2;0.6666666666666666
C01947;1;1;2289.1;189.68;0.8333406142151938;1.2681783682265668;0;6.8;16;3;0.6
C01948;1;1;2467.09;552.63;0.8333299555346583;1.6003853239575496;3;18.6;26;5;1.0
C01949;0;5;2427.61;1453.334;0.6666639204814612;0.9362781208177937;0;0.125;1;1;0.125
C01950;0;1;827.29;1009.22;0.24999697808507296;0.22565449596037293;0;9.333333333333334;23;2;0.6666666666666666
C01951;1;1;1666.16;292.7;0.1666586642339271;0.7222287242573593;1;0.6666666666666666;2;1;0.3333333333333333
C01953;1;2;4611.49;795.135;0.800001734797213;1.593377698537745;2;1.75;9;4;0.5
C01954;0;1;768.48;527.81;0.9166666666666667;0.15998301242216628;0;4.636363636363637;25;4;0.36363636363636365
C01955;1;1;1493.55;912.46;0.8999698704429044;0.9242379237366799;0;14.11111111111111;26;7;0.7777777777777778
C01956;1;2;988.31;852.0550000000001;0.8999908935455475;0.27963466495392286;1;0.6666666666666666;2;3;0.3333333333333333
C01957;1;1;1980.32;600.25;0.2222267108346126;0.306827037939695;0;6.5;19;3;0.75
C01958;0;3;1264.38;976.3166666666666;0.9166231670858443;0.239109056937752;1;0.36363636363636365;2;3;0.2727272727272727
C01959;1;1;2477.29;1224.3;0.833329969442415;0.9200158950628746;3;13.6;25;4;0.8
C01960;0;3;2762.79;848.8000000000001;0.9000032575765801;0.7882605023795122;0;2.3333333333333335;11;4;0.4444444444444444
C01961;0;1;1946.81;1768.53;0.6666906375044304;0.6159212353795388;0;2.625;25;8;0.5
C01962;1;4;2351.69;548.585;0.7777810850919977;1.2938506483860497;1;7.285714285714286;19;8;0.5714285714285714
C01963;0;3;2677.86;550.2566666666667;0.9000134435706124;0.8233362542083661;1;0.2222222222222222;1;2;0.2222222222222222
C01964;0;2;6566.11;1623.105;0.6250047592867009;1.5740141002068766;0;1.8666666666666667;22;4;0.26666666666666666
C01965;0;2;609.41;971.49;0.8333470077616055;0.44274681603859256;0;4.2;21;1;0.2
C01966;0;3;812.41;538.38;0.29999630728326826;0.23887667011667293;1;0.3333333333333333;1;1;0.3333333333333333
C01967;1;1;3997.84;977.35;0.6999929962179576;2.9006849315068495;1;8.285714285714286;21;5;0.7142857142857143
C01968;1;6;6461.4;1595.8633333333335;0.8333333333333334;1.9817996117005126;1;16.6;24;5;1.0
C01970;0;1;1045.58;877.61;0.8333173932171618;0.6460338840626274;0;0.6;2;2;0.4
C01971;0;2;2895.28;760.375;0.9166540023762815;1.2441686577169673;0;0.09090909090909091;1;1;0.09090909090909091
C01972;0;2;1801.75;1559.16;0.08333009574025252;0.7359729098246818;0;0.0;0;0;0.0
C01973;0;6;681.17;1039.4950000000001;0.5000220209345685;0.33135026803000384;0;0.4;2;1;0.2
C01974;1;4;2932.35;743.385;0.5000051153511689;1.4857873935954602;3;3.7777777777777777;24;4;0.4444444444444444
C01975;0;2;5231.47;434.245;0.9000051610732737;1.698909820706587;0;1.7777777777777777;16;1;0.1111111111111111
C01976;1;0;2039.27;0.0;0.9000132400319723;0.4435085384207184;0;0.4444444444444444;2;2;0.2222222222222222
C01977;0;1;1210.17;361.68;0.9000223109149954;0.31206516862045314;0;0.2222222222222222;2;1;0.1111111111111111
C01978;0;2;1621.16;726.96;0.11110562806879025;0.6491832950909608;0;0.0;0;0;0.0
C01979;0;4;1782.07;681.1750000000001;0.44442698659424157;0.3715626075081055;1;0.375;2;2;0.25
C01980;0;0;1407.94;0.0;0.2999914769095274;0.32342941679148024;0;15.0;23;3;1.0
C01981;0;4;2172.22;1684.0125;0.25000230179263616;1.335271699041062;0;0.6666666666666666;2;1;0.3333333333333333
C01982;0;2;5193.44;1163.19;0.9166737268554178;2.659892445582586;1;8.636363636363637;22;6;0.5454545454545454
C01983;1;1;4114.41;153.61;0.8999978125660788;1.933508776052069;1;10.666666666666666;20;7;0.7777777777777778
C01984;1;2;2748.83;795.135;0.5555454502461048;0.5855089812706479;0;5.6;16;6;0.6
C01985;0;0;1856.49;0.0;0.8333467996057076;0.3557993790486412;1;0.2;1;1;0.2
C01987;1;5;2501.09;659.42;0.5833216717511164;0.798101346607952;0;0.42857142857142855;3;1;0.14285714285714285
C01988;0;2;1481.45;659.895;0.3888757636099767;0.39089215603495586;0;0.2857142857142857;2;1;0.14285714285714285
C01990;0;1;2679.54;2437.87;0.8999865648581472;0.9852083080554606;1;0.5555555555555556;2;4;0.4444444444444444
C01991;0;1;907.33;434.65;0.8999702423594502;0.1897763043682873;0;0.5555555555555556;2;3;0.3333333333333333
C01992;1;5;3158.08;653.824;0.4999936670382004;2.2392966035595263;2;12.166666666666666;21;6;1.0
C01993;0;2;1203.04;803.685;0.9445072483042958;0.35142185286342326;0;1.2352941176470589;15;4;0.23529411764705882
C01994;0;1;1885.31;1219.38;0.666670202778323;0.8997246388569411;0;3.25;25;2;0.25
C01995;1;1;2971.1;549.77;0.8333277237386827;1.1470587099788045;3;5.2;9;5;1.0
C01996;1;4;891.86;1464.1125;0.8333146457964253;0.5581520514681954;0;7.0;24;3;0.6
C01997;1;1;4561.65;741.71;0.8999901351484662;1.7819362953819229;0;7.555555555555555;25;5;0.5555555555555556
C01998;0;2;2270.98;706.655;0.1111150252313979;0.8450346798440151;0;10.0;20;1;0.5
C01999;0;0;1560.67;0.0;0.8333279937462758;0.24955068181236728;0;6.4;14;4;0.8
C02000;0;2;867.05;503.06;0.2499855832996944;0.304936378535405;0;0.0;0;0;0.0
C02001;0;2;4203.8;1282.1399999999999;0.8333293686664446;1.3372481406785808;3;9.8;21;4;0.8
C02002;0;2;1258.47;539.475;0.9000214546234713;0.5717251655930001;0;11.0;24;8;0.8888888888888888
C02003;1;0;4200.75;0.0;0.6000071415818604;1.0851258392078962;4;7.166666666666667;19;3;0.5
C02004;1;3;1356.16;385.91333333333336;0.8333456229353469;0.5011362922506716;0;4.2;17;3;0.6
C02005;1;3;2497.57;749.9966666666666;0.8333299967568477;1.295762883335322;1;6.0;14;4;0.8
C02006;0;1;1539.42;2085.83;0.8333333333333333;0.4965566626561598;1;0.4;2;1;0.2
C02007;0;3;3300.17;749.9966666666666;0.8333358584557764;0.9893485625206104;1;12.0;21;5;1.0
C02008;1;0;2422.55;0.0;0.5000103197044437;0.5879947184722404;0;2.2;11;1;0.2
C02009;1;0;882.31;0.0;0.5000283347122894;0.45644830030160527;3;1.5;7;3;0.5
C02010;0;0;3830.97;0.0;0.916673845005312;1.3832263981311312;1;4.090909090909091;25;4;0.36363636363636365
C02011;1;0;4528.23;0.0;0.11111184723390818;1.5669049662274386;0;1.5;3;1;0.5
C02012;1;4;1587.84;385.16499999999996;0.8333333333333333;0.6562759612642438;1;7.3;26;7;0.7
C02013;0;4;2514.18;974.1975;0.44445505095100596;1.6061148091837123;1;6.0;24;3;0.375
C02014;0;4;3298.84;663.1025;0.11111178474857829;1.3562022849766282;0;0.0;0;0;0.0
C02015;0;5;794.91;990.926;0.9166320715552704;0.18409558305850965;0;1.3636363636363635;14;2;0.18181818181818182
C02016;0;3;3517.5;560.0566666666667;0.44445202558635394;1.2735152278750488;1;6.75;18;5;0.625
C02017;1;2;1945.73;1573.965;0.3999938326489287;0.9808293341936525;1;12.0;24;3;0.75
C02018;0;2;2172.16;1703.0;0.5833225913376547;0.5901037223782797;3;5.571428571428571;23;3;0.42857142857142855
C02019;1;3;608.15;609.99;0.541675573460495;0.3422341024198087;0;8.153846153846153;21;8;0.6153846153846154
C02020;0;5;3996.08;1046.904;0.277772216772437;1.218933972681296;1;11.8;26;4;0.8
C02021;1;0;2713.94;0.0;0.16666543844005394;3.015488888888889;0;22.0;24;2;1.0
C02022;1;3;1821.37;632.5333333333333;0.8889132905450293;0.41757110563938904;0;7.1875;22;8;0.5
C02023;0;5;1904.19;1139.482;0.9166522248305053;0.6293220260560913;2;3.909090909090909;17;5;0.45454545454545453
C02024;1;3;1883.54;2392.7966666666666;0.5999872580354014;0.9870871720697209;0;0.6666666666666666;2;3;0.5
C02025;1;8;2980.79;827.93875;0.8333361290127785;0.8350768179118527;2;4.8;22;2;0.4
C02026;0;0;1637.3;0.0;0.9;0.6351318326228039;1;1.6666666666666667;15;1;0.1111111111111111
C02028;1;2;2665.21;614.9449999999999;0.4999981239752214;0.8459560772314499;1;4.666666666666667;24;3;0.5
C02029;0;1;1773.74;744.04;0.8999797039024885;0.5576781593294305;2;1.6666666666666667;14;2;0.2222222222222222
C02030;0;3;963.65;853.89;0.2916515332330203;0.21552572486781954;0;3.2857142857142856;18;4;0.5714285714285714
C02031;0;7;748.87;1172.9142857142856;0.22220145018494533;0.20118042757590573;0;1.0;3;2;0.5
C02032;1;3;2824.56;1453.8266666666666;0.125;0.6426202057615041;0;2.3333333333333335;7;1;0.3333333333333333
C02033;0;4;1568.13;608.5925;0.8999827820397542;1.5974919011430087;1;6.666666666666667;26;4;0.4444444444444444
C02034;0;2;3138.9;1682.745;0.7777629105737678;0.7305798973571205;1;2.9285714285714284;25;3;0.21428571428571427
C02035;1;4;4506.22;385.16499999999996;0.3333348127699047;0.9933909439619065;1;2.375;8;5;0.625
C02036;1;0;1015.6;0.0;0.2777668373375345;0.4409287463313825;2;7.0;17;3;0.6
C02038;0;5;2955.12;766.866;0.4166666666666667;0.9446468986152133;3;4.6;23;4;0.4
C02039;0;3;1816.46;671.2066666666667;0.5555310879402794;1.0331890496044047;0;0.1;1;1;0.1
C02040;0;2;2012.24;356.29999999999995;0.9166848884824871;0.7641282306389506;0;1.9090909090909092;20;2;0.18181818181818182
C02041;0;2;1322.66;433.675;0.8333207324633692;0.2676837079777298;0;0.4;2;1;0.2
C02043;1;1;5279.42;470.88;0.9166631940629841;2.1685849250359417;2;13.818181818181818;24;10;0.9090909090909091
C02044;1;1;973.71;2463.5;0.8999907570015713;0.35752944805099435;0;4.666666666666667;21;4;0.4444444444444444
C02045;1;1;2316.87;853.54;0.6666580343307997;1.0454764923807245;1;20.0;26;4;1.0
C02046;1;1;3837.92;759.54;0.3749921832659357;1.8443558075832571;2;1.8888888888888888;9;3;0.3333333333333333
C02047;0;4;1815.08;514.6375;0.4444542389316174;0.5106327910267627;1;5.875;20;5;0.625
C02048;0;5;1038.55;1093.17;0.2222329208993308;0.4925936641797062;1;5.0;20;1;0.25
C02049;1;3;1237.89;1157.99;0.9166888818877282;0.713140111646878;0;0.9090909090909091;8;2;0.18181818181818182
C02051;1;1;1572.07;1170.87;0.4166799188331308;0.25429220302354844;0;8.2;19;3;0.6
C02052;0;4;982.77;470.51500000000004;0.9166946487988035;0.45517998406728793;3;0.2727272727272727;2;2;0.18181818181818182
C02053;0;0;838.51;0.0;0.8999892666754123;0.09605057572383585;0;0.2222222222222222;2;1;0.1111111111111111
C02054;0;2;1807.18;1113.035;0.9166768113856948;0.6609949415331946;0;1.9090909090909092;19;3;0.2727272727272727
C02055;1;1;1506.36;521.67;0.9000238986696406;0.3542542683787216;2;7.222222222222222;26;3;0.3333333333333333
C02056;0;1;3906.84;1586.07;0.7999918092371328;1.2663781786356785;2;3.375;14;2;0.25
C02057;1;6;1912.32;640.8816666666667;0.2916666666666667;0.35971829290314816;1;3.857142857142857;12;5;0.7142857142857143
C02058;0;5;3026.65;1017.32;0.4166652900071035;0.48166761886725795;1;0.2;1;1;0.2
C02059;0;6;2525.34;1092.5716666666667;0.24999406020575443;1.0059953232495051;1;0.3333333333333333;1;2;0.3333333333333333
C02060;0;5;1669.72;537.304;0.9166447068969648;0.6814988959499116;1;9.909090909090908;26;7;0.6363636363636364
C02061;1;4;1817.02;941.6475;0.899990093669855;1.0344489926046536;2;2.4444444444444446;15;4;0.4444444444444444
C02062;1;3;1356.51;568.5300000000001;0.3333259614746666;0.6122705976872456;1;8.5;26;3;0.5
C02063;0;2;2436.34;897.185;0.8333401741957197;0.38752397827878116;0;0.4;1;2;0.4
C02064;1;6;2692.55;1403.2883333333332;0.9444689977901989;1.0268912754954158;0;3.0;23;6;0.35294117647058826
C02065;0;2;1192.49;468.04999999999995;0.8333403215121301;0.16745044899563993;1;0.2;1;1;0.2
C02066;0;4;2368.99;550.03;0.9000037990873748;0.6523232056217335;0;2.3333333333333335;19;3;0.3333333333333333
C02067;0;2;1146.44;975.63;0.33332751823034784;0.5590835718848906;1;1.5;7;2;0.3333333333333333
C02068;0;1;4616.06;1993.31;0.400003466159452;0.6311024461737862;0;6.75;14;3;0.75
C02069;1;2;1435.46;568.47;0.9000250790687306;0.5839381020567561;1;1.1111111111111112;7;3;0.3333333333333333
C02071;0;9;943.81;791.1966666666667;0.8999904641824096;0.3378169908907064;0;3.888888888888889;22;4;0.4444444444444444
C02072;0;4;2581.97;1412.8675;0.6249878968384606;0.906698833428148;1;0.5333333333333333;2;5;0.3333333333333333
C02073;0;1;1330.99;497.11;0.8333270723296193;0.35836427423284967;2;7.4;20;3;0.6
C02074;1;6;2515.89;782.315;0.4166716350873846;1.123150136382102;0;8.9;20;8;0.8
C02075;0;1;1784.59;431.35;0.8333006460867762;0.39559009667029466;0;0.3333333333333333;2;3;0.2
C02076;0;1;505.44;454.52;0.39996834441278883;0.147623289571681;0;3.75;13;2;0.5
C02077;0;4;2155.7;785.47;0.9166581620819224;0.7513296481921664;0;0.6363636363636364;2;4;0.36363636363636365
C02078;0;5;2010.62;659.42;0.4583561289552477;0.5433682224906696;0;1.1818181818181819;9;4;0.36363636363636365
C02079;0;2;1386.75;495.53;0.7499837750135208;0.36671470693234254;0;0.3333333333333333;2;5;0.2777777777777778
C02080;0;1;1620.15;788.0;0.4999907415980001;0.6121373327640731;1;0.3333333333333333;2;1;0.16666666666666666
C02081;1;3;1516.54;1867.7733333333333;0.9444195339390983;0.6585034368066138;2;4.176470588235294;21;11;0.6470588235294118
C02082;1;5;2066.29;798.564;0.16667553925150874;0.5354053843961339;0;7.0;19;2;0.5
C02083;1;5;2185.23;1046.904;0.9166540821789926;0.6160801129972174;1;1.0909090909090908;4;5;0.45454545454545453
C02084;0;3;1010.39;408.36666666666673;0.9000089074515781;0.47733306877557;2;0.3333333333333333;2;2;0.2222222222222222
C02085;0;1;1302.64;2437.87;0.8999723638150217;0.35299122833164875;0;3.3333333333333335;16;3;0.3333333333333333
C02088;0;4;3234.15;526.75;0.9166581636596941;1.0800300551010185;1;2.8181818181818183;26;5;0.45454545454545453
C02089;1;2;4657.78;447.46500000000003;0.08333154421204952;1.8048234227392144;0;0.0;0;0;0.0
C02090;1;0;677.24;0.0;0.8999468430689268;0.20624358572216012;1;1.5555555555555556;14;1;0.1111111111111111
C02091;1;4;11382.59;1528.845;0.3333336261782248;4.385999591555211;0;11.5;21;3;0.75
C02093;1;3;2437.65;511.5833333333333;0.6666748712899718;1.3694662921348315;3;6.625;26;3;0.375
C02094;1;0;2825.6;0.0;0.9166796432616082;0.8372346603771348;0;9.090909090909092;25;7;0.6363636363636364
C02095;0;2;1481.3;1251.7;0.9166542901505434;0.7283267120324116;0;0.45454545454545453;2;4;0.36363636363636365
C02097;1;1;1226.21;1050.3;0.9166292886210355;0.24292305650262597;0;1.3636363636363635;9;5;0.45454545454545453
C02098;0;2;2359.73;1252.595;0.8333368648108046;0.5179855957186665;1;0.4;2;1;0.2
C02099;0;7;1379.14;1064.952857142857;0.33333816726365706;0.3425481605118576;1;0.5;2;1;0.25
C02100;0;3;1099.95;1002.8866666666667;0.4999863630165008;0.3759831551889743;3;4.583333333333333;26;6;0.5
C02101;0;1;1908.94;739.61;0.8333420641822163;0.26354307456335935;2;3.7;23;4;0.4
C02102;1;3;2237.1;889.2233333333334;0.9000000000000001;0.7353245703128852;0;0.6666666666666666;2;4;0.4444444444444444
C02103;1;3;484.96;848.2333333333332;0.900074232926427;0.23971607367057823;0;5.555555555555555;18;5;0.5555555555555556
C02104;0;2;1294.8;778.36;0.9;0.4236592141298266;1;2.0;13;4;0.4444444444444444
C02105;0;1;1106.6;1198.37;0.9;0.5037028944936798;2;0.6666666666666666;6;1;0.1111111111111111
C02106;0;3;2298.04;768.1466666666666;0.833340585890585;0.622013143791345;0;6.4;25;3;0.6
C02107;1;2;1715.82;410.72;0.7221969670478254;0.7267652166546655;0;4.769230769230769;20;4;0.3076923076923077
C02108;1;0;2198.21;0.0;0.8333371242965867;0.9522615133360193;0;14.8;23;5;1.0
C02109;1;0;4338.0;0.0;0.6666666666666666;1.7262030298086373;1;4.333333333333333;18;8;0.6666666666666666
C02110;0;0;1525.61;0.0;0.916636624038909;0.4539344096451503;0;5.090909090909091;26;5;0.45454545454545453
C02111;0;4;1696.05;617.0875000000001;0.5000088440788891;0.7593925039065473;1;0.3333333333333333;2;1;0.16666666666666666
C02113;1;2;3485.36;604.45;0.8333285514265384;2.1292703191437368;0;7.4;22;3;0.6
C02114;1;2;2459.66;2014.74;0.9000146361692267;0.8167584816818253;2;7.111111111111111;24;6;0.6666666666666666
C02115;0;3;1009.15;828.91;0.9167120844274884;0.3935535449652913;0;0.18181818181818182;2;1;0.09090909090909091
C02117;0;0;2423.57;0.0;0.8333367717870744;0.5566626471432673;0;3.8;17;2;0.4
C02119;0;5;598.37;322.07;0.500008356033892;0.20891348369527268;0;0.3333333333333333;1;1;0.3333333333333333
C02120;0;2;1856.62;713.225;0.3333369240878586;0.6456573525064769;1;0.5;2;1;0.25
C02121;0;0;1198.0;0.0;0.22223706176961602;0.2130592137439199;1;2.75;11;1;0.25
C02122;1;8;1081.18;924.67125;0.833348748589504;0.47028886849328183;0;4.4;16;3;0.6
C02123;1;3;2678.35;427.17;0.16666977803498423;1.032983265389555;0;0.0;0;0;0.0
C02124;0;1;2337.28;647.52;0.6111163403614457;0.7599674849617949;0;3.5454545454545454;21;4;0.36363636363636365
C02125;1;1;3821.65;1311.15;0.8333311527743252;1.6573858437092068;0;18.4;26;5;1.0
C02126;0;1;2737.45;296.07;0.16666605782754024;1.5930689324060872;0;8.75;22;2;0.5
C02127;1;0;4005.09;0.0;0.700001747775955;1.7627649039413744;1;5.571428571428571;16;4;0.5714285714285714
C02128;0;1;1080.79;531.66;0.8333256229239723;0.6458917248839141;0;0.0;0;0;0.0
C02131;1;2;2038.3;1144.915;0.33333660403277243;0.25883963447774916;0;12.0;25;7;0.875
C02132;0;3;479.07;864.6233333333333;0.6666249191141169;0.1990675525748264;1;0.5;1;2;0.5
C02133;1;2;5429.01;750.74;0.27777624281406743;4.3215311995032915;2;15.8;25;5;1.0
C02134;0;4;556.88;1066.155;0.3889168222956472;0.1742117332015254;0;0.7142857142857143;3;2;0.2857142857142857
C02137;1;0;3886.53;0.0;0.5000038594839098;1.5692499636610302;1;3.3333333333333335;6;2;0.6666666666666666
C02138;1;0;1311.78;0.0;0.9167085944289439;0.5139901651548694;0;3.5454545454545454;18;4;0.36363636363636365
C02139;0;2;1180.88;805.5849999999999;0.9166977169568457;0.25790219686860505;0;2.6363636363636362;21;4;0.36363636363636365
C02140;1;5;1862.64;478.78999999999996;0.20833333333333331;0.6566707444764481;0;4.4;21;2;0.4
C02141;1;4;2074.34;657.4875;0.8999826450822912;0.8026792866070497;0;7.0;26;6;0.6666666666666666
C02142;1;2;1212.94;577.475;0.8333470740514781;0.5794391630439975;0;2.4;6;2;0.4
C02143;1;1;3620.5;472.73;0.8333379367490678;2.9861025196915336;1;3.8666666666666667;19;7;0.4666666666666667
C02144;0;1;3215.6;703.29;0.49998756064187083;1.2801872745658525;1;4.333333333333333;20;4;0.3333333333333333
C02145;0;5;1517.0;411.262;0.9;0.46167236782840515;1;7.111111111111111;25;8;0.8888888888888888
C02146;1;0;1944.98;0.0;0.9000092545938776;1.4594720333768552;3;15.222222222222221;26;8;0.8888888888888888
C02147;0;4;1029.04;1277.825;0.6666407525460624;0.19870547162233138;0;2.75;20;3;0.375
C02148;0;4;2917.45;754.96;0.16666609539152344;1.0297185211329745;3;4.5;14;2;0.5
C02149;1;1;1292.21;250.81;0.16666795644670757;0.3418780127733654;1;0.0;0;0;0.0
C02150;0;5;1465.47;787.266;0.4444717394419538;1.1267645701983702;2;0.5;2;3;0.375
C02151;0;0;2253.06;0.0;0.2500066576123139;0.5116927654065839;0;0.0;0;0;0.0
C02152;1;1;1365.21;454.52;0.8333516455343867;0.3175350048844025;1;4.4;21;6;0.6
C02154;0;1;1566.14;373.11;0.9166549606037773;0.2607065748448968;1;2.909090909090909;24;6;0.5454545454545454
C02155;0;4;1878.44;470.51500000000004;0.8333244607227273;0.9049669990846463;2;12.6;26;3;0.6
C02156;0;3;1717.84;793.0;0.9166453220323197;0.3338944111210023;2;0.09090909090909091;1;1;0.09090909090909091
C02157;1;6;2088.36;648.7800000000001;0.9166666666666666;0.7320463970106248;1;7.454545454545454;25;8;0.7272727272727273
C02158;1;0;1153.36;0.0;0.777831726434071;0.17733687178840613;0;1.8571428571428572;17;4;0.2857142857142857
C02159;1;4;824.15;612.9200000000001;0.9000546017108536;0.2284622080290959;0;0.4444444444444444;2;3;0.3333333333333333
C02161;1;3;939.75;518.1733333333333;0.4166533652567172;0.390174130386043;2;5.6;19;2;0.4
C02162;0;0;1577.89;0.0;0.7499952468169517;0.6744820275197594;2;1.2222222222222223;8;3;0.3333333333333333
C02163;0;8;4699.22;869.135;0.9166627653099877;1.8563646347292617;0;0.18181818181818182;2;1;0.09090909090909091
C02165;0;7;2228.78;696.2314285714285;0.9166584409407836;1.3341035064826234;0;0.6363636363636364;3;4;0.36363636363636365
C02166;0;0;2605.07;0.0;0.9166701854460725;1.843109925640826;1;2.0;14;3;0.2727272727272727
C02167;1;8;3343.25;1486.625;0.8333358259178943;2.4819970304380106;3;20.6;26;5;1.0
C02168;0;8;905.94;924.67125;0.16667770492527098;0.12880101910248462;0;10.0;19;3;0.75
C02169;0;3;3235.44;595.97;0.1111131716242613;1.2842971860449424;0;0.0;0;0;0.0
C02170;0;4;879.66;1074.32;0.916604142509606;0.39861518313931094;0;0.18181818181818182;1;2;0.18181818181818182
C02172;0;3;2029.97;373.45666666666665;0.29165948265245295;0.502962069162023;1;0.2857142857142857;2;1;0.14285714285714285
C02173;0;5;2285.33;411.262;0.37499179549561773;0.3127684150884521;0;14.333333333333334;24;9;1.0
C02174;0;3;1976.29;1155.7833333333335;0.9000045539875221;0.7960212831945737;0;0.5555555555555556;5;1;0.1111111111111111
C02175;0;3;865.53;560.0566666666667;0.7999722713250841;0.22891926346358313;0;6.625;18;5;0.625
C02176;1;3;1585.14;1303.0366666666666;0.5000189257731178;0.5217966654048094;0;3.0;15;3;0.5
C02177;1;0;1106.37;0.0;0.9166915227274783;0.3598372492389353;1;9.090909090909092;25;7;0.6363636363636364
C02178;0;2;695.24;963.99;0.33332374431850875;0.144612696563774;0;1.0;2;1;0.5
C02179;1;1;3463.41;1743.08;0.8999974014049738;2.738219853894564;0;15.222222222222221;25;9;1.0
C02181;0;1;2433.04;3454.38;0.5999901357971921;1.4075775369822914;0;0.3333333333333333;2;1;0.16666666666666666
C02182;1;7;1098.38;845.9857142857143;0.24999544784136637;0.517720367463718;0;0.6666666666666666;2;1;0.3333333333333333
C02183;1;1;5811.17;207.5;0.833334767353218;2.546960260517792;0;13.2;17;5;1.0
C02184;0;3;2272.82;882.5333333333334;0.16666520005983756;1.5619575152393979;2;0.0;0;0;0.0
C02185;1;5;3469.01;920.3979999999999;0.8333357355556772;1.9614662610682019;1;11.2;22;5;1.0
C02187;0;1;1312.07;486.97;0.7500057161584367;0.26069445934615276;0;0.4444444444444444;2;4;0.2222222222222222
C02189;1;1;2613.81;966.86;0.833323768751363;0.6965980411752948;4;7.066666666666666;26;9;0.6
C02191;0;4;1439.35;734.55;0.9166985097439817;0.31839447867010273;0;0.2727272727272727;2;2;0.18181818181818182
C02192;0;8;1817.9;805.08875;0.7999999999999999;0.579401125081672;0;0.25;2;1;0.125
C02193;1;2;789.32;1492.845;0.9167131201540567;0.14137032426768875;0;3.0;12;4;0.36363636363636365
C02194;1;1;4263.14;700.99;0.4166647119259512;3.1906625852274852;1;12.8;24;4;0.8
C02195;1;2;1454.81;677.4549999999999;0.4999965631250816;0.7096599528782785;0;11.6;23;4;0.8
C02196;1;2;1897.39;1687.005;0.9444394668465629;1.7974857424354385;0;5.470588235294118;22;10;0.5882352941176471
C02197;0;0;913.17;0.0;0.8333607104920223;0.2223680589884015;1;1.4;5;2;0.4
C02198;0;5;1988.81;915.332;0.11111166979248897;1.1745588339514776;0;0.5;1;1;0.5
C02199;0;1;618.13;685.62;0.11110931357481438;0.36780097702619885;0;1.5;2;2;1.0
C02201;0;3;1227.55;856.6199999999999;0.9000366583845874;0.7784725437100078;0;1.6666666666666667;12;3;0.3333333333333333
C02202;1;6;2349.34;1436.9916666666668;0.6250053206432444;1.385322074675095;1;13.6;26;12;0.8
C02203;0;3;1041.34;982.4;0.19999231759079647;0.5391437609696241;0;1.0;2;1;0.5
C02205;0;0;2657.42;0.0;0.08333646920697518;1.132276935793811;0;1.0;2;1;0.5
C02206;0;3;766.35;1139.5933333333332;0.7499706400469759;0.53636293647072;4;0.0;0;0;0.0
C02207;1;4;4294.95;488.95;0.8333275125438016;1.9173370356151174;0;10.4;17;4;0.8
C02208;0;0;3076.52;0.0;0.3888939451068089;1.1268478499743608;0;0.7142857142857143;2;3;0.42857142857142855
C02209;0;1;2369.51;361.68;0.7999966237745355;1.2942413467263125;1;6.875;19;7;0.875
C02210;1;0;5617.15;0.0;0.33333273991258916;2.1257597202564313;0;20.5;22;2;1.0
C02211;1;3;1459.1;1512.0633333333335;0.7222123226646563;0.3649054536996976;0;3.1538461538461537;19;5;0.38461538461538464
C02212;0;1;2661.82;632.12;0.9166735541847307;0.6171677919572637;2;5.636363636363637;26;6;0.5454545454545454
C02213;1;4;2523.13;664.405;0.3333240855603952;0.6202064298548994;0;1.8333333333333333;9;2;0.3333333333333333
C02214;0;0;641.11;0.0;0.666718659824367;0.30417372408917737;2;2.5;13;5;0.4166666666666667
C02215;0;5;1339.25;998.958;0.9166324435318275;0.33734511847696586;0;2.4545454545454546;10;5;0.45454545454545453
C02216;1;1;1332.79;752.0;0.9000067527517464;0.3335560727782366;0;0.3333333333333333;2;2;0.2222222222222222
C02217;0;2;1368.59;860.635;0.9166733645576834;0.39235411321187447;2;0.0;0;0;0.0
C02218;1;3;1521.25;1948.93;0.08333935907970419;0.6925696439383937;0;0.0;0;0;0.0
C02219;0;6;564.75;737.1416666666668;0.9166179725542277;0.2881745120551091;1;1.0;6;3;0.2727272727272727
C02220;0;2;3320.96;568.47;0.7500090335324725;1.4576866352974227;0;1.5555555555555556;7;3;0.3333333333333333
C02222;0;4;1291.47;2427.43;0.9000209064089759;0.6677438368630046;2;6.333333333333333;25;5;0.5555555555555556
C02224;1;1;1282.75;700.99;0.8000311830052621;0.49970199023774553;1;11.75;24;6;0.75
C02226;1;4;1440.34;1021.1125000000001;0.4166377383117875;0.3529795222177565;0;2.6;26;1;0.1
C02227;0;1;1605.68;613.92;0.500012455781974;0.7554221515473716;5;13.666666666666666;26;4;0.6666666666666666
C02229;0;2;1855.39;1188.18;0.8333288419146379;0.7253085333864984;0;5.4;25;2;0.4
C02231;1;1;380.0;226.0;0.8332894736842105;0.1384920403522071;0;1.8;25;3;0.2
C02232;0;1;4062.54;1434.33;0.8333333333333334;1.05238425829983;1;6.8;23;2;0.4
C02233;1;3;3712.17;667.91;0.5000040407632194;1.177487296280554;0;0.3333333333333333;1;2;0.3333333333333333
C02234;0;7;2979.99;814.7785714285714;0.611092654673338;1.1262840815462647;0;7.545454545454546;24;6;0.5454545454545454
C02235;0;3;380.0;613.7633333333333;0.9;0.1321729935791751;1;4.0;25;4;0.4444444444444444
C02236;1;6;4291.93;1154.0833333333333;0.7499982525344076;1.6307220584212287;0;12.055555555555555;26;14;0.7777777777777778
C02237;1;2;1544.7;874.3100000000001;0.9;0.30636044505265664;1;4.555555555555555;17;5;0.5555555555555556
C02238;0;5;974.11;1177.996;0.9167137181632464;0.1974800819024064;1;2.4545454545454546;22;4;0.36363636363636365
C02239;0;3;928.98;698.6066666666666;0.916725871385821;0.2897945814421412;0;0.36363636363636365;2;2;0.18181818181818182
C02240;1;1;3353.91;863.52;0.24999776380403768;2.022877098173089;2;0.0;0;0;0.0
C02242;0;1;2708.85;527.63;0.3333370249367813;0.6223621663722019;2;5.0;19;2;0.5
C02243;1;2;534.5;1270.51;0.6000000000000001;0.45821224356831175;0;1.6666666666666667;9;2;0.3333333333333333
C02244;0;6;1841.01;1367.9400000000003;0.9166816041194779;0.882660913340525;0;0.0;0;0;0.0
C02245;0;2;678.13;485.56;0.8999601846253668;0.2443764549864141;1;0.2222222222222222;2;1;0.1111111111111111
C02246;0;0;2308.28;0.0;0.9000077980141058;1.0401640267670054;0;2.6666666666666665;22;2;0.2222222222222222
C02247;0;0;1596.22;0.0;0.7083422084675045;0.23063096906561095;2;8.823529411764707;25;10;0.5882352941176471
C02248;1;2;1120.81;834.475;0.37499665420544076;0.44584510123712157;0;5.555555555555555;22;3;0.3333333333333333
C02249;1;1;6333.36;618.64;0.75;2.578015858801309;4;7.555555555555555;25;7;0.7777777777777778
C02250;0;1;1285.96;534.69;0.9166381535973125;0.6977612345223497;1;7.818181818181818;22;6;0.5454545454545454
C02251;0;5;1631.79;914.65;0.9000055154155867;0.5181519409383186;0;7.333333333333333;20;6;0.6666666666666666
C02252;1;3;1323.79;1002.8866666666667;0.9443945036599461;0.4770861414042397;2;5.823529411764706;20;8;0.47058823529411764
C02253;0;1;506.61;980.87;0.8333826809577386;0.1424738667139133;0;0.4;2;1;0.2
C02254;0;5;2059.89;728.39;0.8333454699037327;1.0954822240540325;0;0.3333333333333333;2;3;0.2
C02256;0;1;2156.33;431.19;0.9166454114166199;0.8000215186210273;0;0.36363636363636365;2;2;0.18181818181818182
C02257;0;2;2548.41;627.085;0.1666686286743499;1.386980374228521;1;15.0;24;2;1.0
C02258;0;4;1256.85;1318.685;0.22220630942435454;0.34042155556277826;0;0.25;1;1;0.25
C02259;0;1;1559.44;691.17;0.8333440209305906;0.7884481206961059;1;0.6;3;1;0.2
C02260;1;0;850.18;0.0;0.33331765037991956;0.14586149865835832;1;12.333333333333334;19;4;0.6666666666666666
C02261;1;1;3630.34;328.38;0.7999911853986127;1.5427575802647515;0;3.75;19;3;0.375
C02262;0;2;1445.84;2043.75;0.08332872240358546;0.3034629245225597;1;0.0;0;0;0.0
C02263;0;2;1460.08;788.2;0.1666621007068106;0.4755604628969165;0;0.0;0;0;0.0
C02264;1;3;4455.35;354.9266666666667;0.600006733477729;2.148419793806479;1;7.5;22;4;0.6666666666666666
C02265;1;1;1509.35;477.31;0.5833371981316461;0.812968937676062;0;3.7142857142857144;26;1;0.14285714285714285
C02267;0;2;2203.16;845.435;0.9000163401659435;0.9007121773329735;2;4.111111111111111;20;5;0.5555555555555556
C02268;0;6;1995.19;1006.7333333333335;0.555536064234484;0.5318265903965796;1;4.8;23;7;0.7
C02269;1;1;1927.91;517.99;0.9166714213837782;0.4011356330353112;0;0.36363636363636365;2;3;0.2727272727272727
C02270;0;1;2468.14;477.31;0.8999854141175136;1.129480139117701;0;0.1111111111111111;1;1;0.1111111111111111
C02271;0;8;1698.45;980.855;0.11111307368483028;0.9004135079255686;0;0.0;0;0;0.0
C02272;0;6;2160.34;1460.0833333333333;0.33331790366331226;2.400377777777778;0;5.375;22;3;0.375
C02273;1;5;2831.93;478.78999999999996;0.8999904658660349;0.6437053066085984;1;4.666666666666667;21;3;0.3333333333333333
C02274;1;0;1306.2;0.0;0.8333333333333333;0.2972203007245058;2;4.6;17;3;0.6
C02275;1;1;1264.46;1754.08;0.6000189804343357;0.6073965904014372;0;8.333333333333334;26;2;0.3333333333333333
C02277;0;1;3459.54;422.03;0.29999653133075493;0.5325646551724138;1;6.0;18;1;0.3333333333333333
C02279;0;5;2342.65;994.208;0.124999466416238;0.9167987476763526;0;0.6666666666666666;2;1;0.3333333333333333
C02280;1;3;10314.73;1177.3933333333334;0.9166657779699517;4.4310304831947205;1;11.545454545454545;26;9;0.8181818181818182
C02282;0;1;1840.17;2069.93;0.5000081514207926;0.5080479508785105;0;1.0;6;1;0.16666666666666666
C02284;1;1;743.76;737.14;0.9444444444444445;0.12558846374658067;0;8.058823529411764;24;10;0.5882352941176471
C02285;0;3;994.4;1261.68;0.9443684633950121;0.4508237598266342;0;0.23529411764705882;2;2;0.11764705882352941
C02286;0;4;4140.15;746.9675;0.6250135864642585;1.5958455554998785;0;0.2;2;2;0.13333333333333333
C02287;0;1;1439.4;807.04;0.7999999999999999;0.3568382848756495;1;1.25;6;4;0.5
C02288;0;3;2775.33;1002.8866666666667;0.9166765753982409;1.371393417106037;1;6.818181818181818;23;7;0.6363636363636364
C02289;1;0;1854.12;0.0;0.5833333333333334;0.6921689917908246;0;11.142857142857142;25;4;0.5714285714285714
C02290;0;2;3015.13;934.335;0.9166636264439675;0.7781763842038295;1;1.7272727272727273;14;4;0.36363636363636365
C02291;1;2;2121.63;723.69;0.8999872739356061;0.9190632756760972;4;14.777777777777779;26;8;0.8888888888888888
C02292;0;2;1698.44;1096.0900000000001;0.3333411836744306;0.596215817741426;1;0.0;0;0;0.0
C02293;1;4;5606.44;657.4875;0.7499946490107805;1.4788230484153884;1;16.77777777777778;25;9;1.0
C02294;1;3;2373.49;1155.7833333333335;0.6000025279230163;1.2944849853289264;0;11.166666666666666;26;4;0.6666666666666666
C02295;0;2;2711.16;1576.97;0.7083019814396789;0.9863067520372525;0;2.588235294117647;23;8;0.47058823529411764
C02296;0;1;1212.43;1731.13;0.8333264600842935;0.5375556984193842;0;5.0;16;2;0.4
C02297;1;1;684.14;481.71;0.4999853831087204;0.19467596215408692;0;10.5;25;4;0.6666666666666666
C02298;1;1;1742.58;1334.92;0.6000068863409427;0.9148602178763617;0;4.666666666666667;25;3;0.5
C02299;0;3;1917.75;970.0499999999998;0.9166523269456395;0.5271614236863228;0;6.0;25;5;0.45454545454545453
C02300;1;0;7992.24;0.0;0.4999962463589682;2.684842784197796;3;8.0;24;7;0.7777777777777778
C02301;0;1;2559.72;484.48;0.11111371556263967;0.9866517624838591;0;0.0;0;0;0.0
C02302;1;2;2234.28;965.1550000000001;0.9166666666666666;0.8550729629502062;1;6.090909090909091;23;5;0.45454545454545453
C02303;1;5;4933.11;798.564;0.49999695932180716;3.3677473528990105;1;14.666666666666666;21;3;1.0
C02305;0;5;2727.45;1598.5659999999998;0.7499752516086455;1.045448621630738;0;3.6666666666666665;26;5;0.2777777777777778
C02306;1;5;8174.1;757.238;0.9166733952361727;3.563686936504892;2;8.909090909090908;24;8;0.7272727272727273
C02307;0;6;1712.9;1117.6316666666667;0.6;0.42269196221461075;0;0.0;0;0;0.0
C02308;1;5;6558.55;915.568;0.9000068612726898;6.199417730851757;0;13.444444444444445;24;9;1.0
C02310;1;0;2958.07;0.0;0.9000091275730459;0.5110235431509264;3;3.3333333333333335;26;3;0.3333333333333333
C02311;0;3;2172.27;595.97;0.8888766129440632;0.31242377347201766;0;2.5;22;4;0.25
C02312;1;0;4288.03;0.0;0.8999937034022618;1.2460784256746154;1;9.555555555555555;26;6;0.6666666666666666
C02313;0;2;3102.04;694.64;0.4444559064357649;0.9699937460913071;1;0.375;2;2;0.25
C02314;0;0;1163.93;0.0;0.250015035268444;0.5279623690787772;1;0.6666666666666666;2;2;0.3333333333333333
C02315;0;2;1981.47;1237.79;0.22221885771674565;0.33040138999126256;0;0.25;1;1;0.25
C02316;0;5;1998.6;728.39;0.9166666666666669;0.2903979495167299;0;0.6363636363636364;2;5;0.45454545454545453
C02317;1;1;776.05;1315.51;0.8999420140454868;0.5919346473029046;0;7.0;19;6;0.6666666666666666
C02318;0;1;1295.99;277.79;0.5416708462256653;0.34192821562750647;0;3.5384615384615383;19;5;0.38461538461538464
C02319;0;5;723.22;1241.2400000000002;0.8999751113077623;0.3881539047782614;1;4.444444444444445;20;4;0.4444444444444444
C02321;1;3;741.78;1303.0366666666666;0.8333333333333334;0.13814025207830516;1;8.4;23;2;0.4
C02322;1;2;7977.51;826.4849999999999;0.9166632194757511;3.972230521032505;2;13.0;23;10;0.9090909090909091
C02323;0;0;1108.54;0.0;0.39998556660111495;0.5632538997002184;0;0.0;0;0;0.0
C02324;1;4;2994.76;526.75;0.5833255419466;0.9932243075892399;1;9.428571428571429;20;12;0.8571428571428571
C02325;0;6;1171.87;1029.3916666666667;0.8333262221918813;0.343152728688935;2;0.6;2;2;0.4
C02326;0;2;847.61;539.82;0.2999964606363776;0.21957556823186244;2;1.3333333333333333;2;3;1.0
C02327;0;5;2221.88;1119.664;0.5416764181683978;0.9842302035898436;3;4.3076923076923075;23;5;0.38461538461538464
C02328;0;1;670.95;762.88;0.9166256800059617;0.24091907962771458;1;0.2727272727272727;2;2;0.18181818181818182
C02329;0;3;4272.32;695.3533333333334;0.5000046812972812;1.5994668843056579;1;3.1666666666666665;16;3;0.5
C02330;1;3;735.34;632.5333333333333;0.3333152011314494;0.35431754337780735;0;12.0;25;4;0.6666666666666666
C02331;1;2;4198.56;864.575;0.9166666666666665;0.7359322990522499;0;0.18181818181818182;1;2;0.18181818181818182
C02332;0;4;3603.26;470.51500000000004;0.8333287078922975;1.3194453090384455;2;4.466666666666667;26;8;0.5333333333333333
C02335;1;3;2184.49;937.1700000000001;0.9000041199547721;1.1890322229479642;1;6.222222222222222;16;6;0.6666666666666666
C02337;0;0;5180.1;0.0;0.1111098241346692;3.3241781160359625;1;0.5;1;1;0.5
C02338;1;1;2511.92;2828.16;0.16666533966049876;0.9498154758303589;0;1.0;1;3;1.0
C02339;0;2;1786.86;723.69;0.22222222222222224;0.5641890291841509;0;1.75;7;1;0.25
C02340;1;1;1748.29;938.36;0.9000051478873643;0.46483351989173405;1;13.666666666666666;26;7;0.7777777777777778
C02341;0;4;2890.18;1403.0525;0.7500051899881669;0.799262180384175;2;3.888888888888889;22;2;0.2222222222222222
C02342;0;2;1007.26;587.705;0.5833449159104898;0.34000452322201935;1;2.142857142857143;14;2;0.2857142857142857
C02343;0;0;829.21;0.0;0.49999397016437325;0.38220368279136224;0;7.0;19;3;0.5
C02344;0;4;2019.63;668.6274999999999;0.22221892128756257;0.9220412803199431;0;0.5;2;1;0.25
C02345;1;0;2533.73;0.0;0.1999976319497342;0.945598059339429;0;4.0;5;2;1.0
C02346;1;0;1933.03;0.0;0.7499728405663647;1.1927866222386772;2;10.222222222222221;25;17;0.9444444444444444
C02347;0;0;1516.15;0.0;0.916696896745045;0.9262098794091415;0;2.8181818181818183;15;4;0.36363636363636365
C02348;0;2;811.73;898.38;0.7082897022408929;0.26543171525268544;1;0.8235294117647058;2;8;0.47058823529411764
C02349;0;2;2160.2;1025.5349999999999;0.3333302471993334;0.6558243039342779;0;2.0;4;1;0.5
C02350;0;0;4279.69;0.0;0.41666569307590035;0.9886070949247056;1;0.2;2;1;0.1
C02351;0;2;2311.68;410.72;0.9166666666666667;0.5649473954323838;0;3.909090909090909;22;3;0.2727272727272727
C02352;1;1;3201.73;248.98;0.49999843834427016;3.5574777777777777;2;14.333333333333334;17;3;1.0
C02353;0;4;3011.78;1234.1625;0.4999966797043608;0.837841371578634;0;0.0;0;0;0.0
C02354;1;3;9415.9;1325.5733333333335;0.9;4.352080386773529;3;8.777777777777779;18;8;0.8888888888888888
C02355;1;2;3114.0;570.0550000000001;0.8333333333333334;1.1304193151415929;1;4.0;10;3;0.6
C02356;1;3;1568.92;2432.8233333333333;0.2222165566121918;0.46999826250546717;2;0.0;0;0;0.0
C02357;0;3;1772.82;1548.9633333333331;0.5999932311232952;1.2216066481994459;2;4.0;21;3;0.5
C02359;0;1;3171.21;644.75;0.20832742076368324;0.8447661796241293;0;4.8;20;3;0.6
C02360;0;0;1372.24;0.0;0.8999737655220661;0.4794672275778212;1;0.0;0;0;0.0
C02361;1;5;6236.12;663.146;0.8333306607313522;1.6150019293670381;1;7.0;16;3;0.6
C02363;0;2;2108.79;677.015;0.6666951190018922;0.9760566900560976;3;3.5;20;3;0.25
C02364;0;2;2388.18;995.97;0.750018842800794;0.7346302209261548;1;4.055555555555555;22;8;0.4444444444444444
C02365;0;2;2496.64;648.78;0.9166519802614715;0.6982514627079395;0;3.727272727272727;22;3;0.2727272727272727
C02366;1;1;889.2;565.7;0.9166666666666665;0.2724331478712714;1;1.8181818181818181;15;2;0.18181818181818182
C02367;1;4;1042.88;1688.9025000000001;0.6666538815587603;0.42483817221165326;0;5.0;18;2;0.5
C02368;0;3;1143.4;793.0;0.833347909742872;0.5853204058439897;1;0.4;2;1;0.2
C02369;1;2;4102.16;1965.54;0.2916609786063927;0.9535228062508863;0;5.285714285714286;13;5;0.7142857142857143
C02371;1;1;3225.33;215.21;0.6666604657507913;0.733232850926848;0;5.0;20;1;0.25
C02372;1;1;1729.92;279.62;0.8333333333333333;0.426359607829606;1;2.8;13;2;0.4
C02373;1;1;1420.6;339.38;0.9166408559763479;0.6329418474095988;1;6.2727272727272725;19;8;0.7272727272727273
C02374;1;2;1257.11;795.05;0.45833697926195804;0.34727467105717513;2;10.454545454545455;24;7;0.6363636363636364
C02375;0;4;1899.21;1760.1699999999998;0.5000078980207561;0.39304517346710705;0;1.0;2;3;0.5
C02377;0;3;911.12;976.3166666666666;0.9167069101764861;0.7192011682519636;0;0.7272727272727273;6;2;0.18181818181818182
C02378;1;3;2593.41;1693.4599999999998;0.6666743785209435;0.6225224857596189;0;4.0;26;5;0.4166666666666667
C02379;0;0;1505.25;0.0;0.3333399767480485;0.3179308567711193;0;4.5;18;1;0.25
C02381;0;3;1422.41;1261.68;0.9166344443585182;0.48687327144773956;1;2.6363636363636362;23;3;0.2727272727272727
C02382;0;3;1639.8;1464.26;0.7500000000000001;1.0104072314546093;1;2.5555555555555554;13;6;0.6666666666666666
C02383;1;3;3042.19;2770.5699999999997;0.5000082177641765;1.094415305028528;2;2.5;16;2;0.16666666666666666
C02385;0;3;3110.11;2014.2666666666667;0.8999971062116774;1.8431264482253868;1;2.3333333333333335;11;4;0.4444444444444444
C02387;0;4;2658.19;776.36;0.6666792065277501;0.46845222675132747;1;0.375;2;4;0.25
C02388;1;0;4007.62;0.0;0.9166712412853515;1.069380218325813;1;0.36363636363636365;2;3;0.2727272727272727
C02389;0;0;2974.09;0.0;0.3333389372883806;0.37785894878603465;0;0.16666666666666666;1;1;0.16666666666666666
C02390;0;2;1637.88;1049.955;0.5;0.6658779622153651;0;0.0;0;0;0.0
C02392;0;3;2521.88;846.9333333333334;0.44443034561517597;1.3062201204763113;0;1.125;2;5;0.625
C02393;1;1;1345.61;1154.91;0.2777922280601363;0.45153788849888926;1;0.0;0;0;0.0
C02395;1;1;1595.55;358.27;0.7222086427877534;1.3765658970907961;0;8.615384615384615;23;8;0.6153846153846154
C02396;1;5;2004.21;483.12000000000006;0.25000374212283144;0.5096295655888605;0;0.3333333333333333;1;1;0.3333333333333333
C02397;0;1;2421.92;428.65;0.16666941930369295;0.6760211130991093;2;0.0;0;0;0.0
C02398;0;3;561.6;671.0466666666666;0.8333333333333333;0.22055271704767254;0;0.4;2;1;0.2
C02399;0;3;1441.36;545.1533333333333;0.6666759171893212;0.5815945672217536;1;0.5;2;1;0.25
C02400;0;1;1062.47;231.5;0.8000225888730975;0.5544642810547904;0;7.125;26;4;0.5
C02401;1;1;3213.79;2548.71;0.9166809281253597;0.7319905796177184;1;2.8181818181818183;19;6;0.5454545454545454
C02402;1;0;2969.26;0.0;0.12500084196062317;0.7393152284605214;0;1.6666666666666667;4;2;0.6666666666666666
C02403;1;0;5873.79;0.0;0.5833303539963125;3.090866515468041;6;13.714285714285714;25;7;1.0
C02404;0;2;861.4;2478.4849999999997;0.9;0.5311087681655352;1;3.3333333333333335;26;3;0.3333333333333333
C02405;0;7;2609.39;974.2614285714286;0.9000034490819694;0.7899032218027928;3;2.6666666666666665;24;1;0.1111111111111111
C02406;0;5;1188.2;994.208;0.8999999999999999;0.48710296312086976;0;6.222222222222222;26;5;0.5555555555555556
C02407;1;2;1888.14;596.63;0.5999872890781405;0.4049300003431356;0;6.5;22;2;0.3333333333333333
C02408;1;0;1115.46;0.0;0.8333333333333333;0.4666825649843736;2;4.8;13;3;0.6
C02409;0;4;559.38;1607.1175;0.7000250277092495;0.1839884221951781;0;0.5714285714285714;2;2;0.2857142857142857
C02410;0;4;878.55;1261.3825000000002;0.11111490524159127;0.28251103772280445;0;5.5;9;2;1.0
C02411;1;3;2423.96;716.4533333333334;0.7500123764418555;0.35271554709645125;0;0.8888888888888888;2;10;0.5555555555555556
C02412;1;1;4476.56;187.45;0.6666636881891452;0.7364870867649623;1;0.75;2;2;0.5
C02413;1;2;4183.11;400.79;0.2499982070755969;2.0885787752452756;1;5.333333333333333;12;2;0.6666666666666666
C02415;1;2;1783.29;2014.74;0.8333193143010952;0.4930274093037915;1;3.533333333333333;20;6;0.4
C02416;1;1;2377.16;647.22;0.8333052886637837;1.159262257507632;0;8.466666666666667;24;11;0.7333333333333333
C02418;1;6;6513.82;1460.0833333333333;0.9166694811953663;2.917280235036993;3;14.181818181818182;26;8;0.7272727272727273
C02419;0;0;1863.79;0.0;0.2500067067641741;0.8231269984277562;1;3.0;17;2;0.3333333333333333
C02421;0;2;1136.67;1206.51;0.9000237535960304;0.4203536877607172;1;0.3333333333333333;2;2;0.2222222222222222
C02422;1;3;3543.58;632.5333333333333;0.944465766258981;1.1721598877980366;1;3.9411764705882355;20;10;0.5882352941176471
C02423;0;0;4016.3;0.0;0.416664591788462;0.8400737101251022;1;9.2;21;4;0.8
C02424;1;0;1462.5;0.0;0.7222222222222222;0.2709236412137379;2;4.230769230769231;22;5;0.38461538461538464
C02425;1;0;3047.12;0.0;0.8999940927826932;1.4609369381463564;1;8.88888888888889;23;6;0.6666666666666666
C02426;1;3;1440.66;1074.5233333333333;0.8889259089583941;0.4853174509599157;1;0.6875;10;2;0.125
C02427;1;2;517.43;537.5;0.833349438571401;0.14463977726653937;0;0.2;1;1;0.2
C02428;0;0;1385.25;0.0;0.9166865186789388;0.31021231712533226;0;3.727272727272727;21;6;0.5454545454545454
C02430;0;2;4170.69;516.0;0.6666714620362578;1.001274793656281;2;9.5;25;5;0.625
C02431;0;1;1953.9;1550.72;0.49999999999999994;0.5309251177931514;1;0.1111111111111111;1;1;0.1111111111111111
C02432;1;1;858.32;1204.36;0.33334886755522414;0.5862040704821746;0;0.5;2;1;0.25
C02433;0;1;3091.42;836.42;0.16666774491981032;1.1074245756822398;0;2.0;2;2;1.0
C02434;0;1;1623.88;805.81;0.6666502450920018;0.7268479146338189;0;0.5;2;3;0.375
C02435;1;0;3402.93;0.0;0.8999920656610627;1.2300310134680865;0;8.333333333333334;25;5;0.5555555555555556
C02436;1;1;3385.25;664.16;0.8333357949929843;2.584219485942426;1;15.0;18;5;1.0
C02437;0;4;2795.98;1730.9;0.5000035765634947;0.931918779830947;0;0.6666666666666666;2;3;0.5
C02438;1;1;1028.46;1153.49;0.2499854150866344;0.5622734553963403;0;5.666666666666667;24;3;0.5
C02439;1;3;1972.42;438.3833333333334;0.6666734265521542;0.6265509551914513;0;9.25;24;4;0.5
C02441;1;3;3095.05;1303.1733333333334;0.8999854606549167;0.724903972269065;1;6.444444444444445;23;5;0.5555555555555556
C02442;0;2;4033.81;552.275;0.24999938023853377;1.4497279385867181;0;0.3333333333333333;1;1;0.3333333333333333
C02443;1;5;2876.83;1354.6;0.5833434718075103;0.7030994906687783;0;0.8571428571428571;4;3;0.42857142857142855
C02444;0;4;1251.36;385.16499999999996;0.9166666666666666;0.39215784591470904;1;1.5454545454545454;13;4;0.36363636363636365
C02445;0;6;896.64;583.1116666666667;0.8999598501070664;0.4277189183000768;1;0.0;0;0;0.0
C02446;1;3;2963.62;1341.1466666666668;0.8999939263468327;1.4033421250763556;1;2.888888888888889;15;4;0.4444444444444444
C02447;1;1;2016.7;231.71;0.888897704170179;0.9803273429031144;1;4.6875;24;10;0.625
C02448;1;0;2841.19;0.0;0.8333304002900191;0.5344189029815233;0;0.0;0;0;0.0
C02450;0;3;1734.35;634.3366666666667;0.8333381382073975;0.6360315824602194;1;1.2;3;3;0.6
C02451;1;5;2646.33;766.866;0.6666742243030914;1.1823791183750794;0;9.0;23;3;0.75
C02452;0;1;1409.91;1810.19;0.3750239376981509;0.5545216060914744;2;2.7777777777777777;22;3;0.3333333333333333
C02453;1;2;3596.21;554.13;0.45832696088381936;1.4039523870872033;3;5.454545454545454;21;4;0.36363636363636365
C02454;1;2;1548.24;904.0149999999999;0.4166666666666667;0.5419812856407725;0;1.8;9;1;0.2
C02456;0;1;1568.16;495.59;0.7777777777777778;0.699343985943193;0;0.35714285714285715;2;3;0.21428571428571427
C02457;0;1;1760.52;941.5;0.9166666666666667;0.6110985764914558;0;6.090909090909091;18;7;0.6363636363636364
C02458;1;4;2087.21;678.805;0.37501257659746745;0.3560254702321353;2;6.777777777777778;23;6;0.6666666666666666
C02460;0;7;3381.33;945.5257142857143;0.6999937894260542;1.001575824716159;1;8.714285714285714;23;4;0.5714285714285714
C02461;1;3;3274.65;930.2033333333333;0.250002290321103;1.4256017553101177;0;7.333333333333333;20;2;0.6666666666666666
C02462;0;1;1546.47;1716.36;0.2777939436264525;0.6566472761241561;1;0.6;2;2;0.4
C02463;0;3;910.27;240.62333333333333;0.9000296615289969;0.5646450924564701;1;10.88888888888889;20;9;1.0
C02464;0;0;1642.08;0.0;0.33333333333333337;0.6033642716991116;0;2.25;9;1;0.25
C02465;0;2;650.04;1875.955;0.6666666666666667;0.17834576646921804;0;1.0;6;3;0.375
C02466;1;3;2777.87;1023.9233333333333;0.9166699665571104;1.0985976207802068;3;10.454545454545455;23;9;0.8181818181818182
C02469;0;0;1641.92;0.0;0.916688998245956;0.44481288232202554;4;9.0;23;6;0.5454545454545454
C02471;1;2;2976.79;1096.0900000000001;0.500001679661649;3.3075444444444444;2;10.0;14;5;1.0
C02473;1;1;1460.71;2240.45;0.7222172778991038;0.6441372315562024;1;4.384615384615385;25;7;0.5384615384615384
C02474;0;2;2773.54;1719.215;0.6249774656215523;1.0007396743268062;1;2.066666666666667;16;5;0.3333333333333333
C02475;0;0;3189.12;0.0;0.4166666666666667;0.5704983488549318;2;9.0;24;7;0.7
C02477;1;4;2899.99;2005.8899999999999;0.49999827585612366;0.9444437207302855;0;6.0;18;1;0.3333333333333333
C02478;0;2;601.03;1323.83;0.8999550771176148;0.12486392381395581;1;1.2222222222222223;11;1;0.1111111111111111
C02479;0;0;630.09;0.0;0.8333730102048914;0.21685813996709735;0;4.6;22;2;0.4
C02480;0;1;2392.13;548.16;0.5999924753253376;0.5592486089680648;1;5.5;23;2;0.3333333333333333
C02481;1;1;1855.38;636.53;0.9000097015166704;1.6456136305178852;1;10.777777777777779;23;7;0.7777777777777778
C02482;1;3;856.28;620.1033333333334;0.44443406362404825;0.23376786469921784;1;3.5;18;4;0.5
C02484;1;7;1710.52;1090.757142857143;0.8333430769590534;1.2661233613868348;0;6.666666666666667;24;7;0.4666666666666667
C02485;0;1;5121.51;299.71;0.9166612971565027;3.155912818964402;1;6.7272727272727275;26;6;0.5454545454545454
C02486;0;4;1038.83;1056.8375;0.16666827103568438;0.2737617435073063;0;0.0;0;0;0.0
C02487;0;2;1444.81;638.19;0.5999958472048227;0.4942715121907831;1;3.1666666666666665;17;2;0.3333333333333333
C02488;0;2;1000.17;435.36;0.9166941619924612;0.3658359943378214;0;0.0;0;0;0.0
C02489;1;3;1228.78;725.34;0.9000146486759225;0.20752422675363189;0;1.4444444444444444;11;3;0.3333333333333333
C02490;0;5;1888.37;1202.45;0.9000142980454042;0.6208414567189302;0;10.11111111111111;25;5;0.5555555555555556
C02491;1;0;4349.2;0.0;0.9166582359974249;1.052328493344915;2;4.454545454545454;25;6;0.5454545454545454
C02492;0;1;2441.99;599.98;0.5000020475104321;1.3149834414797663;1;6.583333333333333;18;7;0.5833333333333334
C02493;0;3;1267.78;708.06;0.22221521084099768;0.41884467350545945;3;0.5;1;2;0.5
C02494;0;0;1185.8;0.0;0.45834879406307977;0.2949575149742304;1;3.5454545454545454;20;4;0.36363636363636365
C02495;1;0;2256.41;0.0;0.9166463541643585;0.4930901255665353;0;0.0;0;0;0.0
C02496;0;0;2130.14;0.0;0.11111006788286217;1.81171327481799;0;1.0;2;1;0.5
C02497;0;1;627.46;726.08;0.8333598954515028;0.35859160242086197;0;2.2;6;4;0.8
C02498;0;0;3990.61;0.0;0.8999977447056966;1.7925899639290799;2;7.111111111111111;25;5;0.5555555555555556
C02499;1;5;4418.91;540.5440000000001;0.6999984158989434;1.1068443397998673;1;8.142857142857142;24;3;0.42857142857142855
C02500;1;4;3875.05;2327.785;0.16666623656468949;1.292898658071921;3;0.25;1;1;0.25
C02501;1;0;2925.48;0.0;0.10000068364849529;1.152889435354204;0;16.0;16;1;1.0
C02502;1;2;1122.09;2622.725;0.916691174504719;0.46931306777307474;0;3.272727272727273;12;7;0.6363636363636364
C02503;1;1;3218.58;693.93;0.5833224589725904;1.6182469971291096;2;8.0;21;5;0.7142857142857143
C02504;1;0;2712.73;0.0;0.7499972352574712;0.9247102536133079;0;7.777777777777778;25;10;0.5555555555555556
C02505;0;3;1371.21;1512.0633333333335;0.5000109392434419;0.9637743806009489;1;1.3333333333333333;7;2;0.3333333333333333
C02506;1;0;2624.14;0.0;0.29999542707325066;0.839937136108008;0;9.0;26;2;0.6666666666666666
C02507;1;1;4183.72;560.69;0.8999956976088265;2.093293906325833;0;3.888888888888889;20;4;0.4444444444444444
C02508;1;1;1610.92;602.25;0.22223325801405408;0.7143991166022893;1;5.25;18;3;0.75
C02509;0;2;1878.03;464.615;0.24999600645357103;0.6329151037822645;0;0.6666666666666666;2;1;0.3333333333333333
C02510;1;0;2083.24;0.0;0.7499855993548511;1.2888465440867134;0;7.111111111111111;26;4;0.4444444444444444
C02511;0;6;4990.12;1112.5649999999998;0.9166593188139764;1.7595379472785997;3;3.3636363636363638;22;3;0.2727272727272727
C02512;1;5;993.41;1057.8020000000001;0.5833039731832779;0.48368422077669143;0;5.714285714285714;20;3;0.42857142857142855
C02513;1;0;1882.12;0.0;0.9166471850891549;0.460006207977006;2;7.363636363636363;24;7;0.6363636363636364
C02515;0;3;1853.52;2432.8233333333333;0.8999902887478959;0.29362925646935817;0;5.111111111111111;25;5;0.5555555555555556
C02516;1;2;2475.73;1288.89;0.7777746361679181;0.9393135737267043;1;6.214285714285714;21;9;0.6428571428571429
C02517;0;3;1187.62;1303.1733333333334;0.29999494787895126;0.6603758896797152;0;0.0;0;0;0.0
C02518;0;4;475.22;818.215;0.8999621228062792;0.199080881582861;0;0.4444444444444444;2;2;0.2222222222222222
C02519;0;7;1092.34;814.7785714285714;0.8333485910980098;0.6100208861537086;1;2.4;6;2;0.4
C02520;0;1;670.52;1213.54;0.7500447413947384;0.2981970843821434;1;3.888888888888889;26;2;0.2222222222222222
C02521;1;4;4254.01;1730.9;0.2222185655416889;4.025407129136347;0;17.0;23;4;1.0
C02522;0;4;2208.29;2005.8899999999999;0.9166459115424151;0.7316700627868065;1;3.1818181818181817;21;3;0.2727272727272727
C02523;1;5;1560.57;915.568;0.9000173013706531;1.093885590517513;1;3.0;18;4;0.4444444444444444
C02524;0;0;1720.31;0.0;0.4999854677354662;0.762214276536449;3;12.666666666666666;25;8;0.8888888888888888
C02525;1;3;875.51;1162.63;0.45833856837728865;0.2893224545367424;0;2.5454545454545454;24;4;0.36363636363636365
C02526;0;3;1139.38;987.0166666666668;0.9444610226614473;0.4209464626797847;0;1.6470588235294117;13;8;0.47058823529411764
C02527;0;1;2492.7;783.17;0.2;0.9092766131297398;1;0.5;1;1;0.5
C02528;0;1;1339.35;3454.38;0.5555679994026953;0.27650240508681023;2;3.4;20;5;0.5
C02529;1;2;3443.2;580.32;0.8333381737918216;0.758106846564388;0;7.8;25;2;0.4
C02530;0;4;1359.6;1390.4025000000001;0.5416666666666666;0.4630742873880716;2;1.8461538461538463;13;6;0.46153846153846156
C02531;1;3;6535.83;561.5;0.7499965574379994;1.614295382244265;0;10.0;24;7;0.7777777777777778
C02532;0;3;1951.76;937.1700000000001;0.37498462925769555;0.5562344679783863;0;1.1111111111111112;8;3;0.3333333333333333
C02533;1;7;1476.34;917.88;0.9166790847636723;0.4558645072640533;0;1.0909090909090908;8;3;0.2727272727272727
C02534;0;2;2932.86;706.655;0.49998977107669645;1.1060467782445715;0;4.5;24;3;0.5
C02535;0;3;2536.8;756.6933333333333;0.16666666666666666;0.8065187879327393;0;0.0;0;0;0.0
C02536;1;2;2677.74;619.705;0.9166461269578078;0.5130792341769241;1;4.363636363636363;21;6;0.5454545454545454
C02538;1;2;1856.3;1060.1100000000001;0.4166621774497657;0.618682113444496;1;5.4;18;2;0.4
C02539;1;2;2398.59;443.56500000000005;0.9166552015976052;0.8881199666759234;1;6.454545454545454;20;8;0.7272727272727273
C02540;0;5;1556.31;1598.5659999999998;0.4999903618173757;0.2871330604021645;0;1.6666666666666667;15;1;0.1111111111111111
C02541;1;3;1057.02;2770.5699999999997;0.8333333333333333;0.24846154207782314;0;0.0;0;0;0.0
C02542;1;4;3444.05;808.8575000000001;0.19999709644168925;1.8825088822082536;0;17.5;19;2;1.0
C02543;0;2;2149.7;686.14;0.8333255803135321;1.4366099293623904;1;3.4;17;1;0.2
C02544;0;5;1676.71;1177.664;0.899994632345486;0.5616422754968396;0;0.1111111111111111;1;1;0.1111111111111111
C02546;0;0;1383.81;0.0;0.9166865393370477;0.223648590771936;2;5.0;24;3;0.2727272727272727
C02547;0;0;1351.01;0.0;0.7999940785042301;0.23413694917134156;0;2.5;19;2;0.25
C02548;0;0;2855.48;0.0;0.7500105061145587;1.3530002653424813;0;4.111111111111111;24;9;0.5
C02549;0;1;1987.68;410.72;0.8333333333333333;0.7190432435952162;0;1.4;5;6;0.6
C02550;1;1;2717.01;1219.38;0.33333701384978337;1.158145780051151;2;8.0;16;1;0.5
C02551;0;6;4075.1;916.5233333333332;0.9166621677995632;1.9937863887665737;1;3.272727272727273;21;6;0.5454545454545454
C02552;0;4;2102.5;826.7149999999999;0.8333412604042807;0.6433165453978007;1;1.4;2;4;0.8
C02553;1;1;4331.66;709.04;0.9000083109015944;1.6459050528539618;1;13.444444444444445;24;9;1.0
C02554;1;3;3432.85;833.5799999999999;0.8333309058071282;1.1257903505089726;0;7.4;19;3;0.6
C02555;0;2;4381.85;1504.0449999999998;0.29167132603808893;1.282998372041273;1;4.142857142857143;25;3;0.42857142857142855
C02556;0;4;993.3;2427.43;0.4;0.37319376920822656;0;0.0;0;0;0.0
C02557;0;5;1359.1;818.116;0.8;0.44846053078773435;0;0.875;3;3;0.375
C02558;0;4;1964.75;1408.04;0.7777579844763965;1.019050632254852;1;1.7142857142857142;23;2;0.14285714285714285
C02559;1;6;3352.94;1436.9916666666668;0.11110846003805616;0.5742722129829291;0;14.5;17;2;1.0
C02561;0;3;1919.37;309.0366666666667;0.8000125041029088;1.0577139267292686;0;0.625;3;3;0.375
C02562;0;4;1722.06;799.4375;0.4166521491701799;0.8491713224815451;1;7.0;22;3;0.6
C02563;0;6;1012.5;1006.7333333333335;0.7;0.4061876928137875;1;0.7142857142857143;3;2;0.2857142857142857
C02564;0;0;380.0;0.0;0.3333157894736842;0.28306243761452854;0;11.666666666666666;25;5;0.8333333333333334
C02565;0;5;749.22;494.45;0.500040041643309;0.40539575352249857;0;3.0;17;2;0.3333333333333333
C02566;1;1;1035.86;454.73;0.45832448400362985;0.39701356390827586;1;6.090909090909091;23;5;0.45454545454545453
C02567;1;10;1780.3;1189.7549999999999;0.1666685390102792;0.2067303784386358;0;0.0;0;0;0.0
C02568;0;4;1600.94;777.945;0.2999925044036628;0.6500355279452668;0;5.666666666666667;16;2;0.6666666666666666
C02569;1;8;3877.64;722.0912500000001;0.6666735437018393;0.8810035011666768;2;7.25;24;3;0.375
C02570;0;3;2001.06;1783.57;0.416679160045176;0.8570657620846502;0;4.2;20;2;0.4
C02571;0;0;737.4;0.0;0.3889205315975047;0.22599250982243008;3;2.7142857142857144;10;2;0.2857142857142857
C02572;0;1;1831.81;2020.66;0.8999950868266906;1.0349676821551257;1;8.0;22;6;0.6666666666666666
C02573;1;1;1316.09;689.51;0.9444946774156783;0.36317652870029776;1;6.411764705882353;26;12;0.7058823529411765
C02574;1;2;6069.49;773.075;0.9166651563805197;2.2324068250447806;3;9.727272727272727;22;8;0.7272727272727273
C02575;0;3;1995.94;1350.23;0.8999819633856728;0.7054661129274543;1;0.3333333333333333;2;2;0.2222222222222222
C02577;0;2;832.56;448.67;0.8333333333333334;0.33399257847758496;1;1.4;5;2;0.4
C02578;1;1;2266.39;582.84;0.9166868897233046;0.8947630233522178;0;3.5454545454545454;14;6;0.5454545454545454
C02579;0;1;824.26;1049.6;0.8333535534904035;0.5000728031645109;1;0.0;0;0;0.0
C02580;0;6;1358.41;1048.7983333333334;0.8999933746070773;0.5851583499896617;0;2.5555555555555554;20;3;0.3333333333333333
C02581;0;1;2492.63;671.15;0.5000020059134328;0.7651455619267464;0;0.5833333333333334;5;3;0.25
C02582;0;2;3477.43;803.18;0.8333309369275587;1.2541131411342963;1;2.8;10;3;0.6
C02583;0;4;1420.31;986.9475;0.9166731206567581;0.7542683865896985;0;2.090909090909091;21;2;0.18181818181818182
C02584;0;1;1610.19;141.35;0.20832945180382442;0.4580545504198812;1;1.4;7;1;0.2
C02585;1;4;2315.01;1760.1699999999998;0.9166785456650294;0.8734469501175283;2;9.090909090909092;25;7;0.6363636363636364
C02586;0;0;2184.32;0.0;0.16666514063873422;0.5788808353319995;0;0.3333333333333333;1;1;0.3333333333333333
C02587;1;2;7023.34;1323.02;0.16666714127466417;1.9010001218010313;0;16.25;24;3;0.75
C02588;0;2;505.16;937.07;0.6666402723889461;0.17788827224835901;0;0.5;2;1;0.25
C02589;0;1;3618.79;1400.73;0.08333172137648219;1.0863681257486288;0;11.0;22;1;0.5
C02590;0;1;1068.43;985.83;0.16667446627294255;0.18521735211111343;0;8.5;14;2;1.0
C02591;1;2;1501.86;1048.885;0.916630045410358;0.3400335084223872;1;3.1818181818181817;18;5;0.45454545454545453
C02592;0;0;2100.42;0.0;0.38888888888888884;0.6723237263613434;1;0.2857142857142857;2;1;0.14285714285714285
C02593;0;0;1188.35;0.0;0.5832793368956958;0.30975169818009307;0;0.21428571428571427;2;2;0.14285714285714285
C02594;0;3;951.09;1612.0366666666666;0.8333596189635051;0.36948735082048734;0;0.0;0;0;0.0
C02595;0;1;1765.95;884.04;0.16666383532942608;0.8826219512195123;0;3.0;6;1;0.5
C02596;0;2;1173.23;2342.35;0.44444823265685335;0.463426869539113;1;0.125;1;1;0.125
C02597;1;1;6008.74;1284.94;0.8333361070707004;1.5009429696925793;1;3.2;16;1;0.2
C02598;1;4;3231.62;1017.4875;0.8999944300381852;1.613277154866859;1;6.555555555555555;15;5;0.5555555555555556
C02599;0;0;1668.18;0.0;0.8333333333333333;0.48121085896100824;0;3.6;17;2;0.4
C02600;0;5;2591.37;958.4159999999999;0.9000104191991108;0.7045921100213984;0;9.444444444444445;25;5;0.5555555555555556
C02601;1;3;3264.23;663.69;0.8333358862580148;1.3485433122913706;1;5.2;20;3;0.6
C02602;0;2;753.21;860.565;0.3332935038037201;0.3389387380414533;0;1.6666666666666667;8;2;0.3333333333333333
C02603;0;3;3175.4;767.4499999999999;0.4444416451470681;0.9830777137266801;1;2.125;15;3;0.375
C02604;1;4;2512.76;891.2675;0.9000143268756268;1.006303513788436;1;1.3333333333333333;7;3;0.3333333333333333
C02605;1;1;1682.2;1036.87;0.0833313518012127;0.6975509831728577;1;0.0;0;0;0.0
C02606;1;3;1484.03;848.2333333333332;0.6999858493426683;0.7328108951568303;0;5.571428571428571;18;4;0.5714285714285714
C02607;0;4;1245.29;1760.1699999999998;0.8333400252150102;0.44452257970093634;1;4.6;14;2;0.4
C02608;1;1;2081.1;1419.85;0.2777857863629811;1.0215040568598481;0;10.0;20;4;0.8
C02609;0;1;1573.55;143.29;0.8333386292141972;0.2370389674558174;0;2.2;4;4;0.8
C02610;1;3;1891.62;568.5300000000001;0.8333333333333334;1.0340054990406742;1;4.0;17;2;0.4
C02611;0;7;2502.29;759.7328571428571;0.9000035967054177;1.782295918003946;3;5.888888888888889;23;5;0.5555555555555556
C02612;1;6;2934.6;965.8183333333333;0.8333333333333334;0.9301544235109162;0;13.5;25;8;0.8
C02613;1;1;3913.78;366.27;0.9166713509701617;2.324456269970423;1;6.818181818181818;22;6;0.5454545454545454
C02614;0;3;2358.96;464.97666666666663;0.944420422559094;0.8809650072823693;2;5.647058823529412;24;8;0.47058823529411764
C02615;1;0;1227.45;0.0;0.8333537007617419;0.3952885482416592;0;8.6;24;4;0.8
C02616;1;0;2156.5;0.0;0.8333410619058661;0.6512960988677444;2;8.5;25;5;0.5
C02617;0;1;1257.78;1311.15;0.7500357773219481;0.5391232785114508;1;4.777777777777778;23;4;0.4444444444444444
C02618;0;7;4831.09;1151.8242857142857;0.9000018629336236;1.8923633144531402;0;1.2222222222222223;4;4;0.4444444444444444
C02619;1;2;924.94;1576.97;0.4166756762600817;0.30293720768757126;0;14.4;25;5;1.0
C02620;1;3;2341.36;571.76;0.7778043530255919;1.2901334567615523;0;6.857142857142857;26;8;0.5714285714285714
C02621;0;1;3054.56;833.62;0.22222513226127494;1.0075237074297023;0;4.25;16;2;0.5
C02622;1;3;657.69;970.4333333333333;0.9000136842585411;0.23645665554532905;0;7.333333333333333;18;5;0.5555555555555556
C02623;0;4;1569.5;617.2925;0.39999999999999997;0.6679860401770514;1;6.75;23;3;0.75
C02624;1;3;1386.46;890.19;0.8333453543556972;0.39716860601685544;1;2.6;13;1;0.2
C02625;1;2;1095.93;798.675;0.5416221838986066;0.39665212906494873;1;3.4615384615384617;15;6;0.46153846153846156
C02626;0;1;1898.17;814.13;0.16666578862799433;1.6610108682336058;0;0.0;0;0;0.0
C02627;0;11;3617.08;486.42999999999995;0.8333379411016621;1.2511129020542424;0;0.6;2;2;0.4
C02628;1;3;1920.17;459.79333333333335;0.22223032335678614;0.5666909653257152;0;1.0;2;2;0.5
C02629;0;4;544.2;1607.1175;0.9166666666666666;0.056055820967472796;2;0.09090909090909091;1;1;0.09090909090909091
C02630;0;3;1326.01;671.2066666666667;0.8999932127208693;0.7572829395605964;0;3.5555555555555554;22;3;0.3333333333333333
C02631;0;1;757.4;343.37;0.6667018748349617;0.3385073319418808;3;6.875;24;8;1.0
C02632;0;8;500.51;993.0925;0.3333799524485025;0.3051964682065416;0;0.3333333333333333;2;1;0.16666666666666666
C02633;1;3;5457.95;797.3266666666667;0.8333348601581181;4.971399163835427;0;14.0;26;5;1.0
C02634;0;2;1716.59;568.375;0.900005242952598;0.4311696858265264;0;4.666666666666667;19;4;0.4444444444444444
C02636;0;3;1210.0;999.7966666666667;0.7777520661157025;0.5727214207277822;2;2.2857142857142856;25;3;0.21428571428571427
C02638;0;2;1485.1;1512.7600000000002;0.6667025789509126;0.4997038991103514;1;3.5833333333333335;20;5;0.4166666666666667
C02640;0;1;2325.67;492.91;0.9000116095576759;0.9528817906558446;0;2.888888888888889;20;5;0.5555555555555556
C02641;0;3;2864.08;397.77666666666664;0.9000062847406497;0.8945609465089984;0;0.4444444444444444;2;2;0.2222222222222222
C02643;0;2;1498.2;1340.63;0.9166666666666666;0.5532067306449647;1;2.1818181818181817;22;2;0.18181818181818182
C02644;0;2;2554.72;740.305;0.5000039143232918;0.9042200380132586;1;7.0;19;2;0.6666666666666666
C02647;1;1;2116.62;1305.51;0.9166406818418044;0.7067957404321678;1;2.272727272727273;11;4;0.36363636363636365
C02648;0;1;832.41;1009.22;0.8333033000564626;0.43365302964788255;0;0.2;1;1;0.2
C02649;1;0;1164.83;0.0;0.3333361949812419;0.6571752572666546;2;2.5;10;1;0.25
C02650;0;5;1270.04;1572.7640000000001;0.3333438316903405;0.6921613829711862;1;1.5;11;2;0.25
C02651;0;7;3891.17;1329.1542857142856;0.20833065633215717;1.3354737962041392;1;0.6;2;2;0.4
C02652;0;2;754.02;301.575;0.5000397867430573;0.25913744574238845;0;5.333333333333333;24;2;0.3333333333333333
C02654;0;2;2447.38;680.835;0.6666394266521749;1.3075077866641023;1;1.0;12;4;0.25
C02655;1;0;4641.14;0.0;0.3749983840177198;1.4445734419402332;1;13.333333333333334;25;8;0.8888888888888888
C02656;0;4;6146.31;1355.5375;0.6666634126817553;1.9239625494191779;1;0.16666666666666666;1;2;0.16666666666666666
C02657;0;7;2256.12;1329.1542857142856;0.208322252362463;1.7955733829954874;2;20.2;26;5;1.0
C02658;0;3;4186.66;789.8499999999999;0.416668657115696;2.5446644015875814;1;9.6;23;5;1.0
C02659;1;1;1442.27;645.25;0.555582519223169;0.48284093001456285;2;11.8;24;8;0.8
C02660;1;1;1895.59;434.65;0.20000105508047628;0.8804576025564803;0;0.5;1;1;0.5
C02661;0;1;1495.95;141.35;0.9166482836993215;0.6096537165259988;1;2.909090909090909;18;4;0.36363636363636365
C02663;0;0;1677.36;0.0;0.8333333333333334;0.3693088119703471;2;5.0;21;4;0.4
C02664;0;7;3050.58;1172.9142857142856;0.2777832412197025;1.2572971190701892;2;0.0;0;0;0.0
C02665;1;2;1293.43;514.3499999999999;0.33334621896816985;0.26331186280577185;0;3.5;13;4;0.6666666666666666
C02666;0;3;1787.55;679.6866666666666;0.7499874129394982;0.8566027247590797;0;1.5555555555555556;20;5;0.2777777777777778
C02667;0;1;1513.04;1159.62;0.7777983397662984;0.20067455638567222;1;4.928571428571429;25;8;0.5714285714285714
C02668;0;2;1978.41;874.3100000000001;0.4166729848716899;0.37405560135222005;1;6.6;20;3;0.6
C02669;0;1;704.27;174.93;0.5556107742769109;0.1525519918381316;2;0.1;1;1;0.1
C02671;1;3;1341.34;1503.2333333333333;0.8999731611671912;0.6693279973652826;0;3.6666666666666665;24;4;0.4444444444444444
C02672;1;0;13951.26;0.0;0.8333333333333333;3.8675826049350888;3;11.6;18;5;1.0
C02673;0;7;1230.56;804.5871428571429;0.9166964633987777;0.8703302920998656;0;0.45454545454545453;2;4;0.36363636363636365
C02674;0;3;1201.64;889.2233333333334;0.666688858559968;0.356670277971535;1;1.25;3;6;0.75
C02675;1;0;2729.44;0.0;0.8333394395920043;1.0342274478896294;1;5.8;17;2;0.4
C02676;0;4;1171.46;1353.6799999999998;0.33332764242910556;0.6017547284177651;0;2.625;19;3;0.375
C02677;1;3;3367.14;1192.53;0.7999904963856567;1.269387801264434;2;10.625;18;7;0.875
C02678;1;4;2677.87;867.6899999999999;0.80000896234694;0.8760169716082137;3;5.5;19;4;0.5
C02680;0;7;1434.47;887.3514285714285;0.9166730569478623;0.2492948518537185;0;0.45454545454545453;2;3;0.2727272727272727
C02681;0;0;2545.34;0.0;0.4444514288857284;0.9604223029699309;2;4.25;19;4;0.5
C02682;0;3;3419.55;302.8233333333333;0.6666725153894517;1.096399680655618;0;0.0;0;0;0.0
C02683;1;5;3916.63;998.958;0.7777757919435841;1.994028042236455;0;7.428571428571429;26;7;0.5
C02684;1;1;3278.35;2881.92;0.1666661582808425;2.2344870361787397;0;3.6666666666666665;11;1;0.3333333333333333
C02685;1;3;838.99;967.39;0.27777446691855684;0.1577128914437387;3;5.0;14;2;0.4
C02686;1;0;2114.9;0.0;0.9444087190883729;0.5175409402805377;0;4.176470588235294;25;7;0.4117647058823529
C02687;0;0;2754.8;0.0;0.7;1.0280715634539743;0;10.0;25;5;0.7142857142857143
C02688;0;3;2015.03;585.77;0.8333374689210582;0.6083035978433468;1;1.5;7;4;0.4
C02689;0;1;2297.0;1407.11;0.2500043535045712;1.216161124141619;0;0.0;0;0;0.0
C02690;1;1;4235.23;1754.08;0.2500029514335703;2.1543904448943465;1;6.666666666666667;18;2;0.6666666666666666
C02691;0;2;1214.89;469.9;0.9166591214019374;0.367656048565255;0;0.8181818181818182;5;2;0.18181818181818182
C02693;0;2;2848.45;1764.3400000000001;0.33333918446874616;0.4069557291257406;0;1.0;2;3;0.5
C02695;0;6;1576.35;555.0033333333333;0.9166492213023758;0.5415912237724997;1;0.7272727272727273;2;5;0.45454545454545453
C02696;1;0;1479.64;0.0;0.7999783731177854;1.0951940371420326;0;2.75;17;4;0.5
C02697;0;5;2157.52;478.78999999999996;0.5000185398049614;0.6581336326809508;0;0.25;2;2;0.16666666666666666
C02698;0;1;836.92;690.47;0.4166467523777661;0.16457179713063178;1;5.8;20;3;0.6
C02699;1;4;1862.48;997.6375;0.6666595077531033;1.0891695906432748;2;2.1666666666666665;16;5;0.4166666666666667
C02700;0;6;3942.1;1382.9433333333334;0.9;1.3993816182291277;1;0.7777777777777778;6;2;0.2222222222222222
C02701;0;5;5341.12;728.39;0.3333308369780121;2.272517242406321;2;0.5;2;1;0.25
C02702;0;7;4086.45;804.5871428571429;0.699991435108713;1.3663995024526276;1;5.571428571428571;19;5;0.7142857142857143
C02703;0;1;1469.94;695.9;0.5833571438289998;0.30178181721129904;1;4.214285714285714;22;5;0.35714285714285715
C02704;1;0;8047.53;0.0;0.9166700838642416;1.6667626298609846;1;3.090909090909091;19;4;0.36363636363636365
C02705;0;7;1220.4;887.3514285714285;0.9166666666666666;0.6144860401299062;0;1.2727272727272727;7;4;0.36363636363636365
C02706;1;0;3869.74;0.0;0.9444639691555505;1.5165162458410568;1;9.823529411764707;25;13;0.7647058823529411
C02707;0;6;787.14;1039.4950000000001;0.5;0.3085129732695775;0;0.3333333333333333;1;1;0.3333333333333333
C02708;0;1;951.67;496.69;0.9167148276188176;0.43770438270100215;0;3.909090909090909;23;6;0.5454545454545454
C02709;1;4;3970.78;488.95;0.9166712837276302;1.1526579948851778;2;12.818181818181818;21;10;0.9090909090909091
C02711;1;1;926.8;328.38;0.7499676305567545;0.4431820355387235;2;0.7777777777777778;5;2;0.2222222222222222
C02713;1;3;3216.17;663.69;0.2499961133895285;1.2635125048125653;2;12.0;18;2;0.6666666666666666
C02714;0;1;1111.31;311.67;0.8333408319910737;0.2883935174973076;2;4.533333333333333;26;4;0.26666666666666666
C02715;1;0;840.54;0.0;0.9166012325409857;0.21291729677561536;1;1.0909090909090908;6;4;0.36363636363636365
C02716;0;2;1340.38;696.7049999999999;0.8333457676181381;0.5514991174401238;0;6.4;24;4;0.8
C02717;1;1;2293.94;200.05;0.8333260678134563;1.0683103117461321;3;7.2;24;4;0.8
C02718;1;5;1767.56;1268.108;0.7500169725497297;0.6615416860038624;2;12.777777777777779;23;7;0.7777777777777778
C02719;1;1;1199.55;1219.38;0.6666499937476553;0.5877323638644181;1;11.875;19;8;1.0
C02720;0;4;2858.88;548.585;0.9000062961719274;0.9600257898130239;1;1.5555555555555556;14;1;0.1111111111111111
C02721;0;2;1037.94;1729.1;0.8999653159142147;0.5315382212412494;0;2.6666666666666665;22;2;0.2222222222222222
C02722;0;2;1997.49;937.07;0.9000045056545966;0.4679146013511614;1;4.222222222222222;23;4;0.4444444444444444
C02723;1;8;1125.02;982.13375;0.8333185187818883;0.5171768621483834;0;0.1;1;1;0.1
C02724;0;6;3732.88;673.72;0.9000048220141017;0.5586471116432206;0;7.777777777777778;25;3;0.3333333333333333
C02725;0;5;1663.11;924.7879999999999;0.5000270577412197;0.6364217325751372;1;1.0;9;3;0.25
C02726;1;2;1595.3;1493.37;0.7777972795085564;0.5826366747380454;1;7.428571428571429;25;8;0.5714285714285714
C02727;1;1;2532.24;477.31;0.7500000000000001;2.5423075378498856;3;12.222222222222221;23;6;0.6666666666666666
C02728;0;2;2168.89;987.865;0.3333317964488748;0.9953693930187518;0;10.0;20;1;0.5
C02729;1;4;4636.37;927.865;0.8333351307164872;1.3710864608623905;0;3.2;7;3;0.6
C02730;0;2;1567.42;1024.53;0.7083423715404933;0.379351572180917;0;1.1764705882352942;17;3;0.17647058823529413
C02732;1;2;1927.8;2370.31;0.6249610955493309;0.6943073853445606;0;11.266666666666667;25;12;0.8
C02733;0;1;1538.16;516.64;0.8333333333333334;0.8780705009276438;1;0.4;2;1;0.2
C02734;0;3;1056.48;1141.2666666666667;0.8333333333333334;0.8987800520647236;1;7.8;21;2;0.4
C02735;0;3;724.74;1141.2666666666667;0.9167425559510997;0.2434775013270085;2;3.3636363636363638;16;7;0.6363636363636364
C02736;1;6;3035.5;1019.8866666666667;0.16666776478339648;0.7871453243230627;0;9.5;13;2;1.0
C02737;0;1;2150.6;905.27;0.4999953501348461;0.6915623985053557;0;6.666666666666667;19;2;0.6666666666666666
C02738;1;0;1148.45;0.0;0.8333405894901823;0.4703042265748814;1;9.6;21;4;0.8
C02739;0;0;1308.26;0.0;0.9166526531423418;0.5546765030102604;2;6.2727272727272725;23;6;0.5454545454545454
C02740;1;3;7446.7;510.4266666666667;0.33333691433789464;1.3995609633246504;0;0.5;2;2;0.3333333333333333
C02741;0;7;1747.45;412.61428571428576;0.8333285644796704;0.751759533314978;0;0.0;0;0;0.0
C02742;0;6;2449.29;1178.3033333333333;0.9166778944102169;0.39743845625854946;1;0.5454545454545454;2;4;0.36363636363636365
C02743;1;5;1164.58;301.91400000000004;0.8333476446444212;0.4224329304566097;0;0.4;1;2;0.4
C02744;0;2;2041.37;1237.79;0.9444490709670467;0.7123584527070647;1;0.47058823529411764;4;4;0.23529411764705882
C02745;0;5;1874.21;818.116;0.16666222034884032;0.7381162422514356;0;1.0;2;1;0.5
C02746;0;3;1633.56;802.1899999999999;0.6000146918386837;0.36937228238135184;0;6.0;22;4;0.6666666666666666
C02747;0;3;1543.28;1020.4633333333333;0.5833484526463119;0.44922208153225923;0;0.7142857142857143;2;3;0.42857142857142855
C02748;0;2;2133.15;1527.6950000000002;0.2222253474908;0.735721183693178;0;0.25;1;1;0.25
C02749;0;1;2038.63;268.96;0.08333047193458351;1.3228064938941304;0;0.0;0;0;0.0
C02750;1;2;5166.29;1245.8;0.8333349463541536;2.2542204264714223;1;6.8;14;4;0.8
C02751;0;5;1944.52;573.51;0.899990743216835;0.462171052631579;0;0.4444444444444444;2;2;0.2222222222222222
C02752;0;2;879.62;392.95500000000004;0.9166458243332347;0.24341324241979803;0;0.09090909090909091;1;1;0.09090909090909091
C02753;0;3;2608.81;634.3366666666667;0.833330139028906;0.5349616435940393;0;4.4;21;2;0.4
C02754;1;3;3891.75;685.4333333333334;0.3333410419477099;2.6561764163885417;0;15.75;26;7;0.875
C02755;1;1;1200.23;726.08;0.58333819351291;0.38819906914764585;0;1.0;8;3;0.21428571428571427
C02756;0;1;797.5;348.69;0.9;0.20744459473519924;0;0.6666666666666666;2;4;0.4444444444444444
C02757;1;6;1520.54;735.0316666666666;0.8332894892603944;0.4880423932545681;0;1.0666666666666667;10;5;0.3333333333333333
C02758;1;2;5203.82;1800.1350000000002;0.5999976940017141;2.68559308038479;2;13.833333333333334;18;6;1.0
C02760;1;2;5927.16;1828.235;0.6111172973228326;2.4410188826884665;1;5.454545454545454;21;8;0.7272727272727273
C02761;0;1;718.49;321.09;0.7084023438043675;0.26982904955760184;2;8.176470588235293;24;11;0.6470588235294118
C02762;0;4;3590.94;617.0875000000001;0.3333389029056459;1.8911429203400008;0;2.1666666666666665;6;4;0.6666666666666666
C02763;0;2;1418.76;720.4100000000001;0.7222222222222221;0.45351123101659324;2;2.923076923076923;23;6;0.46153846153846156
C02765;1;4;3534.62;950.8275;0.6666628944554154;0.9711241524073281;1;0.0;0;0;0.0
C02766;1;5;1944.89;494.45;0.24999357290129517;0.9436129076080364;0;7.0;21;1;0.3333333333333333
C02767;0;7;1202.32;945.5257142857143;0.8999850289440415;0.24217569783227855;1;2.0;17;2;0.2222222222222222
C02768;1;3;6449.92;763.9166666666666;0.1999993798372693;4.635394732113982;1;18.0;22;2;1.0
C02769;1;1;2842.61;788.0;0.8333362649114722;0.6880667102364874;0;20.4;26;5;1.0
C02771;0;1;1107.84;363.02;0.25;0.20249684695388326;1;0.0;0;0;0.0
C02772;1;8;3211.9;1058.71375;0.8333385223699369;1.0241930083577007;1;1.1;5;4;0.4
C02774;0;0;1763.45;0.0;0.8333097054070147;0.6609112476154426;0;0.3;2;2;0.2
C02775;1;6;3689.9;1092.5716666666667;0.7000000000000001;1.517278528898977;1;11.285714285714286;23;7;1.0
C02776;0;0;1844.02;0.0;0.33331525688441555;0.3614796983519919;1;0.75;2;3;0.375
C02777;1;4;1183.85;974.1975;0.9166279511762472;0.7405542349555861;1;9.272727272727273;25;7;0.6363636363636364
C02778;0;1;730.85;754.89;0.16665526441814324;0.31782581657990977;0;1.0;2;1;0.5
C02779;0;7;2709.83;1071.6342857142856;0.6666691268455954;0.5932137345256728;1;3.875;16;5;0.625
C02780;1;2;872.7;864.78;0.9167296894694626;0.3205333039501956;0;3.1818181818181817;22;3;0.2727272727272727
C02781;0;4;1853.61;1062.6125;0.9166815025814493;0.7490271508754631;3;3.272727272727273;13;8;0.7272727272727273
C02782;0;5;1828.65;479.438;0.6666557296366171;0.9764204590962244;1;2.5;19;4;0.3333333333333333
C02783;1;5;1848.36;1057.8020000000001;0.25000000000000006;0.4519427552869204;0;1.3333333333333333;4;1;0.3333333333333333
C02784;0;2;2315.35;970.055;0.9166864620899647;0.9128741133842994;1;2.272727272727273;15;4;0.36363636363636365
C02785;0;1;1357.57;271.39;0.49999631694866564;0.36370528932837876;2;7.333333333333333;19;3;1.0
C02786;0;2;3767.13;381.195;0.16666268485557972;2.446124775979845;0;6.333333333333333;19;1;0.3333333333333333
C02787;1;0;2571.5;0.0;0.9166595372350769;0.5876572551618542;2;7.454545454545454;24;8;0.7272727272727273
C02788;1;3;1929.24;663.69;0.9166666666666666;0.7966700115211655;3;10.454545454545455;24;9;0.8181818181818182
C02789;1;7;2653.27;696.2314285714285;0.33333207702193896;1.6428102632686927;1;7.0;14;1;0.5
C02791;0;0;890.13;0.0;0.27776841584937034;0.1942010014072062;0;0.4;2;1;0.2
C02792;0;2;787.78;443.04499999999996;0.9000228490187616;0.3881913509677928;4;4.444444444444445;24;5;0.5555555555555556
C02793;0;2;4142.34;420.47999999999996;0.5555555555555556;1.343881493785626;0;5.4;24;5;0.5
C02795;1;0;1564.48;0.0;0.8333439865003068;0.659864777659211;3;4.0;20;1;0.2
C02796;0;2;1315.63;2996.6400000000003;0.4999961995393842;0.30573010104014653;0;0.2222222222222222;1;2;0.2222222222222222
C02797;1;0;3172.12;0.0;0.9166551076251844;1.4527951050168082;2;4.363636363636363;22;6;0.5454545454545454
C02798;1;0;2196.51;0.0;0.5416592685669539;0.5102787063860631;1;0.07692307692307693;1;1;0.07692307692307693
C02799;0;0;4259.84;0.0;0.8999915489783654;0.8284644631795949;0;3.3333333333333335;25;4;0.4444444444444444
C02802;1;2;713.67;1062.165;0.6111367999215324;0.09190217293324096;1;5.090909090909091;15;7;0.6363636363636364
C02803;0;2;1095.28;725.87;0.08333942005697173;0.3353808278573572;0;0.5;1;1;0.5
C02804;0;3;1778.17;1825.3500000000001;0.833328646867285;0.8885474288055727;0;4.8;24;1;0.2
C02805;0;3;2155.85;644.9033333333333;0.16666743975694043;0.4507157387255732;0;1.0;2;2;0.6666666666666666
C02806;1;0;771.78;0.0;0.900023322708544;0.36490607609420284;0;9.0;24;5;0.5555555555555556
C02807;1;4;4402.84;1847.12;0.5999945489729356;4.269586214253159;3;17.833333333333332;23;6;1.0
C02808;0;3;977.59;1129.42;0.8333248089689953;0.21623983047473272;1;4.2;20;2;0.4
C02809;1;7;985.1;854.5414285714286;0.6111359252867729;0.37195481113410156;3;1.6363636363636365;8;4;0.36363636363636365
C02810;0;2;1833.96;955.415;0.9166666666666667;0.37747452917567154;2;3.909090909090909;20;4;0.36363636363636365
C02811;0;1;2693.67;317.18;0.4444493943207594;0.530655303657124;3;2.625;17;3;0.375
C02812;0;6;534.38;905.0733333333333;0.40001497062015795;0.13648541998166164;1;6.25;25;1;0.25
C02813;0;2;1851.96;1791.955;0.25;0.8788849499565768;0;0.0;0;0;0.0
C02815;0;4;1342.89;1139.8225;0.6666815599192785;0.3894963686567511;1;5.75;18;2;0.5
C02816;0;1;856.91;725.61;0.8999894971467249;0.36611636630862965;0;1.8888888888888888;17;1;0.1111111111111111
C02817;0;4;1785.06;997.6375;0.9000201673893314;0.5840343145434379;2;0.3333333333333333;2;2;0.2222222222222222
C02818;1;1;3143.44;1202.62;0.8333386353803476;0.5478523811598623;1;1.0;5;1;0.2
C02820;0;8;1255.12;1063.15625;0.8333466122761172;0.1762791657947183;0;0.8;2;2;0.4
C02821;1;1;3153.8;390.41;0.49999682922189104;0.7425615524617454;2;2.3333333333333335;9;4;0.4444444444444444
C02822;0;1;937.88;1791.86;0.9000191922207532;1.0245687630408897;0;6.0;26;5;0.5555555555555556
C02824;0;2;1625.95;674.255;0.9166948553153541;0.8475994370015117;1;3.909090909090909;17;4;0.36363636363636365
C02825;0;3;1699.13;1084.5366666666666;0.16666176219594733;0.7057975649977778;0;1.0;2;1;0.5
C02826;1;2;3016.15;443.04499999999996;0.16666279860086533;1.3299894170561777;0;0.25;1;1;0.25
C02827;0;8;5243.79;881.66625;0.1666657131578496;1.1603153599688447;0;2.0;6;1;0.3333333333333333
C02828;1;0;2358.04;0.0;0.1666638394598904;0.4850177713420654;2;0.0;0;0;0.0
C02830;1;1;745.4;1916.75;0.5000000000000001;0.19227148093406693;0;8.8;25;3;0.6
C02831;0;4;1956.99;1117.6775;0.16666411172259438;0.6988176815703303;0;0.6666666666666666;1;2;0.6666666666666666
C02832;0;6;1296.95;875.0433333333332;0.33333590346582365;0.3288129319480572;1;0.5;1;2;0.5
C02833;1;5;3550.19;622.994;0.7000019717254569;1.9930219894347418;1;4.0;20;2;0.2857142857142857
C02834;0;1;5539.45;653.47;0.9444529691575879;2.365295029398327;1;4.647058823529412;25;6;0.35294117647058826
C02835;0;4;2144.24;1671.0025;0.4999953363429468;1.1769704088745931;0;12.333333333333334;22;3;1.0
C02837;1;1;1992.7;635.97;0.30000000000000004;0.9395894040984147;0;0.6666666666666666;2;1;0.3333333333333333
C02838;1;1;1216.98;1583.06;0.9167118605071571;0.21822661511867275;2;2.1818181818181817;13;4;0.36363636363636365
C02839;1;2;1067.9;1800.1350000000002;0.8999999999999999;0.4839309019721579;1;5.222222222222222;23;5;0.5555555555555556
C02840;0;1;1366.32;552.85;0.9166666666666667;0.6579189398718177;1;2.090909090909091;17;4;0.36363636363636365
C02841;1;3;3416.13;1202.7333333333333;0.5833384560892003;2.610143720535762;2;16.571428571428573;25;7;1.0
C02842;0;1;3588.06;1196.27;0.8333333333333334;0.6243568170863487;0;0.0;0;0;0.0
C02843;1;1;3665.75;404.49;0.9000122757962218;0.9733543984493243;1;7.666666666666667;25;5;0.5555555555555556
C02844;1;1;2814.79;1315.51;0.29165941331324896;1.9039434523809522;3;5.0;21;3;0.42857142857142855
C02845;0;1;1588.66;270.58;0.30000755353568415;0.5359146401114564;0;0.3333333333333333;1;1;0.3333333333333333
C02846;0;0;772.71;0.0;0.2999961175602749;0.2855743751409005;2;10.0;15;3;1.0
C02847;0;1;1019.58;503.59;0.9166127228858941;0.2688333364094911;0;0.2727272727272727;2;2;0.18181818181818182
C02848;0;5;1298.47;434.82199999999995;0.8333654223817261;0.884257336066411;2;7.6;22;9;0.6
C02849;0;4;5831.13;1234.1625;0.916671382733707;0.9772182997685632;0;3.4545454545454546;22;3;0.2727272727272727
C02850;0;3;1840.78;1619.88;0.9166766262128011;1.174738508076096;2;0.09090909090909091;1;1;0.09090909090909091
C02851;0;4;930.73;636.78;0.8333243797879084;0.3401256381489752;0;4.0;20;1;0.2
C02852;0;3;904.66;770.54;0.8000353724051025;0.5175814996624444;0;2.0;15;2;0.25
C02853;0;2;3223.46;495.53;0.4166640814528488;0.8123598167347947;0;6.8;18;3;0.6
C02854;1;0;8198.71;0.0;0.9166722569770124;2.710111297322848;0;2.727272727272727;25;4;0.36363636363636365
C02855;0;1;995.23;741.78;0.9167127196728393;0.750092326708421;3;2.272727272727273;24;2;0.18181818181818182
C02856;0;2;646.76;3626.165;0.9167233595151215;0.2511611289746338;1;0.45454545454545453;2;3;0.2727272727272727
C02857;0;0;1863.41;0.0;0.4999865837362685;0.7300847856068204;0;5.166666666666667;26;5;0.4166666666666667
C02859;0;2;1974.27;1178.545;0.8333206704250179;0.8276577637850732;0;0.0;0;0;0.0
C02860;0;1;526.57;566.14;0.666578042805325;0.3149153758746487;1;2.5;18;4;0.3333333333333333
C02861;0;1;3034.64;453.97;0.8333278411936836;0.5120528075971665;0;7.6;24;3;0.6
C02862;0;0;3173.81;0.0;0.3888827623581752;0.7054274937599047;1;5.428571428571429;20;2;0.2857142857142857
C02863;0;1;2025.37;503.22;0.8333292188587764;0.6754002474347816;3;0.8;2;3;0.6
C02864;1;1;2176.99;2899.32;0.8333295054180313;0.6583692207195219;0;10.2;20;3;0.6
C02865;0;4;1694.31;710.485;0.9166504358706494;0.5793225832923027;2;5.818181818181818;26;6;0.5454545454545454
C02866;1;1;2757.51;880.48;0.8333242671830745;0.8296382098533284;1;0.4;2;1;0.2
C02867;0;2;380.0;709.835;0.9167631578947368;0.15439560216316364;1;0.36363636363636365;3;2;0.18181818181818182
C02868;1;6;6022.64;1039.4950000000001;0.5833372076033101;2.44044994813278;4;8.857142857142858;13;6;0.8571428571428571
C02869;1;7;1287.97;657.6528571428571;0.3000069877403977;0.5041215242985971;0;0.0;0;0;0.0
C02870;1;1;1089.42;1768.53;0.9167171522461494;0.33929861716706117;1;11.272727272727273;26;9;0.8181818181818182
C02871;1;5;639.61;1213.562;0.19999687309454198;0.2572589240824535;0;0.0;0;0;0.0
C02872;0;3;1158.84;822.7800000000001;0.1999930965448207;0.3999530620133635;0;4.0;8;1;0.5
C02874;1;1;2813.5;512.62;0.9;1.6493243837383125;2;5.555555555555555;22;6;0.6666666666666666
C02875;0;4;4755.17;826.7149999999999;0.6666596567525451;1.8962881138290493;1;2.3125;17;8;0.5
C02876;1;5;1681.27;528.646;0.3333432464743914;0.7558715629327242;0;3.5;7;3;0.75
C02877;0;6;1615.47;949.945;0.24999535738825235;0.24975032233927097;1;0.0;0;0;0.0
C02879;0;1;783.66;1033.13;0.8333333333333335;0.1493744138703996;0;0.8;2;2;0.4
C02880;1;7;3808.05;1071.6342857142856;0.833339898373183;1.7783324616131804;1;6.8;19;3;0.6
C02882;1;3;1905.58;982.4;0.6666736636614575;0.7466011581529106;1;4.75;11;2;0.5
C02883;0;8;971.12;805.08875;0.916704423758135;0.32887994825268135;1;0.18181818181818182;1;2;0.18181818181818182
C02884;0;1;642.04;938.36;0.1666562830976263;0.2851572042122467;1;0.5;1;1;0.5
C02885;1;1;1559.45;985.83;0.4166533072557632;0.3910414900926293;0;0.8;2;2;0.4
C02886;1;5;878.16;1213.562;0.25000000000000006;0.3774402351909637;2;3.6666666666666665;11;1;0.3333333333333333
C02887;0;5;1483.45;716.52;0.9166604873773974;0.2916594576740382;1;0.36363636363636365;2;3;0.2727272727272727
C02888;0;2;958.6;779.6;0.7499687043605257;0.17539654513085212;0;2.5555555555555554;23;7;0.3888888888888889
C02889;0;1;1812.24;271.87;0.16666666666666669;1.0161143818334735;1;4.25;17;1;0.25
C02891;0;1;2422.22;991.21;0.1111129459751798;0.43623638911200996;1;0.0;0;0;0.0
C02892;0;8;3610.69;812.5925;0.7777626990962947;1.1973927692624011;1;0.2857142857142857;2;3;0.21428571428571427
C02893;0;2;1312.3;915.6500000000001;0.6666768269450584;0.36577140053961243;2;0.75;2;2;0.5
C02895;1;3;1125.72;734.1666666666666;0.12498667519454215;0.6117212335280533;0;7.0;12;2;0.6666666666666666
C02896;1;0;2867.73;0.0;0.8888981877652359;1.4300039892290815;3;3.375;20;8;0.5
C02897;0;0;694.18;0.0;0.41660664380996293;0.21354653738248758;0;3.6;16;4;0.4
C02898;0;4;1672.17;1062.6125;0.8333482839663431;0.49334261698731663;1;8.0;25;2;0.4
C02899;1;2;1382.66;1252.0549999999998;0.6666280936745115;0.4629374797017454;2;1.3333333333333333;12;3;0.25
C02900;0;2;1519.15;510.195;0.20834019023796202;0.22662819787954236;1;2.0;6;2;0.4
C02901;1;3;1843.32;562.8233333333334;0.19999783000238702;0.4435141007225402;1;24.0;26;2;1.0
C02902;0;1;3930.97;406.43;0.9166643347570701;1.0913964761867743;1;1.8181818181818181;9;3;0.2727272727272727
C02903;0;4;1175.83;1021.1125000000001;0.8999770374969172;0.5518774054257016;1;6.222222222222222;26;5;0.5555555555555556
C02904;1;4;5565.19;1760.1699999999998;0.12499842772663647;1.5409379880162588;0;16.333333333333332;23;3;1.0
C02905;1;0;1235.19;0.0;0.3888794436483456;0.2389754463897042;1;5.571428571428571;22;4;0.5714285714285714
C02906;1;5;1234.71;728.766;0.7778344712523587;0.25997397544090156;1;8.785714285714286;26;7;0.5
C02907;0;3;380.0;1120.2166666666667;0.9;0.1977024889702822;0;1.7777777777777777;12;3;0.3333333333333333
C02908;1;0;1242.75;0.0;0.3333252866626433;0.6903936535448819;1;6.75;15;3;0.75
C02909;0;2;1990.92;1166.94;0.5;0.33418267148741604;0;13.666666666666666;22;2;0.6666666666666666
C02910;1;1;2685.82;712.12;0.8333395387628358;0.7034035911081313;2;0.4;2;1;0.2
C02911;0;0;2043.25;0.0;0.4999828704270158;1.4297159810514088;1;7.222222222222222;21;5;0.5555555555555556
C02912;1;4;1575.54;628.31;0.6111111111111112;0.6619470959935467;1;6.0;17;7;0.6363636363636364
C02913;0;0;1494.34;0.0;0.16666889730583404;0.5598582314902928;2;0.0;0;0;0.0
C02914;0;4;1493.37;614.9725;0.4444176593878275;0.4649230405220293;1;3.0;23;2;0.25
C02915;0;0;975.84;0.0;0.8333333333333333;0.5357166384856936;1;0.2;1;1;0.2
C02916;0;2;1790.11;433.675;0.9166922703074113;0.494026510206954;1;1.4545454545454546;8;4;0.36363636363636365
C02917;0;2;793.8;904.0149999999999;0.9;0.29893013289549497;2;2.7777777777777777;19;3;0.3333333333333333
C02918;0;6;2774.42;1112.5649999999998;0.899993512157496;0.9281976821989669;0;4.444444444444445;23;4;0.4444444444444444
C02919;1;3;1490.39;1155.7833333333335;0.33333556988439267;1.6000236183278225;1;9.0;19;3;0.75
C02920;1;0;1038.56;0.0;0.916701971961177;0.2803630336308222;3;14.272727272727273;26;8;0.7272727272727273
C02921;0;1;1238.99;487.86;0.9166740651659819;0.4701014577436466;2;0.6363636363636364;2;5;0.45454545454545453
C02922;0;7;1403.39;945.5257142857143;0.9000064130427037;0.3035026103054079;1;2.0;9;3;0.3333333333333333
C02923;0;3;5018.21;1266.1633333333334;0.5555566626346845;1.8599395859972943;3;8.9;20;8;0.8
C02924;0;1;4749.53;696.36;0.16666491210709272;1.0557443734370657;0;13.0;21;3;1.0
C02925;1;1;2635.49;1340.5;0.6249881426224346;1.0469469393916522;2;1.6666666666666667;8;5;0.3333333333333333
C02926;0;2;1529.46;1023.5550000000001;0.20000523060426553;0.6122811723119174;0;1.5;2;2;1.0
C02927;0;5;682.34;686.5440000000001;0.9166397983410031;0.23764479705773772;0;0.36363636363636365;2;3;0.2727272727272727
C02928;0;9;3203.27;791.1966666666667;0.6000056192578209;0.5458683312287733;0;0.6666666666666666;2;2;0.3333333333333333
C02929;1;2;1928.58;341.11;0.8333333333333334;0.9088158787604614;0;3.4;15;3;0.6
C02930;0;4;1616.31;659.0825;0.666654292802742;0.4479509343916546;0;0.5;2;1;0.25
C02931;1;0;1180.15;0.0;0.7777316442825064;0.39830505614374967;0;0.14285714285714285;2;1;0.07142857142857142
C02932;0;1;2310.32;1433.26;0.8999922088714982;0.6871575841577091;0;3.0;16;3;0.3333333333333333
C02934;1;0;3842.07;0.0;0.9000070274617589;1.4618413843484614;2;11.333333333333334;21;8;0.8888888888888888
C02935;0;4;1024.82;1522.225;0.8999824359399701;0.7122196662751665;1;0.8888888888888888;4;3;0.3333333333333333
C02937;1;7;4193.15;657.6528571428571;0.8333353207016206;2.1135787409711124;2;3.5;23;2;0.2
C02938;0;0;3221.47;0.0;0.8333462673872487;1.223056625979992;0;2.2;11;4;0.4
C02939;0;1;1348.18;292.51;0.8333456956786185;0.3358903768296481;0;2.8;11;3;0.6
C02940;1;6;1670.99;1029.3916666666667;0.8333383203968905;0.8154631477749094;1;4.6;21;2;0.4
C02941;1;1;1245.46;533.76;0.8333467152698601;0.6346551706566382;2;8.0;21;3;0.6
C02942;0;2;2093.67;1729.1;0.9000128960151312;0.7149047326367548;2;6.555555555555555;25;4;0.4444444444444444
C02943;0;5;2743.57;721.626;0.9444410020520707;0.5903680049578027;1;0.5294117647058824;6;3;0.17647058823529413
C02944;0;0;1989.48;0.0;0.5;0.36974989824573795;2;5.166666666666667;26;4;0.6666666666666666
C02945;0;1;2427.94;712.12;0.5416443569445702;0.41331914712516493;0;2.3846153846153846;22;5;0.38461538461538464
C02947;1;1;837.1;2932.85;0.916688567674113;0.19025605360170553;2;8.272727272727273;25;7;0.6363636363636364
C02948;0;5;810.18;887.6600000000001;0.5000123429361376;0.2534449911939612;1;8.6;26;3;0.6
C02949;1;2;1403.08;1768.6499999999999;0.9444579068905552;1.3529922277294555;1;3.0588235294117645;15;8;0.47058823529411764
C02951;0;0;1815.01;0.0;0.16666023878656316;1.0297461675498418;1;14.333333333333334;21;3;1.0
C02952;1;1;6174.71;2199.72;0.12500020243865703;1.8924515984688046;1;8.333333333333334;13;3;1.0
C02953;0;1;1601.37;1565.15;0.9000168605631427;0.31602722613519524;0;0.8888888888888888;4;4;0.4444444444444444
C02954;0;11;2351.4;486.42999999999995;0.5416943097729012;0.5902123248301326;1;4.076923076923077;18;8;0.6153846153846154
C02955;1;3;1730.39;695.3533333333334;0.41666907460167935;1.7289204176450017;2;7.5;21;6;0.6
C02956;1;2;7366.73;919.4449999999999;0.39999837105472846;3.3786759984589696;0;6.5;22;3;0.75
C02957;1;3;727.24;951.3033333333333;0.9166162477311479;0.21021534903887845;0;5.454545454545454;20;6;0.5454545454545454
C02958;1;2;1181.21;938.325;0.9444044666062765;0.3407579000813519;1;2.411764705882353;15;6;0.35294117647058826
C02960;0;3;945.92;1184.3666666666666;0.6666102841677943;0.32653850269779516;1;2.5;19;6;0.375
C02961;1;3;4020.42;1903.21;0.8999955228558211;2.3076684651589945;3;11.555555555555555;26;7;0.7777777777777778
C02962;0;3;2120.29;468.00666666666666;0.9166623433586915;0.9449676214585274;4;2.8181818181818183;24;6;0.5454545454545454
C02963;0;4;2633.71;263.2775;0.9166840692407288;0.8488719138786824;1;0.2727272727272727;2;2;0.18181818181818182
C02965;1;2;2708.83;729.5550000000001;0.5999933550647327;1.462445876928725;1;5.833333333333333;18;4;0.6666666666666666
C02966;1;0;489.33;0.0;0.8332822430670509;0.296168744704031;0;5.0;23;2;0.4
C02967;0;4;2572.85;831.9625;0.41665856929086426;1.4399447046905869;0;4.6;22;2;0.4
C02968;1;1;892.31;870.7;0.8999899138191885;0.3306223322267014;1;2.4444444444444446;21;2;0.2222222222222222
C02969;1;1;2974.98;1068.05;0.11111335202253461;0.617473261671361;0;7.5;15;1;0.5
C02970;0;0;632.74;0.0;0.333312260960268;0.29141067563210976;1;6.333333333333333;23;3;0.5
C02971;1;8;2764.37;827.93875;0.6666546084641347;1.4021729757695955;1;11.875;21;6;0.75
C02972;0;2;786.24;1166.605;0.9166666666666665;0.36258323956392613;0;0.36363636363636365;2;2;0.18181818181818182
C02973;1;3;3615.69;405.62000000000006;0.5833381733500383;2.156869646138061;1;10.142857142857142;21;6;0.8571428571428571
C02974;1;0;2079.2;0.0;0.9444353597537516;0.6228338460708925;3;11.117647058823529;26;12;0.7058823529411765
C02975;1;1;1028.32;375.54;0.6666796327991287;0.43284926547964814;1;13.25;20;3;0.75
C02976;1;3;2570.28;980.2466666666666;0.5833605677202482;1.2902882501179709;2;9.857142857142858;25;11;0.7857142857142857
C02977;1;2;1498.81;594.895;0.749994996030184;0.3389983466363889;3;7.333333333333333;26;11;0.6111111111111112
C02978;1;4;2459.09;950.5374999999999;0.2777856849484972;0.8879921423335392;0;2.4;7;2;0.4
C02979;1;1;2374.97;516.64;0.8333157892520748;1.0776752775899698;1;8.2;21;8;0.5333333333333333
C02980;0;1;2265.12;5311.92;0.4166666666666667;0.44723852247328555;1;0.4;2;1;0.2
C02981;0;3;789.47;903.2133333333333;0.8333438889381485;0.4236649619250522;1;3.6;16;2;0.4
C02982;0;4;1952.21;678.805;0.7999959020802065;0.7782348884397511;0;3.5;17;2;0.25
C02983;0;3;2382.61;587.7233333333334;0.5555672141055397;1.1216927480556655;1;3.4;26;6;0.6
C02984;0;8;669.72;980.855;0.49991041032073097;0.40832601697395376;0;2.8333333333333335;26;6;0.5
C02987;0;2;2532.08;970.8249999999999;0.8333267511295063;0.807163509201437;0;0.2;1;1;0.2
C02988;1;0;3716.32;0.0;0.6111045335170275;2.137056567317811;0;4.181818181818182;25;3;0.2727272727272727
C02989;0;0;1216.95;0.0;0.9166440691893668;0.2369275637705933;0;0.9090909090909091;10;1;0.09090909090909091
C02990;0;4;2514.96;2005.8899999999999;0.2222222222222222;0.8630018529956764;0;5.75;23;1;0.25
C02991;0;6;1697.12;640.8816666666667;0.49997643065899877;0.853064178864404;0;6.333333333333333;25;5;0.5555555555555556
C02992;1;2;3656.26;531.63;0.8333378917254243;1.1075481185743454;1;4.1;15;4;0.4
C02993;0;2;1399.93;795.05;0.27776388819440967;0.32713154383431364;0;0.0;0;0;0.0
C02994;0;3;1195.12;664.1133333333333;0.33335564629493275;0.516786301132924;0;0.0;0;0;0.0
C02995;1;0;3748.47;0.0;0.2222240007256294;1.4993520155516267;1;3.75;12;3;0.75
C02996;0;4;1408.79;2400.42;0.30000212948700655;0.5848173885609438;1;10.333333333333334;17;2;0.6666666666666666
C02997;0;1;1542.44;673.58;0.27777417598091336;1.04071952445533;2;3.4;17;1;0.2
C02998;0;4;1983.1;612.9200000000001;0.2500025213050275;0.7493038211434335;0;0.0;0;0;0.0
C02999;0;2;2662.9;426.27;0.5000037553043675;0.43394372371266404;1;3.3333333333333335;15;4;0.6666666666666666
C03000;1;2;5891.56;1703.0;0.11111148829851515;3.4838419736149633;0;10.5;21;1;0.5
C03001;1;1;1932.67;790.6;0.250006467736344;1.1399828943875896;0;0.0;0;0;0.0
C03002;0;0;2086.54;0.0;0.8333413210386573;0.5224617957918406;3;5.3;26;4;0.4
C03004;1;3;2907.67;918.7533333333332;0.8333304673501464;2.0017555212865563;0;1.8;5;3;0.6
C03005;0;4;1317.98;529.5675;0.9000136572633879;0.9475735135523761;1;1.5555555555555556;10;4;0.4444444444444444
C03006;0;3;1981.66;741.3866666666667;0.9000181665876084;0.566538206435972;0;6.0;26;5;0.5555555555555556
C03007;0;1;2267.63;754.45;0.8333370082420853;1.3893599813741468;1;5.0;23;3;0.6
C03008;1;2;1213.1;1166.54;0.74998763498475;0.30793716873464244;0;1.8888888888888888;13;3;0.3333333333333333
C03009;1;2;1705.51;614.9449999999999;0.3333431055813217;0.6592438550174521;2;5.25;18;3;0.75
C03010;0;1;2406.54;603.67;0.4166562783082766;0.7879160923416418;0;0.4;2;1;0.2
C03011;0;7;2807.19;814.7785714285714;0.16666488552609549;0.504639783129238;0;0.0;0;0;0.0
C03012;1;2;721.87;911.5;0.3333564215163395;0.24248073576932638;0;5.75;23;1;0.25
C03013;0;4;2363.19;1355.5375;0.5000190420575578;0.5472589463738616;0;3.5;25;5;0.4166666666666667
C03014;1;2;2730.1;1527.6950000000002;0.8333394381158199;0.8413303009571708;2;11.4;22;5;1.0
C03016;0;4;1486.42;664.405;0.7499495431977503;0.7008241550995775;0;1.6111111111111112;24;4;0.2222222222222222
C03017;0;1;1888.31;353.44;0.41666887322526497;0.7496714770629453;1;5.4;21;2;0.4
C03018;0;1;1691.05;280.96;0.9166612459714378;0.8287064035401526;0;3.090909090909091;22;4;0.36363636363636365
C03019;0;0;572.19;0.0;0.7000122336985964;0.18189649965508364;0;0.5714285714285714;2;2;0.2857142857142857
C03020;1;2;1851.26;480.765;0.9000194462150104;0.8682271612349511;0;3.6666666666666665;18;5;0.5555555555555556
C03021;0;7;869.86;974.2614285714286;0.2916331363667717;0.28813424579488167;1;0.8571428571428571;2;3;0.42857142857142855
C03022;1;2;2275.12;798.675;0.49999560462744824;0.48209253145620284;0;2.0;10;1;0.2
C03023;1;4;1999.43;497.7575;0.7500037510690546;1.1617433442180982;2;4.722222222222222;20;8;0.4444444444444444
C03024;0;1;1111.75;2449.95;0.833325837643355;0.48820491652102127;2;5.2;26;1;0.2
C03025;0;3;1860.18;872.2700000000001;0.200002150329538;0.8064876957494408;0;0.0;0;0;0.0
C03026;1;6;4396.73;369.46166666666664;0.8333238565934228;2.206662049305388;0;16.2;26;10;1.0
C03027;0;4;1048.17;493.02750000000003;0.8333571844261903;0.39445519068514184;0;0.0;0;0;0.0
C03028;0;1;2203.33;1454.31;0.4166647755896757;0.3987104923147079;1;0.0;0;0;0.0
C03029;0;5;983.02;713.104;0.3333401151553376;0.24709300864179531;0;6.0;24;1;0.25
C03030;1;2;9385.39;792.01;0.900000958937242;3.805391795129625;1;15.88888888888889;26;8;0.8888888888888888
C03031;1;3;1661.77;405.62000000000006;0.7499954867400422;1.0775251100693162;2;6.277777777777778;23;12;0.6666666666666666
C03032;0;4;3508.92;1934.7325;0.08333618321306842;1.5019647122274444;0;1.5;2;2;1.0
C03033;1;4;3748.93;1023.0775;0.5833317773337994;2.43261675026442;1;12.571428571428571;23;6;0.8571428571428571
C03034;0;2;2289.93;1222.54;0.7999895193302853;0.517941920876864;1;0.375;2;2;0.25
C03036;0;7;4082.18;917.88;0.12499938758212524;0.8026670494340089;0;1.0;2;2;0.6666666666666666
C03037;1;2;6112.78;1019.9000000000001;0.4444458985927843;1.8402232551418523;0;4.25;11;6;0.75
C03038;0;4;1286.34;496.7125;0.5416919321485767;0.29929709367663515;3;5.3076923076923075;25;5;0.38461538461538464
C03039;0;0;2525.82;0.0;0.16666270755635793;0.6475581523536545;0;0.0;0;0;0.0
C03040;0;1;2940.87;633.68;0.9000091809566557;0.32304437470410086;2;0.4444444444444444;2;2;0.2222222222222222
C03041;0;2;1882.79;2653.895;0.11111170125186558;1.1275001796536277;0;0.5;1;1;0.5
C03042;0;0;567.92;0.0;0.9167312297506691;0.17747943698592464;0;4.181818181818182;22;4;0.36363636363636365
C03043;0;0;1942.96;0.0;0.8333419113105776;0.6077390578130327;0;2.6;11;3;0.6
C03045;0;4;2280.27;867.6899999999999;0.22221929859183343;0.42431127362045384;0;6.75;25;2;0.5
C03046;1;2;1781.33;1122.3899999999999;0.5416514626711503;0.32778116150306097;0;7.0;26;6;0.46153846153846156
C03048;1;5;5039.08;938.2360000000001;0.8333366408153869;2.87356295620438;3;12.2;26;5;1.0
C03049;0;5;1777.55;494.45;0.08332817642260415;0.7260462532574153;1;1.0;1;2;1.0
C03050;1;2;3192.07;1188.18;0.833330722697184;1.1509010145878553;1;0.2;1;1;0.2
C03051;0;2;2395.71;898.38;0.9166551878148858;1.8381453661006808;0;0.2727272727272727;2;2;0.18181818181818182
C03052;0;6;2051.82;908.8433333333332;0.8999912273006404;0.7128359951222734;3;9.555555555555555;21;7;0.7777777777777778
C03053;1;4;888.68;1204.2475;0.16667416842958097;0.0716254020808667;0;0.0;0;0;0.0
C03054;1;5;2026.59;914.65;0.6000029606383137;1.031789832752081;2;5.833333333333333;22;3;0.5
C03055;1;6;1204.86;1154.0833333333333;0.9166210182095846;0.5013002034558368;0;2.272727272727273;22;3;0.2727272727272727
C03056;1;2;2519.74;528.885;0.8999857128116394;0.8436704792007071;1;11.88888888888889;23;9;1.0
C03057;1;5;1901.6;994.208;0.250005258729491;1.7004381650719842;0;13.0;22;2;0.6666666666666666
C03058;0;4;3851.34;1472.675;0.8999906526040287;1.4407604568427275;1;9.444444444444445;25;7;0.7777777777777778
C03059;1;3;1401.45;966.0033333333334;0.7777944272003995;0.7095805654569022;1;5.785714285714286;22;7;0.5
C03060;1;4;1703.95;641.1274999999999;0.20000586871680506;0.5850552453939282;0;3.0;6;1;0.5
C03061;0;2;1473.92;1048.885;0.5833491641337385;0.6654296407658726;0;0.14285714285714285;1;1;0.14285714285714285
C03062;0;1;1282.73;200.05;0.24999025515891887;0.27021168579752397;1;5.0;13;2;0.6666666666666666
C03064;1;2;2667.23;1025.5349999999999;0.8333364576733167;0.6517456578471523;0;13.4;26;4;0.8
C03065;1;4;1042.02;498.7925;0.16667626341145084;0.33317346429804706;0;2.0;7;2;0.5
C03066;0;5;1526.18;573.51;0.9166546541037099;0.2383576192037983;1;0.2727272727272727;2;2;0.18181818181818182
C03067;1;2;3007.06;1060.1100000000001;0.8333388758455103;0.9516554740459899;0;0.6;2;2;0.4
C03068;0;0;1110.01;0.0;0.8333258258934604;0.3646167288589898;0;12.0;26;4;0.8
C03070;1;0;1280.88;0.0;0.11111111111111109;0.24085021887269284;2;10.0;20;1;0.5
C03071;0;2;1885.04;1338.875;0.2916542885031618;0.5031200790028558;1;0.0;0;0;0.0
C03072;1;2;1548.09;714.13;0.9166844304917673;0.2774245459856421;0;3.090909090909091;24;3;0.2727272727272727
C03073;1;2;3047.12;722.05;0.8999940927826932;2.025673923882333;1;5.222222222222222;21;5;0.5555555555555556
C03074;1;4;2073.38;263.2775;0.8333494101418938;0.6078778017209787;1;5.866666666666666;26;10;0.6666666666666666
C03076;0;3;3721.55;577.4366666666666;0.5833349007805887;1.1023124109557392;3;4.571428571428571;15;4;0.5714285714285714
C03078;1;2;1918.35;1318.105;0.4583261657153283;0.473919423692636;1;13.181818181818182;26;10;0.9090909090909091
C03080;0;1;796.69;689.65;0.8333228733886454;0.5844820882273105;0;0.4;2;1;0.2
C03081;1;4;4728.84;2005.8899999999999;0.1250031720252747;3.9989852094274045;3;17.0;24;3;1.0
C03082;1;6;4774.63;965.8183333333333;0.24999633479452854;0.8643647739081005;3;9.833333333333334;23;3;0.5
C03083;0;6;2266.46;875.0433333333332;0.9166585776938486;1.0722054280618594;0;0.6363636363636364;2;4;0.36363636363636365
C03084;0;2;1569.79;1472.825;0.8333280247676441;0.4673259722127123;2;2.4;11;2;0.4
C03085;0;3;1008.82;1131.6866666666667;0.9445193394262602;0.3232620363694625;0;1.5294117647058822;10;10;0.5882352941176471
C03086;0;0;2786.2;0.0;0.3333357260785299;1.688237717831261;1;7.166666666666667;26;5;0.8333333333333334
C03087;1;1;1557.77;152.08;0.16666131713924393;0.5112655855642967;0;0.0;0;0;0.0
C03088;0;1;1899.62;1216.22;0.7499921036838948;0.5220643806665622;0;0.3333333333333333;2;2;0.2222222222222222
C03089;1;0;3982.13;0.0;0.45832757845675554;0.7636867490674772;1;4.909090909090909;22;6;0.5454545454545454
C03090;0;7;792.2;854.5414285714286;0.8333122948750314;0.3130891169717066;0;0.0;0;0;0.0
C03091;1;1;2993.74;1855.68;0.5555592670038146;1.3533597338251782;1;6.4;25;5;0.5
C03092;0;2;1254.78;1744.385;0.49997609142638555;0.43605996788923873;0;1.0;4;2;0.3333333333333333
C03093;0;5;2487.67;1354.6;0.722201899769664;0.7921330246746506;0;2.1538461538461537;19;4;0.3076923076923077
C03094;0;3;2141.66;518.6566666666666;0.9166581063287358;0.594907208075578;0;9.363636363636363;26;6;0.5454545454545454
C03095;0;8;1889.54;814.50125;0.9166569641288357;0.43974390899506854;0;0.09090909090909091;1;1;0.09090909090909091
C03096;0;2;770.22;1252.595;0.9165952584975721;0.14125815899658328;2;1.1818181818181819;7;4;0.36363636363636365
C03098;0;3;2832.57;565.0133333333333;0.16666137112233764;1.0794814044153795;1;0.25;1;1;0.25
C03100;1;4;4722.33;1472.675;0.29999809416114503;4.574571345539088;0;19.666666666666668;23;3;1.0
C03102;0;6;2616.08;640.8816666666667;0.9000068805235315;0.4318994906845629;3;5.666666666666667;19;5;0.5555555555555556
C03103;1;0;1820.87;0.0;0.9166717008902339;0.9081691180504641;1;6.818181818181818;22;5;0.45454545454545453
C03104;1;1;2775.0;959.11;0.7777945945945944;0.8662562745049072;2;6.785714285714286;26;10;0.7142857142857143
C03105;0;1;2422.02;643.46;0.5833477840810564;0.788911038148843;0;2.2142857142857144;26;4;0.2857142857142857
C03106;0;2;664.52;1098.3799999999999;0.9167218443387709;0.14809235157782136;1;3.0;16;3;0.2727272727272727
C03107;0;3;1861.77;1445.3933333333334;0.8888745656015513;0.8613443628641619;1;2.9375;24;4;0.25
C03108;0;3;2341.86;459.79333333333335;0.5555413218552774;0.6262394506305555;0;0.5;2;3;0.3
C03109;1;1;2213.08;744.04;0.11111211524210603;0.35993878171713706;0;17.5;18;2;1.0
C03110;1;2;2401.63;1573.965;0.916685750927495;0.614438196210466;1;4.090909090909091;17;5;0.45454545454545453
C03112;1;1;1572.44;908.9;0.8999771056447305;0.19020730665853797;3;2.111111111111111;17;2;0.2222222222222222
C03113;0;7;3840.94;953.1828571428571;0.8999906272943602;1.8339620118987365;1;17.444444444444443;26;8;0.8888888888888888
C03114;1;4;925.6;648.315;0.3333405358686258;0.27781529604917593;0;0.0;0;0;0.0
C03115;1;2;1817.93;1189.58;0.944480810592267;0.6113298786372671;3;8.588235294117647;24;10;0.5882352941176471
C03116;0;2;2218.25;1160.71;0.5000022540290769;1.153644126855348;0;0.6666666666666666;2;1;0.3333333333333333
C03117;0;1;1790.08;220.73;0.9000100554165177;0.8610541910781455;0;0.6666666666666666;2;3;0.3333333333333333
C03118;1;0;572.55;0.0;0.9166186359269934;0.1971054706192186;0;4.636363636363637;20;4;0.36363636363636365
C03119;0;2;1952.21;703.865;0.49998719400064545;0.5969294463708025;0;10.833333333333334;24;4;0.6666666666666666
C03120;0;3;2673.29;1096.5366666666666;0.9000033666381125;1.5902596011992576;0;3.4444444444444446;26;3;0.3333333333333333
C03121;0;3;3016.81;775.71;0.9166636281370056;0.6097275556813129;0;0.18181818181818182;1;2;0.18181818181818182
C03122;0;1;2635.09;545.07;0.3000011384810386;1.2203219502255318;0;6.666666666666667;17;2;0.6666666666666666
C03124;0;1;1775.81;694.56;0.9166408568484241;0.5029070343718228;0;2.090909090909091;12;5;0.45454545454545453
C03125;0;5;2495.53;1027.156;0.9166629934322568;0.7922921111449761;0;0.18181818181818182;1;2;0.18181818181818182
C03126;0;0;475.7;0.0;0.91662812697078;0.1490689847515308;1;1.0909090909090908;5;5;0.45454545454545453
C03127;0;1;795.77;2240.53;0.8332809731455069;0.2514495707374721;0;0.3;1;3;0.3
C03128;0;0;1528.74;0.0;0.8333333333333334;0.44686411149825783;0;0.2;1;1;0.2
C03130;0;0;1346.58;0.0;0.8333333333333335;0.533106880292647;0;5.8;18;2;0.4
C03131;0;5;1764.88;728.766;0.7499830016771677;0.5808908476316803;0;2.4444444444444446;20;2;0.2222222222222222
C03132;0;5;1919.27;489.946;0.9166714427881434;1.7753429472652096;0;4.545454545454546;23;5;0.45454545454545453
C03134;0;6;1334.33;799.7866666666667;0.2499906320025781;0.23952043138916213;0;0.6666666666666666;2;1;0.3333333333333333
C03135;0;1;5167.27;665.76;0.9166755365986293;0.9003326195400477;0;0.36363636363636365;2;3;0.2727272727272727
C03136;0;6;2407.64;739.6749999999998;0.8999850475984783;1.2447086801426872;2;3.4444444444444446;25;4;0.4444444444444444
C03137;0;1;4992.6;462.32;0.8999999999999999;2.5262614609265897;3;1.3333333333333333;10;2;0.2222222222222222
C03138;0;3;1510.7;1172.5666666666666;0.8999999999999999;0.38767905809411873;0;0.0;0;0;0.0
C03139;1;1;5531.4;514.16;0.7500162707452;2.0298119688229335;2;6.944444444444445;24;13;0.7222222222222222
C03140;0;8;2561.52;1456.92875;0.8333333333333333;0.7305207860986815;0;4.4;21;2;0.4
C03141;0;2;1239.33;430.5;0.8999782140350029;0.5027748703843439;0;0.2222222222222222;2;1;0.1111111111111111
C03142;0;1;1620.24;689.51;0.2777674912358663;0.48464907032951254;0;0.8;2;2;0.4
C03143;0;3;1964.84;1303.0366666666666;0.2500050894729342;0.9643481163005281;0;2.6666666666666665;7;2;0.6666666666666666
C03144;0;1;2884.17;318.02;0.583339400936838;2.1341458000355176;1;2.142857142857143;6;4;0.5714285714285714
C03145;0;6;1512.67;869.1783333333333;0.8889182703431681;0.5238067205939387;0;1.8125;15;5;0.3125
C03146;0;5;1464.46;791.718;0.9166791855018233;0.4305437140958776;1;0.5454545454545454;2;3;0.2727272727272727
C03147;1;0;4963.69;0.0;0.1666663308949592;1.5327079428502612;0;0.0;0;0;0.0
C03148;1;4;789.5;770.4375;0.6000000000000001;0.6402147293987901;0;0.3333333333333333;2;1;0.16666666666666666
C03149;1;4;1380.84;617.2925;0.9166666666666667;0.24651694219302317;1;0.09090909090909091;1;1;0.09090909090909091
C03150;0;0;2198.62;0.0;0.2777878851279439;0.7268982298836894;1;0.2;1;1;0.2
C03151;0;1;1843.77;112.45;0.9166815817591132;0.7777585610515393;2;3.272727272727273;23;4;0.36363636363636365
C03152;0;0;1359.87;0.0;0.8333149492230875;0.30608124532956393;0;1.4;6;2;0.4
C03154;0;2;1595.23;596.63;0.8999830745409753;0.4053004126100124;0;3.0;22;4;0.4444444444444444
C03155;0;2;1410.87;921.3050000000001;0.900019137128155;0.47772822851802565;1;2.4444444444444446;17;4;0.4444444444444444
C03156;0;6;1984.77;1460.0833333333333;0.8333459292512483;0.6247230126155163;0;2.0;8;2;0.4
C03157;1;4;2570.1;1261.3825000000002;0.16666277576747987;1.7249687906895579;0;11.666666666666666;18;2;0.6666666666666666
C03158;1;4;1562.54;641.1274999999999;0.11111395548273965;0.5564442608472693;2;0.0;0;0;0.0
C03161;1;1;1064.23;1262.37;0.916709733798145;0.4217511571872424;2;4.2727272727272725;21;5;0.45454545454545453
C03162;1;4;953.94;754.96;0.8333333333333334;0.2834560036132514;0;9.0;20;5;1.0
C03163;1;1;2886.42;384.33;0.9166857214126842;0.6140352370052375;0;0.18181818181818182;2;1;0.09090909090909091
C03164;1;1;1036.93;380.31;0.4999951780737369;0.8132592958597054;2;3.1666666666666665;19;1;0.16666666666666666
C03165;1;1;6022.66;1650.26;0.8333361006598413;1.9745843565271843;0;16.8;26;4;0.8
C03168;0;0;1650.07;0.0;0.11111043773900502;0.4209802555879569;0;4.0;8;1;0.5
C03169;1;1;1111.57;183.8;0.8332808550068822;0.17816448442942068;3;1.2;15;4;0.26666666666666666
C03170;1;6;9598.01;1019.8866666666667;0.8999990623056237;2.29172277776186;0;1.2222222222222223;7;4;0.4444444444444444
C03171;0;0;840.95;0.0;0.6666745942089303;0.3985205053597324;1;1.3333333333333333;14;2;0.16666666666666666
C03172;1;2;966.01;1493.145;0.5416610594093229;0.7080783129439188;3;1.3076923076923077;14;3;0.23076923076923078
C03173;1;5;949.53;654.1020000000001;0.19999368108432594;0.23651095712300174;0;0.5;1;1;0.5
C03174;1;1;2350.62;938.36;0.20832801558737696;1.4376001467800135;2;8.0;21;2;0.4
C03175;0;5;1831.72;1241.2400000000002;0.8333151355010592;0.6400072675688235;0;3.7333333333333334;22;6;0.4
C03176;0;6;1742.18;737.1416666666668;0.916656143452456;0.8695682555527826;1;2.090909090909091;19;3;0.2727272727272727
C03178;0;0;1495.06;0.0;0.16666889623158937;0.610677232252267;0;0.5;1;1;0.5
C03180;1;1;1573.75;2020.66;0.4583129467831612;0.8192816871346095;2;2.727272727272727;20;2;0.18181818181818182
C03181;1;10;2874.14;842.7620000000001;0.8333275344972757;2.255058727530933;1;8.6;16;4;0.8
C03182;0;0;1720.06;0.0;0.8333430229178053;0.5413283482508151;1;2.0;19;2;0.2
C03183;0;0;1478.73;0.0;0.08332826141351024;0.9260119733480286;1;0.5;1;1;0.5
C03184;1;1;3224.68;231.71;0.9166552960293736;1.8683291134840119;0;8.636363636363637;21;9;0.8181818181818182
C03185;1;3;869.25;1184.3666666666666;0.7999539833189532;0.2527389135061582;5;11.25;24;7;0.875
C03186;0;2;858.66;539.475;0.8333333333333335;0.22289657034275803;1;0.0;0;0;0.0
C03187;1;0;1626.72;0.0;0.6666666666666666;0.42801662895332315;1;8.625;25;5;0.625
C03188;1;0;1750.91;0.0;0.4999857217104248;0.6169455573055957;2;5.444444444444445;25;4;0.4444444444444444
C03189;0;4;2732.99;497.7575;0.9166700207465085;0.8453234851085809;0;1.1818181818181819;7;5;0.45454545454545453
C03190;0;0;3385.87;0.0;0.5000073836266602;1.9186769347590793;1;2.4166666666666665;17;5;0.4166666666666667
C03191;1;7;5635.39;1151.8242857142857;0.9166747997920285;1.3845146549394394;0;12.0;25;10;0.9090909090909091
C03192;0;3;1529.98;855.02;0.3750049020248631;0.3097639689179175;0;0.5555555555555556;4;2;0.2222222222222222
C03193;0;0;2295.55;0.0;0.16667029687874366;0.555801712282333;0;0.0;0;0;0.0
C03194;0;4;869.28;734.55;0.4166666666666667;0.17855081513311;0;0.4;2;1;0.2
C03195;0;1;2535.59;200.28;0.3888996249393632;0.4961510766027723;0;0.42857142857142855;2;2;0.2857142857142857
C03196;0;1;949.06;1387.93;0.944524055381114;0.41002311364569155;2;0.7647058823529411;10;4;0.23529411764705882
C03197;0;2;807.68;589.45;0.500012381141046;0.2820367770817183;0;0.4;2;1;0.2
C03198;0;1;3049.35;643.3;0.1666683063603719;1.6605585022381477;0;2.6666666666666665;8;1;0.3333333333333333
C03199;0;5;1518.15;1177.996;0.9166485525145737;0.3256819230067898;1;2.5454545454545454;22;4;0.36363636363636365
C03200;0;6;1551.0;869.1783333333333;0.8999999999999999;0.3955250333429388;1;8.11111111111111;22;6;0.6666666666666666
C03202;0;6;2848.58;1006.7333333333335;0.8333274824649475;1.280819053699815;4;18.0;26;4;0.8
C03203;0;1;1664.33;740.14;0.722200525136241;0.7053321693139631;2;4.538461538461538;22;5;0.38461538461538464
C03204;1;0;5221.48;0.0;0.900003447298467;1.987076248610963;1;12.444444444444445;26;6;0.6666666666666666
C03205;1;0;4033.04;0.0;0.9444538115168707;1.288264230498946;1;7.882352941176471;19;11;0.6470588235294118
C03206;1;7;2038.51;412.61428571428576;0.8999955850106205;0.7323707354927715;0;7.888888888888889;24;5;0.5555555555555556
C03207;1;1;2997.83;1135.69;0.8333361131218248;0.8782687924437647;0;10.4;23;5;1.0
C03208;0;2;2823.03;435.36;0.8999904358083336;0.8982760156806844;0;0.3333333333333333;2;2;0.2222222222222222
C03209;0;2;3968.41;2106.06;0.6999982360693577;0.8203923335972595;2;7.428571428571429;24;3;0.42857142857142855
C03210;1;4;3052.11;1314.0549999999998;0.8999970512203033;1.0115837410014716;4;10.0;25;7;0.7777777777777778
C03211;0;1;2686.26;282.47;0.7083491545866745;0.7100309253826025;1;2.176470588235294;22;4;0.23529411764705882
C03212;0;6;3593.13;1595.8633333333335;0.9166743201609738;1.2015750664637919;0;0.36363636363636365;2;3;0.2727272727272727
C03213;0;5;1951.21;1354.6;0.7499961562312616;0.8052768640916538;0;6.166666666666667;24;10;0.5555555555555556
C03214;0;1;1604.6;900.9;0.9000000000000001;0.559370838533351;0;6.333333333333333;26;4;0.4444444444444444
C03215;0;5;1869.63;920.3979999999999;0.8999855586399448;1.3553838235187508;0;0.4444444444444444;2;3;0.3333333333333333
C03216;0;1;873.83;580.43;0.916677156884062;0.3799227832801454;0;0.9090909090909091;6;2;0.18181818181818182
C03217;0;2;1302.85;1703.0;0.8333269370994357;0.6015310103467858;0;0.6;2;2;0.4
C03218;0;2;1047.6;3055.37;0.9166666666666667;0.6978603213514881;1;8.090909090909092;22;7;0.6363636363636364
C03219;1;1;1891.41;390.41;0.8333465509857725;0.6572073872026964;0;3.4;23;7;0.4666666666666667
C03220;0;2;1037.44;1222.54;0.9166313232572486;0.4187024518212088;1;0.6363636363636364;2;5;0.45454545454545453
C03221;0;2;1688.17;775.6700000000001;0.9000159936499285;0.729713374281923;0;12.222222222222221;26;7;0.7777777777777778
C03222;1;2;2628.08;1338.875;0.30000228303552406;0.7344862665310274;0;1.3333333333333333;2;2;0.6666666666666666
C03223;1;5;1624.86;663.146;0.5000000000000001;0.6132958907522109;0;4.0;12;1;0.3333333333333333
C03224;0;2;1595.06;1617.3449999999998;0.9443970759720637;0.9505154639175258;1;4.9411764705882355;26;8;0.47058823529411764
C03225;0;2;1233.02;696.7049999999999;0.6666558531086276;0.3271391048260858;0;3.125;19;3;0.375
C03226;0;2;1441.55;681.03;0.11111650653810136;0.6183857752611371;0;0.0;0;0;0.0
C03227;0;8;1053.94;714.8612499999999;0.11110689413059566;0.6474349917376695;0;0.0;0;0;0.0
C03228;0;3;2257.49;381.5;0.749983388630736;0.7038665282311747;2;3.0;26;2;0.2222222222222222
C03229;1;8;1049.33;1058.71375;0.6999799872299468;0.5814654527520876;0;10.142857142857142;26;5;0.7142857142857143
C03230;0;4;1450.38;829.81;0.8333333333333331;0.842357751435989;2;0.6;2;2;0.4
C03231;1;5;3098.87;1614.1680000000001;0.9166696247341775;0.6983400488565583;4;12.0;25;9;0.8181818181818182
C03232;1;3;4418.01;1948.93;0.2083290893411287;4.9089;2;9.8;20;5;1.0
C03233;1;4;988.69;636.78;0.6666599237374707;0.36602964696126056;0;7.125;26;3;0.375
C03235;0;2;1915.68;480.86;0.7499999999999999;0.7469877638874808;0;1.7222222222222223;20;5;0.2777777777777778
C03237;1;0;1128.18;0.0;0.3333333333333333;0.25041118147252905;0;4.5;7;2;1.0
C03239;0;1;1657.15;610.56;0.250007543070935;0.2873853250784732;0;0.0;0;0;0.0
C03241;1;0;2768.41;0.0;0.7083307747046138;0.6684429613818881;0;2.588235294117647;23;6;0.35294117647058826
C03242;0;3;2995.77;1118.2866666666666;0.9166758462765834;1.4045788284275573;2;6.454545454545454;26;6;0.5454545454545454
C03243;1;0;2227.16;0.0;0.6000107760556045;0.8992703795076373;0;2.1666666666666665;10;3;0.5
C03244;1;1;3801.47;557.12;0.9166690780145575;0.953877770194315;1;0.18181818181818182;1;2;0.18181818181818182
C03245;0;2;1339.51;750.74;0.7499608065635942;0.3664098124334955;1;8.11111111111111;26;12;0.6666666666666666
C03246;0;8;1416.6;578.73125;0.9000000000000001;0.8566970657248603;1;0.2222222222222222;2;1;0.1111111111111111
C03247;1;4;1347.76;1306.665;0.9000267109871194;0.5921330691398922;1;7.111111111111111;18;5;0.5555555555555556
C03248;0;2;2832.02;805.5849999999999;0.777755806809274;1.1683250825082507;1;8.214285714285714;26;10;0.7142857142857143
C03249;1;0;2951.33;0.0;0.8999908515821681;1.0128731356089256;2;14.333333333333334;24;7;0.7777777777777778
C03250;0;6;443.84;1019.8866666666667;0.5833859048305696;0.13048974815807887;2;6.142857142857143;26;4;0.5714285714285714
C03251;0;2;1785.89;420.47999999999996;0.9166410025253514;0.3096068998396394;0;0.45454545454545453;2;4;0.36363636363636365
C03252;0;2;1766.36;1831.27;0.6111041916710069;0.6315194851626743;0;2.1818181818181817;22;3;0.2727272727272727
C03253;0;1;843.46;1401.91;0.9000426813364;0.24874588967368066;0;0.4444444444444444;2;2;0.2222222222222222
C03254;0;3;2046.63;890.19;0.916653229943859;0.8251242748116224;1;0.2727272727272727;2;2;0.18181818181818182
C03255;1;0;1742.82;0.0;0.6999919670419206;1.90303665607495;2;1.0;4;2;0.2857142857142857
C03256;1;2;4654.14;798.675;0.9166548492310072;0.9688475141502856;0;8.363636363636363;22;7;0.6363636363636364
C03257;0;3;1616.05;999.7966666666667;0.9166609943999257;1.161105602735986;0;0.9090909090909091;10;1;0.09090909090909091
C03258;0;5;2055.26;1019.9440000000001;0.16666504481184863;0.3573283910607921;0;0.0;0;0;0.0
C03259;0;1;2273.95;647.22;0.9166868224895007;0.4106900973468909;2;0.36363636363636365;2;3;0.2727272727272727
C03260;0;1;2876.02;488.71;0.20832608952649842;0.9660474958852575;1;0.0;0;0;0.0
C03261;1;0;746.86;0.0;0.9000482018048899;0.2855384191893318;5;4.222222222222222;16;3;0.3333333333333333
C03262;0;1;1843.29;1331.5;0.333338758415659;0.7341532677226508;0;8.0;22;4;1.0
C03263;0;1;1173.59;1712.14;0.8333404340527782;0.45734026467975;0;5.4;26;2;0.4
C03264;1;2;5343.32;1012.6299999999999;0.9166735288172897;3.0393620167914266;1;6.909090909090909;20;8;0.7272727272727273
C03266;0;2;1708.15;970.055;0.9166934988145068;0.31624559831449234;2;7.090909090909091;26;6;0.5454545454545454
C03267;1;6;2168.37;1246.2316666666666;0.8333448627309915;1.1319888908610627;1;5.1;20;8;0.8
C03268;0;4;2983.9;710.1;0.49999329736251213;0.8526719760420864;0;0.2222222222222222;2;1;0.1111111111111111
C03269;1;3;1664.53;379.43;0.11110643845409815;0.6024117751374357;0;17.0;20;2;1.0
C03270;1;4;2835.19;826.7149999999999;0.08333127585805536;1.3927962625453796;0;11.0;22;1;0.5
C03271;0;6;2157.27;735.0316666666666;0.916653919073644;0.6748280295423192;2;2.909090909090909;23;4;0.36363636363636365
C03273;1;0;2005.45;0.0;0.16666583559799547;0.4661083917871769;0;12.0;12;2;1.0
C03274;0;1;1141.74;228.66;0.8333333333333333;0.411116352257874;2;0.0;0;0;0.0
C03276;1;2;8009.17;1252.595;0.20000074914129679;1.445020387543752;0;11.5;21;2;1.0
C03278;0;4;2550.55;678.805;0.7500147027111799;1.1199148170102529;0;1.3333333333333333;7;4;0.4444444444444444
C03280;1;2;4839.05;594.135;0.8999907006540538;1.736399421565004;3;5.666666666666667;24;4;0.4444444444444444
C03282;1;2;1114.75;760.375;0.25001121327651943;0.5329932249257707;2;10.666666666666666;25;5;0.8333333333333334
C03283;1;0;8241.07;0.0;0.4000014561215959;2.942997539487828;1;23.0;26;4;1.0
C03284;0;8;1464.09;1486.625;0.8333504087863453;0.3487772108114289;3;0.8;2;2;0.4
C03286;1;2;1468.08;410.72;0.888888888888889;0.4486125244080196;1;4.0625;26;5;0.3125
C03287;1;2;2191.99;1782.65;0.5833466393551066;1.0139839760195395;1;4.428571428571429;19;3;0.42857142857142855
C03288;0;4;1871.12;978.9425;0.33334045919021765;0.570997854699368;1;0.25;1;1;0.25
C03289;1;1;1060.26;805.81;0.333352196631015;0.26577728311875826;1;6.5;26;1;0.25
C03290;0;6;899.04;673.72;0.4166666666666667;0.25829287212342344;1;0.0;0;0;0.0
C03291;0;2;753.31;645.275;0.3333289084175174;0.31332432151398565;0;3.6666666666666665;10;4;0.6666666666666666
C03292;0;1;1049.86;514.35;0.5833444459261234;0.29273447673008235;0;1.7142857142857142;10;2;0.2857142857142857
C03293;1;0;2343.56;0.0;0.2500042670125792;0.5420866853872808;1;0.3333333333333333;1;1;0.3333333333333333
C03294;0;1;1819.79;1713.02;0.8333379126162909;0.6279685289347459;0;1.2;2;3;0.6
C03295;0;2;2193.24;799.5150000000001;0.8999835859276687;0.4162496085632134;0;1.4444444444444444;8;5;0.5555555555555556
C03296;0;4;1289.76;1337.9675;0.75;0.4174331820800456;1;0.5555555555555556;2;3;0.3333333333333333
C03297;0;3;898.96;527.13;0.9000400462756963;0.3215049533278495;3;7.333333333333333;22;4;0.4444444444444444
C03298;0;2;1564.96;356.29999999999995;0.5416943564052754;0.335494271798038;1;0.15384615384615385;2;1;0.07692307692307693
C03299;1;2;3496.42;1222.54;0.8999948518770627;1.2339492927524776;1;11.333333333333334;18;8;0.8888888888888888
C03300;0;1;1302.07;1133.99;0.3333461334644067;0.32597957604904954;1;1.8333333333333333;6;2;0.3333333333333333
C03301;1;4;3809.47;838.2225;0.8333311458024344;3.8512171943871567;2;17.2;26;5;1.0
C03302;0;1;2648.51;2761.44;0.27777882658551406;0.5391368956743003;1;0.0;0;0;0.0
C03306;1;4;3752.54;833.9000000000001;0.8333288918972216;1.8839943769454766;0;11.0;18;5;1.0
C03307;0;1;766.28;799.48;0.9000234901080545;0.19363218274624752;2;0.7777777777777778;2;4;0.4444444444444444
C03308;0;3;3506.29;1411.5166666666667;0.9444255894406909;0.6585200488308761;0;1.0;10;6;0.35294117647058826
C03309;0;5;1337.22;1014.55;0.9167077967724083;0.7443266260332304;0;4.181818181818182;26;4;0.36363636363636365
C03310;0;5;2447.55;622.994;0.16666462380748095;0.6648439855598022;1;0.0;0;0;0.0
C03311;0;7;1900.19;977.767142857143;0.600003157578979;0.5869367129270696;0;0.0;0;0;0.0
C03312;1;2;2006.37;655.5699999999999;0.9444020793771837;0.6276889289334384;1;7.705882352941177;26;9;0.5294117647058824
C03313;0;2;4902.72;1001.87;0.8333333333333333;0.8404696475928761;1;0.9;4;4;0.4
C03314;1;3;1041.22;522.2066666666666;0.7499279691131557;0.4316367224096905;1;7.166666666666667;26;9;0.5
C03315;0;0;1643.09;0.0;0.9166387720696979;0.43517032422783347;2;2.272727272727273;25;1;0.09090909090909091
C03316;0;2;2165.32;437.59;0.38890325679345317;0.33383233763730974;2;0.14285714285714285;1;1;0.14285714285714285
C03317;1;0;1536.84;0.0;0.9166666666666667;0.7958242065526401;2;5.7272727272727275;26;6;0.5454545454545454
C03318;0;3;3165.89;1540.5766666666666;0.4999921033263948;1.3884995263324094;0;1.2222222222222223;6;3;0.3333333333333333
C03319;0;1;3419.0;316.84;0.7777595788242175;0.9054794883339071;4;3.7142857142857144;26;5;0.35714285714285715
C03320;1;2;2341.24;1461.48;0.5833233671046113;0.3796831162934012;0;13.214285714285714;25;12;0.8571428571428571
C03321;0;4;1251.7;1125.53;0.6111208756091715;0.6110205316957443;0;3.5454545454545454;18;4;0.36363636363636365
C03322;0;6;1424.69;782.315;0.6000042114424892;0.395807692841962;0;0.8333333333333334;2;3;0.5
C03324;0;0;2583.47;0.0;0.555570608522646;1.1025722004327543;0;2.7;24;3;0.3
C03325;0;2;2367.39;1436.225;0.2499968319541774;1.0858640760667648;2;2.6666666666666665;10;2;0.3333333333333333
C03326;0;8;4031.95;825.5425;0.4583390171009065;1.0451043821313966;0;0.18181818181818182;2;1;0.09090909090909091
C03327;0;7;2029.36;854.5414285714286;0.9166485985729492;0.6227150962444268;0;0.2727272727272727;2;2;0.18181818181818182
C03328;1;0;3444.95;0.0;0.9444636351761273;1.107850577891548;0;0.4117647058823529;4;3;0.17647058823529413
C03329;0;1;1797.42;2371.49;0.8999899856460928;0.3262744784821707;1;0.2222222222222222;2;1;0.1111111111111111
C03331;1;0;2351.85;0.0;0.08333014435444437;1.1709892801840243;0;11.0;13;2;1.0
C03332;1;3;2156.19;1412.6499999999999;0.7499895649270241;1.1186401108165458;2;0.3333333333333333;2;5;0.2777777777777778
C03333;1;2;2964.65;443.56500000000005;0.9000151788575381;1.0198314413484693;1;4.888888888888889;26;5;0.5555555555555556
C03334;0;3;3543.27;884.9466666666667;0.16666807779254755;1.8988992261356084;1;1.6666666666666667;4;2;0.6666666666666666
C03336;0;0;6296.43;0.0;0.888884653684707;2.1010861766914157;0;2.75;22;7;0.4375
C03337;0;1;2145.6;156.36;0.9166666666666667;0.6879436717262076;1;2.1818181818181817;23;2;0.18181818181818182
C03338;0;4;14000.0;891.2675;0.9444471428571428;5.556724231683648;2;1.9411764705882353;16;6;0.35294117647058826
C03339;0;2;2885.12;517.72;0.9166793755545697;0.7892243218697683;1;2.8181818181818183;25;5;0.45454545454545453
C03340;0;5;1170.06;1598.5659999999998;0.7499615404338239;0.3463037668222487;0;3.111111111111111;25;3;0.3333333333333333
C03341;0;5;1754.79;840.5380000000001;0.6111215587050302;0.43324831926445134;2;4.909090909090909;21;5;0.45454545454545453
C03342;1;0;4201.44;0.0;0.5000000000000001;1.0174530255220529;4;5.333333333333333;13;5;0.8333333333333334
C03343;0;5;2100.4;301.91400000000004;0.5;1.195555656747342;0;4.6;20;4;0.8
C03344;0;1;984.53;269.56;0.2999908585822677;0.2568850666784951;0;0.6666666666666666;2;1;0.3333333333333333
C03345;1;3;766.82;771.3000000000001;0.6666492788398842;0.3565394075499947;1;5.25;26;8;0.6666666666666666
C03346;0;1;1682.6;591.59;0.9;0.9409672512526842;2;4.666666666666667;23;4;0.4444444444444444
C03349;1;3;2898.69;810.8566666666667;0.5000017249171177;1.2215966319267386;0;1.6;6;2;0.4
C03350;0;7;1680.43;945.5257142857143;0.6666865028593871;0.35416245152588094;1;6.125;20;5;0.625
C03351;0;5;1317.38;653.824;0.4166603409798235;0.21052211043070276;0;4.6;21;2;0.4
C03352;1;3;4398.25;510.4266666666667;0.899989768657989;2.108835220053413;0;12.11111111111111;24;8;0.8888888888888888
C03353;1;1;3272.96;357.7;0.8333282411028549;0.8013672133234743;2;12.8;24;4;0.8
C03354;1;1;2319.23;3447.03;0.9166706191279003;0.7608847565836743;0;3.727272727272727;15;4;0.36363636363636365
C03355;0;1;1740.08;572.65;0.41667624477035536;1.0933790772053509;1;7.0;19;3;0.6
C03356;0;2;1613.87;541.005;0.5833369478334687;0.5385167240596886;1;0.2857142857142857;1;2;0.2857142857142857
C03357;1;0;3772.44;0.0;0.49998409517447595;0.7757928224912549;3;5.666666666666667;23;8;0.6666666666666666
C03358;0;3;1298.28;1322.3233333333333;0.9000138644976431;0.5776962987353937;1;1.3333333333333333;6;4;0.4444444444444444
C03359;0;1;1934.04;481.71;0.9166666666666666;0.5823509751316586;3;2.8181818181818183;11;3;0.2727272727272727
C03360;0;4;5007.21;497.7575;0.7999984023038779;1.108223795601375;0;0.5;2;3;0.375
C03361;0;7;964.49;657.6528571428571;0.2000020736347707;0.3207013273747772;1;0.5;1;1;0.5
C03362;0;1;1665.65;340.01;0.833338336385195;0.34829475357045775;1;0.6;1;3;0.6
C03363;0;4;2741.58;681.98;0.9444444444444444;0.9739667336919064;2;4.411764705882353;24;8;0.47058823529411764
C03364;0;0;1238.07;0.0;0.6110963031169482;0.5626695752948394;2;0.7272727272727273;2;5;0.45454545454545453
C03365;0;0;749.13;0.0;0.8999639581915021;0.6112602504997756;1;3.111111111111111;9;5;0.5555555555555556
C03366;1;3;1043.63;1261.68;0.4166706591416498;0.3848420260782347;0;0.0;0;0;0.0
C03367;1;0;4219.19;0.0;0.722223933977849;2.1283994087765405;0;15.538461538461538;25;12;0.9230769230769231
C03368;0;4;902.43;637.95;0.916636193388961;0.22223891366610599;1;4.0;20;6;0.5454545454545454
C03369;1;3;3811.07;408.36666666666673;0.9166690719404261;1.6095201091294562;2;2.272727272727273;8;8;0.7272727272727273
C03370;1;7;3099.41;1090.757142857143;0.9166518789059853;1.2389066765798067;0;2.3636363636363638;25;2;0.18181818181818182
C03371;0;2;1208.44;1241.64;0.9166363245175598;0.5639642330452314;1;5.454545454545454;24;5;0.45454545454545453
C03372;0;2;1983.29;676.765;0.6110957046120336;0.6214638456814108;1;5.636363636363637;25;6;0.5454545454545454
C03373;1;0;4365.07;0.0;0.7500085909275225;2.588610297344419;1;11.222222222222221;23;9;1.0
C03374;1;3;3500.05;408.36666666666673;0.8999871430408136;2.4327189068212465;1;13.222222222222221;21;8;0.8888888888888888
C03376;0;3;1918.24;777.1466666666665;0.9166475519225956;0.5449963491517815;1;0.2727272727272727;2;2;0.18181818181818182
C03378;1;1;3691.1;740.3;0.9000000000000001;1.644252399937635;1;11.444444444444445;25;9;1.0
C03379;0;1;4213.28;304.52;0.3000014240686591;1.386846081177605;1;0.0;0;0;0.0
C03380;1;4;1205.23;371.325;0.41668395244061296;0.4314161351059184;0;6.2;24;3;0.6
C03381;0;1;1002.88;652.38;0.3889199106573069;0.22304710348800225;0;2.7142857142857144;16;3;0.42857142857142855
C03382;1;1;1571.56;277.79;0.8000203619333656;0.3215764111273672;1;8.25;26;4;0.5
C03383;0;1;1522.2;141.35;0.24998029168309024;0.4387413639547251;3;0.3333333333333333;2;1;0.16666666666666666
C03384;0;4;2278.42;1200.4825;0.5000043890064167;0.7407761434720976;0;6.777777777777778;18;7;0.7777777777777778
C03385;1;2;1692.58;1504.1;0.8333431802337261;0.4832159966197891;0;4.4;18;3;0.6
C03386;1;1;2167.29;866.88;0.91667935532393;1.2481872894289747;2;8.181818181818182;19;11;1.0
C03387;1;6;1233.8;855.5583333333333;0.5000162100826714;0.21265337568705583;0;5.0;26;2;0.3333333333333333
C03388;1;2;2748.35;1251.7;0.7222406170975313;0.658735523086363;2;5.0;24;6;0.46153846153846156
C03389;1;1;2503.66;775.89;0.70001118362717;1.7768425534934884;2;6.142857142857143;20;7;1.0
C03390;1;0;951.15;0.0;0.30001577038322036;0.2729675590044999;0;5.666666666666667;10;2;0.6666666666666666
C03391;0;2;1766.07;1123.3400000000001;0.583323424326329;0.6167629956870209;1;4.142857142857143;26;3;0.42857142857142855
C03392;0;2;1575.59;1323.02;0.9166724845930733;1.0761785719164514;0;0.6363636363636364;2;4;0.36363636363636365
C03393;0;3;3620.17;545.2566666666667;0.12499965471234775;2.135050336461055;0;0.3333333333333333;1;1;0.3333333333333333
C03394;0;1;4940.95;1036.87;0.833331646748095;1.8278760390809103;3;18.8;25;5;1.0
C03396;1;0;3373.57;0.0;0.8333308631509054;1.0706788918616128;3;16.2;25;5;1.0
C03397;0;5;1423.85;1014.55;0.20834357551708396;0.7751838805742627;2;4.2;18;3;0.6
C03398;0;1;1188.45;161.28;0.16667087382725398;0.5745051120295845;0;0.0;0;0;0.0
C03400;1;1;681.87;215.21;0.24998900083593648;0.19757475660639778;0;6.666666666666667;20;1;0.3333333333333333
